"gene_id","SYMBOL","width","signalValue","distanceToTSS","symbol_fisher","log2FC_6.8","padj_6.8","log2FC_16.18","padj_16.18"
"FBgn0036889","CG14100",443,60.9165039,0,"CG14100",-0.359533541,0.008418411,-0.664166064,0.000115485
"FBgn0038306","Art3",455,55.2461548,0,"Art3",-0.244147985,0.012036664,-0.532505474,7.3309e-08
"FBgn0022029","l(2)k01209",620,34.9274178,352,"l(2)k01209",-0.08100517,0.431731768,-0.540869207,8.75695e-08
"FBgn0002466","sti",353,32.8498573,0,"sti",-0.252496229,0.004706919,-0.494983058,0.026620165
"FBgn0040600","CG13631",411,32.6722107,-134,"CG13631",0.698740676,2.36962e-10,0.379283385,0.075583321
"FBgn0025781","Cdc16",361,32.0775604,0,"Cdc16",-0.261188766,0.01657532,-0.510426022,0.019056354
"FBgn0027338","Kap-alpha3",562,29.6296291,0,"Kap-alpha3",-0.313476021,0.004757966,-0.559131655,0.000513942
"FBgn0003275","Polr2F",243,29.1560688,0,"RpII18",-0.125063469,0.278336166,-0.603263616,0.000144539
"FBgn0030853","ND-24",329,28.2127666,0,"ND-24",-0.501245916,4.33644e-05,-1.322353806,7.93888e-35
"FBgn0029944","Dok",681,27.3759174,458,"Dok",-0.464136559,0.000366309,-0.653833779,0.004125584
"FBgn0010350","Cds",563,27.0817051,0,"Cds",-0.596635372,3.05474e-14,-1.166023944,3.09108e-43
"FBgn0033845","mars",315,25.8730164,-699,"mars",-0.325770624,0.007800453,-0.519023459,0.023704874
"FBgn0036522","Phs",371,25.6657677,0,"Phs",-0.249244593,0.01817126,-0.518577491,0.018623696
"FBgn0086711","mol",714,25.4467793,1321,"mol",-0.530885634,0.000159197,-0.019082925,0.909306474
"FBgn0034258","eIF3c",348,24.9870796,0,"eIF3c",-0.272994247,2.0261e-05,-0.59894835,1.06578e-11
"FBgn0015288","RpL22",441,24.9445438,0,"RpL22",-0.496679686,4.15875e-07,-0.637701793,3.7093e-08
"FBgn0041629","Hexo2",273,24.2161179,-86,"Hexo2",0.140297989,0.352558624,0.556989121,5.73327e-05
"FBgn0031661","Gmd",468,24.1816235,0,"Gmd",0.214630041,0.0636031,0.571354484,0.001028224
"FBgn0038296","Kpc1",811,22.8421707,0,"CG6752",-0.146176954,0.303999747,-0.826770111,1.39324e-08
"FBgn0032346","Csl4",311,21.6527328,0,"Csl4",-0.290585155,0.004701063,-0.541894821,7.46854e-05
"FBgn0016675","Lectin-galC1",570,20.617054,-446,"Lectin-galC1",-0.030042765,NA,0.58786733,0.006307216
