"gene_id","SYMBOL","trachea","sal_gland","cns_midline","in_bdgp","retained"
"FBgn0036889","CG14100","Y","N","N","Y","Y"
"FBgn0038306","Art3","Y","N","Y","N","Y"
"FBgn0022029","l(2)k01209","Y","N","N","Y","Y"
"FBgn0002466","sti","Y","N","N","Y","Y"
"FBgn0040600","CG13631","Y","N","N","Y","Y"
"FBgn0025781","Cdc16","Y","N","N","Y","Y"
"FBgn0027338","Kap-alpha3","Y","N","N","Y","Y"
"FBgn0003275","Polr2F","N","Y","N","Y","Y"
"FBgn0030853","ND-24","N","Y","N","Y","Y"
"FBgn0029944","Dok","N","Y","N","Y","Y"
"FBgn0010350","Cds","N","Y","N","Y","Y"
"FBgn0033845","mars","N","Y","N","Y","Y"
"FBgn0036522","Phs","N","Y","N","Y","Y"
"FBgn0086711","mol","N","N","Y","Y","Y"
"FBgn0034258","eIF3c","N","N","Y","Y","Y"
"FBgn0015288","RpL22","N","N","Y","Y","Y"
"FBgn0041629","Hexo2","N","N","Y","Y","Y"
"FBgn0031661","Gmd","N","Y","N","Y","Y"
"FBgn0038296","Kpc1","N","Y","N","Y","Y"
"FBgn0032346","Csl4","N","Y","N","Y","Y"
"FBgn0016675","Lectin-galC1","N","Y","N","Y","Y"
