path	bytes
.gitignore	388
01_chipseq_processing/alignment_qc/alignment_qc_dys.Rmd	8410
01_chipseq_processing/alignment_qc/alignment_qc_sim.Rmd	20774
01_chipseq_processing/alignment_qc/alignment_qc_sima.Rmd	8565
01_chipseq_processing/alignment_qc/alignment_qc_tgo.Rmd	36065
01_chipseq_processing/alignment_qc/alignment_qc_trh.Rmd	20740
01_chipseq_processing/alignment_qc/alignment_qc_twi_kr_stat92e.Rmd	15255
01_chipseq_processing/alignment_qc/alignment_qc_vvl_rib.Rmd	7108
01_chipseq_processing/alignment_qc/spp_cross_correlation_vvl_rib.sh	3076
01_chipseq_processing/macs3_threshold_comparison/threshold_comparison_dys.sh	6619
01_chipseq_processing/macs3_threshold_comparison/threshold_comparison_sim.sh	13421
01_chipseq_processing/macs3_threshold_comparison/threshold_comparison_sima.sh	4880
01_chipseq_processing/macs3_threshold_comparison/threshold_comparison_tgo.sh	28278
01_chipseq_processing/macs3_threshold_comparison/threshold_comparison_trh.sh	13690
01_chipseq_processing/peak_calling_idr/final_peak_set_sim.sh	1825
01_chipseq_processing/peak_calling_idr/final_peak_set_tgo.sh	1770
01_chipseq_processing/peak_calling_idr/final_peak_set_trh.sh	1586
01_chipseq_processing/peak_calling_idr/production_peaks_da.sh	7940
01_chipseq_processing/peak_calling_idr/production_peaks_dys.sh	7468
01_chipseq_processing/peak_calling_idr/production_peaks_sim.sh	5606
01_chipseq_processing/peak_calling_idr/production_peaks_sima.sh	6241
01_chipseq_processing/peak_calling_idr/production_peaks_tgo.sh	8899
01_chipseq_processing/peak_calling_idr/production_peaks_trh.sh	5915
01_chipseq_processing/peak_calling_idr/production_peaks_twi.sh	6435
01_chipseq_processing/peak_calling_idr/production_peaks_vvl_rib.sh	7458
01_chipseq_processing/pseudoreplicates/pseudoreplicate_idr_sim.sh	8074
01_chipseq_processing/pseudoreplicates/pseudoreplicate_idr_sima.sh	8828
01_chipseq_processing/pseudoreplicates/pseudoreplicate_idr_trh.sh	8507
02_motif_analysis/cme_masking_rediscovery.sh	6923
02_motif_analysis/concat_audit/00_ic_profile.R	3392
02_motif_analysis/concat_audit/01_streme_order_sweep.sh	2406
02_motif_analysis/concat_audit/02_split_scan_register.R	8941
02_motif_analysis/concat_audit/02b_register_sitelevel.R	7304
02_motif_analysis/concat_audit/03_core_only_OR_and_tomtom.R	12946
02_motif_analysis/concat_audit/04_verdict.R	7815
02_motif_analysis/concat_audit/05_reported_values.R	5979
02_motif_analysis/concat_audit/06_order_sweep_significance.R	2493
02_motif_analysis/concat_audit/RUN_ALL.sh	925
02_motif_analysis/cooccurrence/motif2_grh_confounds.R	4456
02_motif_analysis/cooccurrence/motif2_grh_direct_scan.R	6039
02_motif_analysis/cooccurrence/motif2_vs_gaga.R	6390
02_motif_analysis/icistarget/icistarget_all_heterodimers_summary.R	5571
02_motif_analysis/icistarget/icistarget_inputs_all_heterodimers.R	4294
02_motif_analysis/icistarget/icistarget_inputs_trh_tgo.R	3139
02_motif_analysis/icistarget/icistarget_job_provenance.R	6275
02_motif_analysis/icistarget/icistarget_nes_table.R	5909
02_motif_analysis/icistarget/icistarget_trh_tgo_screen.R	7713
02_motif_analysis/icistarget/icistarget_trh_tgo_summary.R	8525
02_motif_analysis/motif2_dm6_background.R	11321
02_motif_analysis/robustness/motif2_robustness_a_shuffled_null.R	6104
02_motif_analysis/robustness/motif2_robustness_b_heldout.R	8758
02_motif_analysis/robustness/motif2_robustness_c_halves.R	10124
02_motif_analysis/robustness/motif2_robustness_d_heldout_halfA_pwm.R	5231
02_motif_analysis/robustness/motif2_summit_centrality.R	2623
02_motif_analysis/robustness/motif2_summit_distances.R	4155
02_motif_analysis/verify_motif2_provenance.R	5637
02_motif_analysis/verify_streme_ranks.sh	2108
02_motif_analysis/verify_tomtom_worst_q.R	8354
03_enrichment_and_permutation/chipenrich/chipenrich_4x2.R	8441
03_enrichment_and_permutation/chipenrich/chipenrich_4x2.slurm	585
03_enrichment_and_permutation/chipenrich/chipenrich_trh_tgo.R	7042
03_enrichment_and_permutation/chipenrich/chipenrich_trh_tgo.slurm	589
03_enrichment_and_permutation/chipenrich/chipenrich_trh_tgo_distal_split.R	3394
03_enrichment_and_permutation/permutation_tests/perm_4x2.R	8173
03_enrichment_and_permutation/permutation_tests/perm_4x2.slurm	574
03_enrichment_and_permutation/permutation_tests/perm_enhancer_overlap.R	10628
03_enrichment_and_permutation/permutation_tests/perm_enhancer_overlap.slurm	953
03_enrichment_and_permutation/permutation_tests/perm_enhancers_tss_matched_all.R	7380
03_enrichment_and_permutation/permutation_tests/perm_enhancers_tss_matched_trh_tgo.R	6166
03_enrichment_and_permutation/permutation_tests/perm_enhancers_vienna_tiles.R	13009
03_enrichment_and_permutation/permutation_tests/perm_motif2_enhancer_null.R	6430
03_enrichment_and_permutation/permutation_tests/perm_motif2_enhancer_null.slurm	873
03_enrichment_and_permutation/permutation_tests/perm_overlap_heterodimers.R	4473
03_enrichment_and_permutation/permutation_tests/perm_overlap_heterodimers.slurm	604
03_enrichment_and_permutation/permutation_tests/perm_overlap_trh_tgo.R	3798
03_enrichment_and_permutation/permutation_tests/perm_overlap_trh_tgo.slurm	620
03_enrichment_and_permutation/permutation_tests/perm_overlap_trh_tgo_tss_matched.R	7599
03_enrichment_and_permutation/permutation_tests/perm_tissue_tss_proximity.R	4911
03_enrichment_and_permutation/permutation_tests/perm_tissue_tss_proximity.slurm	588
03_enrichment_and_permutation/permutation_tests/prepare_vienna_tiles_dm6.R	7148
04_chapter_analyses/build_chapter3_4_figures.R	1387
04_chapter_analyses/chapter1/fig1_2_bhlh_pas_architecture.R	9983
04_chapter_analyses/chapter2/dapple_spot_class_qc.R	5424
04_chapter_analyses/chapter2/dye_swap_orientation_check.R	2891
04_chapter_analyses/chapter3/ch3_ch4_reference_set_statistics.R	16015
04_chapter_analyses/chapter3/ch3_fig_cme_stratification.R	18224
04_chapter_analyses/chapter3/ch3_memechip_inventory.R	7227
04_chapter_analyses/chapter3/ch3_motif2_auroc.R	3214
04_chapter_analyses/chapter3/ch3_motif2_summit_annulus_stats.R	4664
04_chapter_analyses/chapter3/ch3_motif2_tagteam.R	5977
04_chapter_analyses/chapter3/ch3_occupancy_fold_enrichment.R	8433
04_chapter_analyses/chapter3/ch3_peak_annotation_counts.R	9374
04_chapter_analyses/chapter3/ch3_tab_motif2_gaga.R	6792
04_chapter_analyses/chapter3/ch3_tab_motif2_regression.R	3058
04_chapter_analyses/chapter3/ch3_threshold_sensitivity_values.R	3899
04_chapter_analyses/chapter3/ch3_tissue_enrichment_length_matched.R	5034
04_chapter_analyses/chapter3_4_figures.Rmd	88117
04_chapter_analyses/chapter3_trh_tgo_binding.Rmd	156686
04_chapter_analyses/chapter4/ch4_cme_composition_null.R	4872
04_chapter_analyses/chapter4/ch4_cme_occurrence.R	8033
04_chapter_analyses/chapter4/ch4_ctrl_motif2_panel.R	11106
04_chapter_analyses/chapter4/ch4_ctrl_motif2_symmetric.R	9321
04_chapter_analyses/chapter4/ch4_da_motif2.R	4700
04_chapter_analyses/chapter4/ch4_exclusive_peak_discovery.R	6077
04_chapter_analyses/chapter4/ch4_fig_concat_audit.R	19900
04_chapter_analyses/chapter4/ch4_motif2_attribution.R	8152
04_chapter_analyses/chapter4/ch4_motif2_nonenh_baseline.R	7770
04_chapter_analyses/chapter4/ch4_singlefactor_motif2.R	15192
04_chapter_analyses/chapter4/ch4_specificity_test.R	11623
04_chapter_analyses/chapter4/ch4_tissue_enrichment_length_matched_4x2.R	6957
04_chapter_analyses/chapter4/ch4_vienna_tiles_summary.R	5916
04_chapter_analyses/chapter4/ch4_vvl_trh_cooccupancy_test.R	6749
04_chapter_analyses/chapter4_control_factors.Rmd	19438
04_chapter_analyses/chapter4_heterodimer_comparison.Rmd	134372
04_chapter_analyses/chapter5/ch5_microarray_stage_counts.R	3881
04_chapter_analyses/chapter5/ch5_rule_on_control_factors.R	6701
04_chapter_analyses/chapter5_direct_targets.Rmd	120559
04_chapter_analyses/chapter7/histone_marks_1_build_matrix.R	7725
04_chapter_analyses/chapter7/histone_marks_2_did_test.R	4560
04_chapter_analyses/chapter7/histone_marks_3_control_power.R	8222
04_chapter_analyses/chapter7/histone_marks_4_summary.R	10009
05_structural_models/models/dysf_tgo_seed777_job_request.json	1326
05_structural_models/models/dysf_tgo_seed777_model_0.cif	606023
05_structural_models/models/dysf_tgo_seed777_summary_confidences_0.json	630
05_structural_models/models/sim_tgo_seed999_job_request.json	1308
05_structural_models/models/sim_tgo_seed999_model_0.cif	599805
05_structural_models/models/sim_tgo_seed999_summary_confidences_0.json	631
05_structural_models/models/sima_tgo_seed42_job_request.json	1353
05_structural_models/models/sima_tgo_seed42_model_0.cif	632143
05_structural_models/models/sima_tgo_seed42_summary_confidences_0.json	629
05_structural_models/models/trh_tgo_seed456_job_request.json	1372
05_structural_models/models/trh_tgo_seed456_model_0.cif	630289
05_structural_models/models/trh_tgo_seed456_summary_confidences_0.json	625
05_structural_models/render_af3_models.cxc	6376
README.md	16916
data/README.md	3108
data/chapter1/fig1_bhlh_pas_architecture_raw.png	579079
data/chapter3/CME_negative_joint_peaks_filt.bed	9766
data/chapter3/CME_negative_sequences.fa	178821
data/chapter3/CME_positive_joint_peaks_filt.bed	4249
data/chapter3/CME_positive_sequences.fa	86109
data/chapter3/Dys_Tgo_joint_annotated.csv	88373
data/chapter3/STRCACTGARARAAA.meme	1248
data/chapter3/Sim_Tgo_joint_annotated.csv	37308
data/chapter3/Sima_Tgo_joint_annotated.csv	31201
data/chapter3/Trh_Tgo_joint_annotated.csv	64797
data/chapter3/Trh_Tgo_joint_peaks.bed	22503
data/chapter3/Trh_Tgo_joint_peaks_filt.bed	21889
data/chapter3/Trh_Tgo_joint_peaks_filt_hardmasked.fa	265038
data/chapter3/Trh_Tgo_joint_peaks_filt_raw.fa	265038
data/chapter3/Trh_Tgo_joint_peaks_filt_repeatmasked.fa	262142
data/chapter3/Trh_Tgo_joint_peaks_filt_repeatmasked_streme/sequences.tsv	81182
data/chapter3/Trh_Tgo_joint_peaks_filt_repeatmasked_streme/streme.txt	12096
data/chapter3/Trh_Tgo_joint_peaks_native_width_for_MEME_ChIP.bed	25573
data/chapter3/chipenrich_ch3.rds	193316
data/chapter3/chipenrich_ch3_GOBP_sig.csv	1220
data/chapter3/chipenrich_ch3_custom.csv	3558
data/chapter3/chipenrich_ch3_custom_fet.csv	3454
data/chapter3/chipenrich_ch3_distalsplit.rds	241704
data/chapter3/chipenrich_robustness_comparison.csv	240
data/chapter3/fimo_enhancers_genomewide/fimo.tsv	1308299
data/chapter3/fimo_enhancers_genomewide/fimo.xml	2526
data/chapter3/fimo_joint/fimo.tsv	30912
data/chapter3/fimo_joint/fimo.xml	2462
data/chapter3/fimo_joint/meme.txt	2919
data/chapter3/fimo_tgo_unique/fimo.tsv	43483
data/chapter3/fimo_tgo_unique/fimo.xml	2482
data/chapter3/fimo_trh_unique/fimo.tsv	21403
data/chapter3/fimo_trh_unique/fimo.xml	2482
data/chapter3/geneset_tracheal_vs_complement.tsv	734969
data/chapter3/genesets_tracheal_vs_complement.tsv	734969
data/chapter3/histone_marks_absolute.csv	2355
data/chapter3/histone_marks_control_power.csv	564
data/chapter3/histone_marks_control_power.rds	2740
data/chapter3/histone_marks_did.csv	1171
data/chapter3/histone_marks_did.rds	192197
data/chapter3/histone_marks_mde.csv	241
data/chapter3/histone_marks_pooled_scope.csv	110
data/chapter3/joint.fa	265038
data/chapter3/joint_peaks_filt.rds	11162
data/chapter3/long2014_motifs.meme	3637
data/chapter3/memechip_Trh_Tgo_masked/Trh_Tgo_joint_peaks_filt_repeatmasked.fa	262142
data/chapter3/memechip_Trh_Tgo_masked/background	255
data/chapter3/memechip_Trh_Tgo_masked/centrimo_out/centrimo.tsv	759
data/chapter3/memechip_Trh_Tgo_masked/fimo_out_1/fimo.tsv	116134
data/chapter3/memechip_Trh_Tgo_masked/fimo_out_1/fimo.xml	3834
data/chapter3/memechip_Trh_Tgo_masked/fimo_out_2/fimo.tsv	31826
data/chapter3/memechip_Trh_Tgo_masked/fimo_out_2/fimo.xml	3806
data/chapter3/memechip_Trh_Tgo_masked/fimo_out_3/fimo.tsv	495
data/chapter3/memechip_Trh_Tgo_masked/fimo_out_3/fimo.xml	3442
data/chapter3/memechip_Trh_Tgo_masked/meme_out/meme.txt	192537
data/chapter3/memechip_Trh_Tgo_masked/meme_out/meme.xml	542256
data/chapter3/memechip_Trh_Tgo_masked/meme_tomtom_out/tomtom.tsv	3797
data/chapter3/memechip_Trh_Tgo_masked/streme_out/sequences.tsv	60325
data/chapter3/memechip_Trh_Tgo_masked/streme_out/streme.txt	4967
data/chapter3/memechip_Trh_Tgo_masked/streme_tomtom_out/tomtom.tsv	1780
data/chapter3/memechip_Trh_Tgo_masked/summary.tsv	948
data/chapter3/motif2_specificity_results.csv	115
data/chapter3/motif2_specificity_results_hexamer.csv	115
data/chapter3/perm_cme.rds	10417
data/chapter3/perm_cme_summary.csv	171
data/chapter3/perm_enhancers_distmatched.csv	753
data/chapter3/perm_enhancers_distmatched.rds	38068
data/chapter3/perm_enhancers_trh_tgo.rds	18185
data/chapter3/perm_enhancers_trh_tgo_summary.csv	273
data/chapter3/perm_enhancers_vt_trh_tgo.csv	1227
data/chapter3/perm_motif2_enh_or.rds	5361
data/chapter3/perm_overlap_trh_tgo.rds	3218
data/chapter3/perm_overlap_trh_tgo_summary.csv	136
data/chapter3/perm_results_table_filt.csv	262
data/chapter3/perm_trhtgo_tssmatched.csv	294
data/chapter3/perm_trhtgo_tssmatched.rds	4771
data/chapter3/test1_regression_binding.rds	304203
data/chapter3/test3_phylop_conservation.rds	5940
data/chapter3/tgo_unique.fa	419794
data/chapter3/threshold_sensitivity_and_accessibility.rds	350735
data/chapter3/trh_joint_macs3_fe.csv	27140
data/chapter3/trh_tgo_peaks_vs_ts_sg_overlap_genes.csv	1379
data/chapter3/trh_unique.fa	203823
data/chapter4/CME_negative_joint_peaks_filt.bed	9766
data/chapter4/CME_negative_sequences.fa	178821
data/chapter4/CME_positive_joint_peaks_filt.bed	4249
data/chapter4/CME_positive_sequences.fa	86109
data/chapter4/Dys_Tgo_joint_annotated.csv	88373
data/chapter4/Dys_Tgo_joint_peaks_filt.bed	31086
data/chapter4/Dys_Tgo_joint_peaks_filt.fa	408091
data/chapter4/Dys_Tgo_joint_peaks_filt_repeatmasked.fa	403602
data/chapter4/Dys_Tgo_joint_peaks_filt_repeatmasked_streme/sequences.tsv	181742
data/chapter4/Dys_Tgo_joint_peaks_filt_repeatmasked_streme/streme.txt	15705
data/chapter4/Dys_Tgo_peaks.bed	31086
data/chapter4/Sim_Tgo_joint_annotated.csv	37308
data/chapter4/Sim_Tgo_joint_peaks_filt.bed	12591
data/chapter4/Sim_Tgo_joint_peaks_filt.fa	144000
data/chapter4/Sim_Tgo_joint_peaks_filt_repeatmasked.fa	142451
data/chapter4/Sim_Tgo_joint_peaks_filt_repeatmasked_streme/sequences.tsv	33873
data/chapter4/Sim_Tgo_joint_peaks_filt_repeatmasked_streme/streme.txt	6328
data/chapter4/Sim_Tgo_peaks.bed	12591
data/chapter4/Sima_Tgo_joint_annotated.csv	31201
data/chapter4/Sima_Tgo_joint_peaks_filt.bed	10485
data/chapter4/Sima_Tgo_joint_peaks_filt.fa	134045
data/chapter4/Sima_Tgo_joint_peaks_filt_repeatmasked.fa	132577
data/chapter4/Sima_Tgo_joint_peaks_filt_repeatmasked_streme/sequences.tsv	24192
data/chapter4/Sima_Tgo_joint_peaks_filt_repeatmasked_streme/streme.txt	6746
data/chapter4/Sima_Tgo_peaks.bed	10485
data/chapter4/Trh_Tgo_joint_annotated.csv	62946
data/chapter4/Trh_Tgo_joint_peaks.bed	31099
data/chapter4/Trh_Tgo_joint_peaks_filt_raw.fa	265038
data/chapter4/Trh_Tgo_joint_peaks_native_width_for_MEME_ChIP.bed	25573
data/chapter4/Trh_Tgo_peaks.bed	21889
data/chapter4/chipenrich_4x2.rds	5933
data/chapter4/chipenrich_4x2_summary.csv	682
data/chapter4/chipenrich_dys_tgo_GOBP.csv	4266
data/chapter4/chipenrich_dys_tgo_GOCC.csv	177
data/chapter4/chipenrich_dys_tgo_GOMF.csv	177
data/chapter4/chipenrich_dys_tgo_reactome.csv	177
data/chapter4/chipenrich_robustness_comparison.csv	240
data/chapter4/chipenrich_sim_tgo_GOBP.csv	1600
data/chapter4/chipenrich_sim_tgo_GOCC.csv	2028
data/chapter4/chipenrich_sim_tgo_GOMF.csv	501
data/chapter4/chipenrich_sim_tgo_reactome.csv	2809
data/chapter4/chipenrich_sima_tgo_GOBP.csv	1956
data/chapter4/chipenrich_sima_tgo_GOCC.csv	2142
data/chapter4/chipenrich_sima_tgo_GOMF.csv	679
data/chapter4/chipenrich_sima_tgo_reactome.csv	3442
data/chapter4/cme_composition_null/cme_composition_null.csv	499
data/chapter4/dys_discovered.meme	1248
data/chapter4/exclusive_peak_discovery/Dys_exclusive_streme/sequences.tsv	35254
data/chapter4/exclusive_peak_discovery/Dys_exclusive_streme/streme.txt	6775
data/chapter4/exclusive_peak_discovery/Trh_exclusive_streme/sequences.tsv	4782
data/chapter4/exclusive_peak_discovery/Trh_exclusive_streme/streme.txt	4061
data/chapter4/exclusive_peak_discovery/exclusive_peak_discovery.csv	292
data/chapter4/fimo_Dys_Tgo/fimo.tsv	47470
data/chapter4/fimo_Dys_Tgo/fimo.xml	2600
data/chapter4/fimo_Sim_Tgo/fimo.tsv	20950
data/chapter4/fimo_Sim_Tgo/fimo.xml	2600
data/chapter4/fimo_Sima_Tgo/fimo.tsv	16289
data/chapter4/fimo_Sima_Tgo/fimo.xml	2604
data/chapter4/geneset_cns_vs_complement.tsv	815029
data/chapter4/geneset_tracheal_vs_complement.tsv	795863
data/chapter4/genesets_4x2_tissue.tsv	49530
data/chapter4/genesets_tracheal_vs_complement.tsv	734969
data/chapter4/joint_peaks_filt.rds	11162
data/chapter4/lenmatch_4x2/lenmatch_4x2_5000.csv	1031
data/chapter4/motif2_4way_masked.meme	3537
data/chapter4/motif2_diagnostic/cme.meme	293
data/chapter4/motif2_diagnostic/cme_positions.bed	4484
data/chapter4/motif2_diagnostic/fimo_cme/fimo.tsv	15188
data/chapter4/motif2_diagnostic/fimo_cme/fimo.xml	2577
data/chapter4/motif2_diagnostic/peaks_masked.fa	265038
data/chapter4/motif2_diagnostic/streme_masked/sequences.tsv	78901
data/chapter4/motif2_diagnostic/streme_masked/streme.txt	9002
data/chapter4/motif2_diagnostic/tomtom_vs_motif2/tomtom.tsv	681
data/chapter4/overlap_Dys_Tgo_vs_CNS___Midline.csv	587
data/chapter4/overlap_Dys_Tgo_vs_Tracheal___SG.csv	1643
data/chapter4/overlap_Sim_Tgo_vs_CNS___Midline.csv	419
data/chapter4/overlap_Sim_Tgo_vs_Tracheal___SG.csv	719
data/chapter4/overlap_Sima_Tgo_vs_CNS___Midline.csv	287
data/chapter4/overlap_Sima_Tgo_vs_Tracheal___SG.csv	695
data/chapter4/overlap_Trh_Tgo_vs_CNS___Midline.csv	611
data/chapter4/overlap_Trh_Tgo_vs_Tracheal___SG.csv	1379
data/chapter4/perm_4x2.rds	32311
data/chapter4/perm_4x2_summary.csv	646
data/chapter4/perm_enhancers.rds	81331
data/chapter4/perm_enhancers_distmatched_all.csv	2923
data/chapter4/perm_enhancers_distmatched_all.rds	1314
data/chapter4/perm_enhancers_summary.csv	866
data/chapter4/perm_enhancers_vt.rds	235799
data/chapter4/perm_enhancers_vt_summary.csv	4544
data/chapter4/perm_overlaps.rds	3242
data/chapter4/perm_overlaps_summary.csv	284
data/chapter4/sim_discovered.meme	1248
data/chapter4/sima_discovered.meme	1249
data/chapter4/table4_10_motif2_occurrence.csv	159
data/chapter4/table4_11_motif2_pairwise_fisher.csv	162
data/chapter4/table4_12_motif2_context.csv	389
data/chapter4/table4_1_per_chromosome_distribution.csv	304
data/chapter4/table4_3_enhancer_overlap_summary.csv	188
data/chapter4/table4_5_hypergeometric_4x2_matrix.csv	898
data/chapter4/table4_6_combined_4x2_summary.csv	997
data/chapter4/table4_7_regulatory_classification.csv	921
data/chapter4/table4_8_CME_occurrence.csv	154
data/chapter4/table4_8b_CME_vs_Trh_fisher.csv	330
data/chapter4/table4_9_CME_enhancer_context.csv	339
data/chapter4/table4_ctrl_motif2_frequency.csv	526
data/chapter4/table4_da_motif2.csv	185
data/chapter4/table4_interaction_pairwise.csv	323
data/chapter4/table4_peakmatched_ranking.csv	238
data/chapter4/table4_singlefactor_motif2.csv	792
data/chapter4/table4_specificity_disjoint.csv	612
data/chapter4/table4_vvl_trh_cooccupancy.csv	145
data/chapter4/tomtom_motif2_4way/tomtom.tsv	1921
data/chapter4/trh_tgo_peaks_vs_ts_sg_overlap_genes.csv	1379
data/chapter4/vt_tile_conditional_fisher.csv	2069
data/chapter5/21gene_tissue_annotation.csv	629
data/chapter5/Fisher_combined_DEGs.csv	11214
data/chapter5/R11.vsn.limma.fdr.txt.gz	2459728
data/chapter5/R12.vsn.limma.fdr.txt.gz	2455293
data/chapter5/R13.vsn.limma.fdr.txt.gz	2468426
data/chapter5/R14.vsn.limma.fdr.txt.gz	2456977
data/chapter5/R15.vsn.limma.fdr.txt.gz	2450443
data/chapter5/chung_distal_proximal_enrichment.csv	490
data/chapter5/chung_fisher_highconf_targets.csv	758
data/chapter5/chung_universe_robustness.csv	179
data/chapter5/cluster_dendrogram_raw.png	23175
data/chapter5/ctrl_rule_benchmark/ch5_rule_on_control_factors.csv	1456
data/chapter5/ctrl_rule_benchmark/trh_candidates_bound_by_controls.csv	363
data/chapter5/direct_targets_TrhTgo.csv	301
data/chapter5/direct_targets_Trh_Rib_overlap.csv	35
data/chapter5/direct_targets_three_way_overlap.csv	35
data/chapter5/direct_targets_with_intensity_and_fc.csv	2167
data/chapter5/microarray_qc_images/R11.vsn.Limma.fdr.png	6108
data/chapter5/microarray_qc_images/R11.vsn.MAplots-p1.png	29011
data/chapter5/microarray_qc_images/R11.vsn.Sample-Boxplot.png	14076
data/chapter5/microarray_qc_images/R11.vsn.stdev_vs_mean.png	38406
data/chapter5/microarray_qc_images/R12.vsn.Limma.fdr.png	7116
data/chapter5/microarray_qc_images/R12.vsn.MAplots-p1.png	31564
data/chapter5/microarray_qc_images/R12.vsn.Sample-Boxplot.png	14201
data/chapter5/microarray_qc_images/R12.vsn.stdev_vs_mean.png	49592
data/chapter5/microarray_qc_images/R13.vsn.Limma.fdr.png	13174
data/chapter5/microarray_qc_images/R13.vsn.MAplots-p1.png	27580
data/chapter5/microarray_qc_images/R13.vsn.Sample-Boxplot.png	14627
data/chapter5/microarray_qc_images/R13.vsn.stdev_vs_mean.png	50717
data/chapter5/microarray_qc_images/R14.vsn.Limma.fdr.png	7927
data/chapter5/microarray_qc_images/R14.vsn.MAplots-p1.png	30841
data/chapter5/microarray_qc_images/R14.vsn.Sample-Boxplot.png	14203
data/chapter5/microarray_qc_images/R14.vsn.stdev_vs_mean.png	54839
data/chapter5/microarray_qc_images/R15.vsn.Limma.fdr.png	6807
data/chapter5/microarray_qc_images/R15.vsn.MAplots-p1.png	30110
data/chapter5/microarray_qc_images/R15.vsn.Sample-Boxplot.png	14256
data/chapter5/microarray_qc_images/R15.vsn.stdev_vs_mean.png	44890
data/chapter5/microarray_validated_st13.csv	247
data/chapter5/microarray_validated_st14.csv	355
data/chapter5/rib-ts-sg-direct-targets-complete.csv	3540
data/chapter5/rt-qpcr_raw.csv	4051
data/chapter5/st11_validation_unstacked.csv	527
data/chapter5/st12_validation_unstacked.csv	530
data/chapter5/st13_validation_unstacked.csv	531
data/chapter5/st14_validation_unstacked.csv	537
data/chapter5/st15_validation_unstacked.csv	532
data/chapter5/tissue_filtered_21to21.csv	964
data/chapter5/trh_qpcr_recomputed.xlsx	14862
data/chapter5/trh_tgo_peak_nearest_gene.rds	10062
data/ctrl_tf/fimo/DA_motif2/fimo.tsv	8003
data/ctrl_tf/fimo/DA_motif2/fimo.xml	2590
data/ctrl_tf/fimo/RIB_motif2/fimo.tsv	3342
data/ctrl_tf/fimo/RIB_motif2/fimo.xml	2595
data/ctrl_tf/fimo/TRH_motif2/fimo.tsv	9269
data/ctrl_tf/fimo/TRH_motif2/fimo.xml	2594
data/ctrl_tf/fimo/TWI_motif2/fimo.tsv	36394
data/ctrl_tf/fimo/TWI_motif2/fimo.xml	2597
data/ctrl_tf/fimo/VVL_motif2/fimo.tsv	10837
data/ctrl_tf/fimo/VVL_motif2/fimo.xml	2595
data/ctrl_tf/fimo/input_fastas/DA_enh_summits_200bp.bed	8249
data/ctrl_tf/fimo/input_fastas/DA_enh_summits_200bp.fa	56652
data/ctrl_tf/fimo/input_fastas/RIB_enh_summits_200bp.bed	4294
data/ctrl_tf/fimo/input_fastas/RIB_enh_summits_200bp.fa	29148
data/ctrl_tf/fimo/input_fastas/TRH_enh_summits_200bp.fa	36396
data/ctrl_tf/fimo/input_fastas/TWI_enh_summits_200bp.bed	61374
data/ctrl_tf/fimo/input_fastas/TWI_enh_summits_200bp.fa	401889
data/ctrl_tf/fimo/input_fastas/VVL_enh_summits_200bp.bed	8063
data/ctrl_tf/fimo/input_fastas/VVL_enh_summits_200bp.fa	54588
data/ctrl_tf/fimo/input_fastas/matched_bg_200bp.bed	18218
data/ctrl_tf/fimo/input_fastas/matched_bg_200bp.fa	128832
data/ctrl_tf/fimo/matched_bg_motif2/fimo.tsv	5151
data/ctrl_tf/fimo/matched_bg_motif2/fimo.xml	2600
data/ctrl_tf/symmetric/ctrl_symmetric_motif2.csv	2769
data/final_peaks/DA_IDR0.05.final.narrowPeak	117953
data/final_peaks/DYS_IDR0.05.clean.narrowPeak	66798
data/final_peaks/DYS_IDR0.05.final.narrowPeak	66798
data/final_peaks/DYS_IDR_consensus.bed	30699
data/final_peaks/DYS_IDR_consensus.sorted.bed	30699
data/final_peaks/DYS_IDR_with_signal.txt	41296
data/final_peaks/RIB_IDR0.05.final.narrowPeak	61193
data/final_peaks/SIMA_IDR0.05.clean.narrowPeak	23121
data/final_peaks/SIMA_IDR0.05.final.narrowPeak	23121
data/final_peaks/SIMA_IDR_consensus.bed	9981
data/final_peaks/SIMA_IDR_with_signal.txt	14799
data/final_peaks/SIM_IDR0.05.clean.narrowPeak	33660
data/final_peaks/SIM_IDR0.05.final.narrowPeak	33660
data/final_peaks/SIM_IDR_consensus.bed	13364
data/final_peaks/SIM_IDR_with_signal.txt	19859
data/final_peaks/TGO_IDR0.05.clean.narrowPeak	76174
data/final_peaks/TGO_IDR0.05.final.narrowPeak	76174
data/final_peaks/TGO_IDR_consensus.bed	32084
data/final_peaks/TGO_IDR_consensus.sorted.bed	32084
data/final_peaks/TGO_IDR_with_signal.txt	43141
data/final_peaks/TRH_IDR0.05.clean.narrowPeak	59308
data/final_peaks/TRH_IDR0.05.final.narrowPeak	59308
data/final_peaks/TRH_IDR_consensus.bed	23621
data/final_peaks/TRH_IDR_with_signal.txt	34984
data/final_peaks/TRH_rep1_summits.bed	309659
data/final_peaks/TRH_rep2_summits.bed	176569
data/final_peaks/TWI_IDR0.05.final.narrowPeak	529967
data/final_peaks/VVL_IDR0.05.final.narrowPeak	109893
data/icistarget/all_heterodimers/Dys_Tgo_m2neg/icistarget/PWMs/transfac_pro__M02790.targets.html	5761
data/icistarget/all_heterodimers/Dys_Tgo_m2neg/icistarget/input_mapped_to_icistarget_regions.bed	74159
data/icistarget/all_heterodimers/Dys_Tgo_m2neg/icistarget/motifs.cb	93778
data/icistarget/all_heterodimers/Dys_Tgo_m2neg/icistarget/query.id.txt	25872
data/icistarget/all_heterodimers/Dys_Tgo_m2neg/icistarget/statistics.tbl.gz	1224462
data/icistarget/all_heterodimers/Dys_Tgo_m2neg/icistarget_289.meme	221155
data/icistarget/all_heterodimers/Dys_Tgo_m2neg/icistarget_pioneer_enrichment.tsv	308
data/icistarget/all_heterodimers/Dys_Tgo_m2neg/icistarget_top40_significant.tsv	1997
data/icistarget/all_heterodimers/Dys_Tgo_m2neg/tt_icis_near/tomtom.tsv	4425
data/icistarget/all_heterodimers/Dys_Tgo_m2neg/tt_icis_q05/tomtom.tsv	521
data/icistarget/all_heterodimers/Dys_Tgo_m2pos/icistarget/PWMs/cisbp__M0770.targets.html	4820
data/icistarget/all_heterodimers/Dys_Tgo_m2pos/icistarget/input_mapped_to_icistarget_regions.bed	39818
data/icistarget/all_heterodimers/Dys_Tgo_m2pos/icistarget/motifs.cb	23232
data/icistarget/all_heterodimers/Dys_Tgo_m2pos/icistarget/query.id.txt	13941
data/icistarget/all_heterodimers/Dys_Tgo_m2pos/icistarget/statistics.tbl.gz	915262
data/icistarget/all_heterodimers/Dys_Tgo_m2pos/icistarget_289.meme	76258
data/icistarget/all_heterodimers/Dys_Tgo_m2pos/icistarget_pioneer_enrichment.tsv	337
data/icistarget/all_heterodimers/Dys_Tgo_m2pos/icistarget_top40_significant.tsv	1768
data/icistarget/all_heterodimers/Dys_Tgo_m2pos/tt_icis_near/tomtom.tsv	3326
data/icistarget/all_heterodimers/Dys_Tgo_m2pos/tt_icis_q05/tomtom.tsv	635
data/icistarget/all_heterodimers/Dys_Tgo_motif2_negative_icistarget.bed	27157
data/icistarget/all_heterodimers/Dys_Tgo_motif2_positive_icistarget.bed	12737
data/icistarget/all_heterodimers/Sim_Tgo_m2neg/icistarget/PWMs/taipale_cyt_meth__ONECUT2_NTATCGATCGRN_FL.targets.html	4222
data/icistarget/all_heterodimers/Sim_Tgo_m2neg/icistarget/input_mapped_to_icistarget_regions.bed	27816
data/icistarget/all_heterodimers/Sim_Tgo_m2neg/icistarget/motifs.cb	45693
data/icistarget/all_heterodimers/Sim_Tgo_m2neg/icistarget/query.id.txt	9654
data/icistarget/all_heterodimers/Sim_Tgo_m2neg/icistarget/statistics.tbl.gz	955623
data/icistarget/all_heterodimers/Sim_Tgo_m2neg/icistarget_289.meme	151353
data/icistarget/all_heterodimers/Sim_Tgo_m2neg/icistarget_pioneer_enrichment.tsv	321
data/icistarget/all_heterodimers/Sim_Tgo_m2neg/icistarget_top40_significant.tsv	1982
data/icistarget/all_heterodimers/Sim_Tgo_m2neg/tt_icis_near/tomtom.tsv	3285
data/icistarget/all_heterodimers/Sim_Tgo_m2neg/tt_icis_q05/tomtom.tsv	521
data/icistarget/all_heterodimers/Sim_Tgo_m2pos/icistarget/PWMs/cisbp__M0275.targets.html	3569
data/icistarget/all_heterodimers/Sim_Tgo_m2pos/icistarget/input_mapped_to_icistarget_regions.bed	16292
data/icistarget/all_heterodimers/Sim_Tgo_m2pos/icistarget/motifs.cb	34606
data/icistarget/all_heterodimers/Sim_Tgo_m2pos/icistarget/query.id.txt	5704
data/icistarget/all_heterodimers/Sim_Tgo_m2pos/icistarget/statistics.tbl.gz	846338
data/icistarget/all_heterodimers/Sim_Tgo_m2pos/icistarget_289.meme	106923
data/icistarget/all_heterodimers/Sim_Tgo_m2pos/icistarget_pioneer_enrichment.tsv	322
data/icistarget/all_heterodimers/Sim_Tgo_m2pos/icistarget_top40_significant.tsv	1926
data/icistarget/all_heterodimers/Sim_Tgo_m2pos/tt_icis_near/tomtom.tsv	4545
data/icistarget/all_heterodimers/Sim_Tgo_m2pos/tt_icis_q05/tomtom.tsv	521
data/icistarget/all_heterodimers/Sim_Tgo_motif2_negative_icistarget.bed	10755
data/icistarget/all_heterodimers/Sim_Tgo_motif2_positive_icistarget.bed	5494
data/icistarget/all_heterodimers/Sima_Tgo_m2neg/icistarget/PWMs/flyfactorsurvey__jim_SANGER_2.5_FBgn0027339.targets.html	4240
data/icistarget/all_heterodimers/Sima_Tgo_m2neg/icistarget/input_mapped_to_icistarget_regions.bed	24429
data/icistarget/all_heterodimers/Sima_Tgo_m2neg/icistarget/motifs.cb	60978
data/icistarget/all_heterodimers/Sima_Tgo_m2neg/icistarget/query.id.txt	8418
data/icistarget/all_heterodimers/Sima_Tgo_m2neg/icistarget/statistics.tbl.gz	950338
data/icistarget/all_heterodimers/Sima_Tgo_m2neg/icistarget_289.meme	177775
data/icistarget/all_heterodimers/Sima_Tgo_m2neg/icistarget_pioneer_enrichment.tsv	312
data/icistarget/all_heterodimers/Sima_Tgo_m2neg/icistarget_top40_significant.tsv	2013
data/icistarget/all_heterodimers/Sima_Tgo_m2neg/tt_icis_near/tomtom.tsv	5240
data/icistarget/all_heterodimers/Sima_Tgo_m2neg/tt_icis_q05/tomtom.tsv	523
data/icistarget/all_heterodimers/Sima_Tgo_m2pos/icistarget/PWMs/cisbp__M1553.targets.html	3576
data/icistarget/all_heterodimers/Sima_Tgo_m2pos/icistarget/input_mapped_to_icistarget_regions.bed	13480
data/icistarget/all_heterodimers/Sima_Tgo_m2pos/icistarget/motifs.cb	45580
data/icistarget/all_heterodimers/Sima_Tgo_m2pos/icistarget/query.id.txt	4672
data/icistarget/all_heterodimers/Sima_Tgo_m2pos/icistarget/statistics.tbl.gz	841337
data/icistarget/all_heterodimers/Sima_Tgo_m2pos/icistarget_289.meme	143867
data/icistarget/all_heterodimers/Sima_Tgo_m2pos/icistarget_pioneer_enrichment.tsv	332
data/icistarget/all_heterodimers/Sima_Tgo_m2pos/icistarget_top40_significant.tsv	1841
data/icistarget/all_heterodimers/Sima_Tgo_m2pos/tt_icis_near/tomtom.tsv	3246
data/icistarget/all_heterodimers/Sima_Tgo_m2pos/tt_icis_q05/tomtom.tsv	523
data/icistarget/all_heterodimers/Sima_Tgo_motif2_negative_icistarget.bed	9447
data/icistarget/all_heterodimers/Sima_Tgo_motif2_positive_icistarget.bed	4402
data/icistarget/all_heterodimers/Trh_Tgo_motif2_negative_icistarget.bed	19989
data/icistarget/all_heterodimers/Trh_Tgo_motif2_positive_icistarget.bed	8148
data/icistarget/all_heterodimers/fourway_coenrichment.tsv	302
data/icistarget/all_heterodimers/fourway_pos_neg_coenrichment.tsv	336
data/icistarget/all_heterodimers/input_set_summary.tsv	173
data/icistarget/trh_tgo/icistarget/input_mapped_to_icistarget_regions.bed	73735
data/icistarget/trh_tgo/icistarget/motifs.cb	47713
data/icistarget/trh_tgo/icistarget/statistics.tbl.gz	1294937
data/icistarget/trh_tgo/icistarget_289.meme	150199
data/icistarget/trh_tgo/icistarget_motif2_summary.tsv	585
data/icistarget/trh_tgo/icistarget_pioneer_enrichment.tsv	307
data/icistarget/trh_tgo/icistarget_top40_significant.tsv	1958
data/icistarget/trh_tgo/motif2_negative_peaks_icistarget.bed	16065
data/icistarget/trh_tgo/motif2_positive_peaks_icistarget.bed	6546
data/icistarget/trh_tgo/tt_icis_near/tomtom.tsv	2637
data/icistarget/trh_tgo/tt_icis_q05/tomtom.tsv	475
data/icistarget/trh_tgo_motif2_negative/icistarget/PWMs/cisbp__M0617.targets.html	6123
data/icistarget/trh_tgo_motif2_negative/icistarget/input_mapped_to_icistarget_regions.bed	46900
data/icistarget/trh_tgo_motif2_negative/icistarget/motifs.cb	45958
data/icistarget/trh_tgo_motif2_negative/icistarget/query.id.txt	18038
data/icistarget/trh_tgo_motif2_negative/icistarget/statistics.tbl.gz	1134490
data/icistarget/trh_tgo_motif2_negative/icistarget_289.meme	144922
data/icistarget/trh_tgo_motif2_negative/icistarget_pioneer_enrichment.tsv	301
data/icistarget/trh_tgo_motif2_negative/icistarget_top40_significant.tsv	1971
data/icistarget/trh_tgo_motif2_negative/tt_icis_near/tomtom.tsv	3179
data/icistarget/trh_tgo_motif2_negative/tt_icis_q05/tomtom.tsv	507
data/icistarget/trh_tgo_motif2_positive/icistarget/PWMs/taipale_tf_pairs__ELK1_PAX5_RSCGGAACYACGCWYSANTG_CAP_repr.targets.html	4372
data/icistarget/trh_tgo_motif2_positive/icistarget/input_mapped_to_icistarget_regions.bed	23095
data/icistarget/trh_tgo_motif2_positive/icistarget/motifs.cb	33195
data/icistarget/trh_tgo_motif2_positive/icistarget/query.id.txt	8893
data/icistarget/trh_tgo_motif2_positive/icistarget/statistics.tbl.gz	893626
data/icistarget/trh_tgo_motif2_positive/icistarget_289.meme	102326
data/icistarget/trh_tgo_motif2_positive/icistarget_pioneer_enrichment.tsv	306
data/icistarget/trh_tgo_motif2_positive/icistarget_run_comparison.tsv	538
data/icistarget/trh_tgo_motif2_positive/icistarget_three_way_comparison.tsv	538
data/icistarget/trh_tgo_motif2_positive/icistarget_top40_significant.tsv	1828
data/icistarget/trh_tgo_motif2_positive/tt_core9/tomtom.tsv	3083
data/icistarget/trh_tgo_motif2_positive/tt_core9_q05/tomtom.tsv	512
data/icistarget/trh_tgo_motif2_positive/tt_icis_near/tomtom.tsv	4515
data/icistarget/trh_tgo_motif2_positive/tt_icis_q05/tomtom.tsv	621
data/motif2_attribution/fimo_nonenh/fimo.tsv	31750
data/motif2_attribution/fimo_nonenh/fimo.xml	2579
data/motif2_attribution/nonenh_baseline.csv	137
data/motif2_attribution/pooled_attribution.csv	135
data/motif2_attribution/pooled_attribution_split.csv	114
data/motif2_attribution/pooled_attribution_tests.csv	778
data/motif2_concat_audit/T0_ic_profile.csv	567
data/motif2_concat_audit/T2_min_attainable_p.csv	170
data/motif2_concat_audit/T2_register_profile.csv	5472
data/motif2_concat_audit/T2_register_sharpness.csv	171
data/motif2_concat_audit/T2c_panelC_values.csv	123
data/motif2_concat_audit/T2c_register_sitelevel.csv	193
data/motif2_concat_audit/T3_core_only_enhancer_OR.csv	303
data/motif2_concat_audit/T3_core_trim_log.csv	307
data/motif2_concat_audit/T3_tomtom_4way_core_pairwise.csv	1185
data/motif2_concat_audit/T3_tomtom_core9_vs_4way.csv	417
data/motif2_concat_audit/T4_verdict.csv	2029
data/motif2_concat_audit/fimo_core9_enhancers/fimo.tsv	517000
data/motif2_concat_audit/fimo_core9_enhancers/fimo.xml	2651
data/motif2_concat_audit/fimo_core9_genome/fimo.xml	2605
data/motif2_concat_audit/fimo_core9_joint/fimo.tsv	12028
data/motif2_concat_audit/fimo_core9_joint/fimo.xml	2609
data/motif2_concat_audit/m2_core9.meme	540
data/motif2_concat_audit/m2_core_trimmed_query.meme	502
data/motif2_concat_audit/m2_tail6.meme	429
data/motif2_concat_audit/motif2_4way_core_trimmed.meme	1585
data/motif2_concat_audit/streme_order_sweep/Dys_order0/sequences.tsv	351266
data/motif2_concat_audit/streme_order_sweep/Dys_order0/streme.txt	16675
data/motif2_concat_audit/streme_order_sweep/Dys_order2/sequences.tsv	181742
data/motif2_concat_audit/streme_order_sweep/Dys_order2/streme.txt	15725
data/motif2_concat_audit/streme_order_sweep/Dys_order3/sequences.tsv	113536
data/motif2_concat_audit/streme_order_sweep/Dys_order3/streme.txt	11307
data/motif2_concat_audit/streme_order_sweep/Dys_order4/sequences.tsv	55947
data/motif2_concat_audit/streme_order_sweep/Dys_order4/streme.txt	7347
data/motif2_concat_audit/streme_order_sweep/Sim_order0/sequences.tsv	51348
data/motif2_concat_audit/streme_order_sweep/Sim_order0/streme.txt	7711
data/motif2_concat_audit/streme_order_sweep/Sim_order2/sequences.tsv	33873
data/motif2_concat_audit/streme_order_sweep/Sim_order2/streme.txt	6348
data/motif2_concat_audit/streme_order_sweep/Sim_order3/sequences.tsv	20658
data/motif2_concat_audit/streme_order_sweep/Sim_order3/streme.txt	4228
data/motif2_concat_audit/streme_order_sweep/Sim_order4/sequences.tsv	19641
data/motif2_concat_audit/streme_order_sweep/Sim_order4/streme.txt	4569
data/motif2_concat_audit/streme_order_sweep/Sima_order0/sequences.tsv	67823
data/motif2_concat_audit/streme_order_sweep/Sima_order0/streme.txt	9610
data/motif2_concat_audit/streme_order_sweep/Sima_order2/sequences.tsv	24192
data/motif2_concat_audit/streme_order_sweep/Sima_order2/streme.txt	6766
data/motif2_concat_audit/streme_order_sweep/Sima_order3/sequences.tsv	16310
data/motif2_concat_audit/streme_order_sweep/Sima_order3/streme.txt	4885
data/motif2_concat_audit/streme_order_sweep/Sima_order4/sequences.tsv	10367
data/motif2_concat_audit/streme_order_sweep/Sima_order4/streme.txt	4647
data/motif2_concat_audit/streme_order_sweep/T1_order_sweep_summary.txt	1020
data/motif2_concat_audit/streme_order_sweep/Trh_order0/sequences.tsv	227478
data/motif2_concat_audit/streme_order_sweep/Trh_order0/streme.txt	14687
data/motif2_concat_audit/streme_order_sweep/Trh_order2/sequences.tsv	81182
data/motif2_concat_audit/streme_order_sweep/Trh_order2/streme.txt	12116
data/motif2_concat_audit/streme_order_sweep/Trh_order3/sequences.tsv	80383
data/motif2_concat_audit/streme_order_sweep/Trh_order3/streme.txt	10734
data/motif2_concat_audit/streme_order_sweep/Trh_order4/sequences.tsv	32593
data/motif2_concat_audit/streme_order_sweep/Trh_order4/streme.txt	5455
data/motif2_concat_audit/tomtom_4way_core_pairwise/tomtom.tsv	1782
data/motif2_concat_audit/tomtom_core9_vs_4way/tomtom.tsv	859
data/motif2_dm6_background/ctrl_symmetric_nrdb_vs_dm6.csv	2737
data/motif2_dm6_background/dm6_major_arms_order0.bg	208
data/motif2_dm6_background/motif2_nrdb_vs_dm6_summary.csv	982
data/motif2_gaga/fimo_gaga/fimo.tsv	78760
data/motif2_gaga/fimo_gaga/fimo.xml	2670
data/motif2_gaga/gaga_matrices.meme	1240
data/motif2_gaga/joint_peaks.fa	265038
data/motif2_gaga/motif2_vs_gaga_results.tsv	262
data/motif2_grh_confounds/fimo_grh/fimo.tsv	357102
data/motif2_grh_confounds/fimo_grh/fimo.xml	3672
data/motif2_grh_confounds/motif2_grh_confound_results.tsv	300
data/motif2_robustness/R11b_summit_distances.csv	1447
data/motif2_robustness/R2_register_profile.csv	661
data/motif2_robustness/centrimo_TRUEsummits/centrimo.tsv	879
data/motif2_robustness/centrimo_TRUEsummits_central/centrimo.tsv	879
data/motif2_robustness/centrimo_summits/centrimo.tsv	868
data/motif2_robustness/cme.meme	248
data/motif2_robustness/fimo_truesummits.tsv	32529
data/motif2_robustness/halfA.fa	131247
data/motif2_robustness/halfB.fa	133791
data/motif2_robustness/heldout_halfA_pwm/halfA_motif2.meme	1227
data/motif2_robustness/heldout_halfA_pwm/heldout_summary.csv	124
data/motif2_robustness/m2_left.meme	534
data/motif2_robustness/m2_right.meme	428
data/motif2_robustness/motif2_R11b_truesummits.rds	455
data/motif2_robustness/motif2_robustness_partA.rds	375
data/motif2_robustness/motif2_robustness_partB.rds	665
data/motif2_robustness/motif2_robustness_partC.rds	782
data/motif2_robustness/motif2_robustness_summary.csv	3567
data/motif2_robustness/shuffle_null_50/null_counts.txt	150
data/motif2_robustness/shuffle_null_50/observed.txt	4
data/motif2_robustness/streme_halfA/sequences.tsv	32865
data/motif2_robustness/streme_halfA/streme.txt	5970
data/motif2_robustness/tomtom_halfA_vs_m2/tomtom.tsv	891
data/motif2_robustness/trh_TRUEsummits_500bp.fa	318558
data/motif2_robustness/trh_summits_500bp.fa	318558
data/motif2_tagteam/tagteam_per_peak.csv	7114
data/reference_gene_lists/Fisher2023_per_gene_fold_changes.csv	730028
data/reference_gene_lists/merged_embryo_5-20_enhancers_dm6.bed	852708
data/reference_gene_lists/sim_cns_tissues_DEGs.csv	9173
data/reference_gene_lists/trh_ts_sg_tissues_reference.csv	24643
data/reference_gene_lists/vt_enhancers_active_dm6.bed	106884
data/reference_gene_lists/vt_enhancers_active_stg9_16_dm6.bed	104352
data/reference_gene_lists/vt_tile_annotation.tsv	833571
data/reference_gene_lists/vt_tiles_tested_dm6.bed	231160
data/reference_sets/alpha_sharing.csv	49
data/reference_sets/ref2053.txt	24637
data/reference_sets/ref_bdgp_any.txt	9733
data/reference_sets/ref_both.txt	1200
data/reference_sets/ref_screen_only.txt	14904
data/reference_sets/ref_sg.txt	4956
data/reference_sets/ref_sg_only.txt	3756
data/reference_sets/ref_trach.txt	5977
data/reference_sets/ref_trach_only.txt	4777
data/reference_sets/refset_composition.csv	110
data/reference_sets/refset_lenmatched_5000.csv	779
data/reference_sets/refset_motif2_perhet.csv	276
data/reference_sets/refset_motif2_pooled.csv	86
data/reference_sets/refset_motif2_pooled_stats.csv	41
data/reference_sets/refset_pairwise_5000.csv	734
data/reference_sets/refset_power_mde.csv	76
data/reference_sets/refset_sharing_5000.csv	172
data/reference_sets/refset_tissue_contrast.csv	273
data/reference_sets/sg_terms.txt	387
data/reference_sets/trach_terms.txt	527
data/vienna_tiles/PROVENANCE.txt	1343
environment/r_packages.tsv	1120
environment/software_versions.tsv	1729
quick_checks/joint_peak_count.R	2359
reference/README.md	2149
results/README.md	410
