Rank	NES	FeatureID	FeatureDatabase	FeatureAnnotations
1	11.15534121	taipale__TFAP4_DBD_AWCAGCTGWT	PWMs	crp
2	11.13761559	taipale_cyt_meth__TFAP4_AWCAGCTGWT_eDBD_meth	PWMs	crp
3	10.99193316	cisbp__M5926	PWMs	crp
4	10.72881851	tiffin__TIFDMEM0000042	PWMs	
5	10.56097906	tiffin__TIFDMEM0000079	PWMs	
6	10.54657699	transfac_pro__M07634	PWMs	crp
7	10.54602307	cisbp__M5927	PWMs	crp
8	10.40643382	taipale__TFAP4_full_AWCAGCTGWT	PWMs	crp
9	10.37762969	homer__AACAGCTGTTHN_E-box	PWMs	
10	10.14276524	transfac_pro__M03119	PWMs	
11	10.10399045	tiffin__TIFDMEM0000109	PWMs	
12	10.10232868	flyfactorsurvey__crp_SANGER_10_FBgn0001994	PWMs	crp
13	9.96384728	taipale_cyt_meth__TFAP4_AWCAGCTGWT_FL_meth	PWMs	crp
14	9.863032824	cisbp__M4677	PWMs	kni
15	9.504089046	taipale_cyt_meth__TFAP4_AWCAGCTGWT_eDBD	PWMs	crp
16	9.252606831	cisbp__M4899	PWMs	crp
17	8.832177313	taipale_tf_pairs__TFAP4_DLX3_NNCAGCTGNNNNTAATKR_HT	PWMs	crp
18	8.82885376	taipale_tf_pairs__TFAP4_DLX3_NNCAGCTGNNNNNNNTAATTN_HT	PWMs	crp
19	8.687048811	taipale_cyt_meth__TFAP4_AWCAGCTGWT_FL	PWMs	crp
20	8.040617655	hocomoco__TFAP4_HUMAN.H11MO.0.A	PWMs	crp
21	7.961960222	homer__CATCMCTA_Unknown2	PWMs	
22	7.947558157	homer__MYGGTCACACTG_Unknown1	PWMs	
23	7.522697234	transfac_pro__M07657	PWMs	sage
24	7.286402798	SRX030960	TFbindingSites	
25	7.256728026	SRX032116	TFbindingSites	
26	7.10060594	elemento__AACAGCTG	PWMs	
27	6.921659557	SRX026869	TFbindingSites	
28	6.708980553	elemento__ATCAGCTG	PWMs	
29	6.676298943	homer__AVYTATCGATAD_DREF	PWMs	
30	6.54501858	jaspar__MA0536.1	PWMs	
31	6.431463835	homer__ACVAKCTGGCAGCGC_Unknown3	PWMs	
32	6.395458673	cisbp__M2330	PWMs	pnr
33	6.393796896	tiffin__TIFDMEM0000116	PWMs	
34	6.375633393	SRX030960	nonTFbindingSites	
35	6.361282637	SRX033313	TFbindingSites	
36	6.349400291	SRX032116	nonTFbindingSites	
37	6.225403518	homer__NAHCAGCTGD_Ap4	PWMs	crp
38	6.121265509	flyfactorsurvey__CG10267_SOLEXA_F3-5	PWMs	Zif
39	6.014357871	elemento__TATCGATA	PWMs	
40	5.905463492	SRX041394	TFbindingSites	
