"peak","tagteam_sites","motif2"
1,0,FALSE
2,0,TRUE
3,0,FALSE
4,0,FALSE
5,0,TRUE
6,0,TRUE
7,0,FALSE
8,0,TRUE
9,0,FALSE
10,0,FALSE
11,0,FALSE
12,0,TRUE
13,0,FALSE
14,0,FALSE
15,0,FALSE
16,0,TRUE
17,0,FALSE
18,0,FALSE
19,0,TRUE
20,0,TRUE
21,0,FALSE
22,0,FALSE
23,0,TRUE
24,0,FALSE
25,0,FALSE
26,0,FALSE
27,0,FALSE
28,0,TRUE
29,0,TRUE
30,0,TRUE
31,0,FALSE
32,0,TRUE
33,1,FALSE
34,0,FALSE
35,0,FALSE
36,0,TRUE
37,0,FALSE
38,0,FALSE
39,0,FALSE
40,0,FALSE
41,0,TRUE
42,0,FALSE
43,0,FALSE
44,0,TRUE
45,0,FALSE
46,0,FALSE
47,0,FALSE
48,0,TRUE
49,0,FALSE
50,0,TRUE
51,0,TRUE
52,0,TRUE
53,0,FALSE
54,0,FALSE
55,0,FALSE
56,0,TRUE
57,0,TRUE
58,1,TRUE
59,1,TRUE
60,0,FALSE
61,0,FALSE
62,0,FALSE
63,0,FALSE
64,0,FALSE
65,0,FALSE
66,0,FALSE
67,0,FALSE
68,0,FALSE
69,0,FALSE
70,0,FALSE
71,0,FALSE
72,0,FALSE
73,0,TRUE
74,0,FALSE
75,0,FALSE
76,0,TRUE
77,0,FALSE
78,0,FALSE
79,0,FALSE
80,0,FALSE
81,0,FALSE
82,0,FALSE
83,0,TRUE
84,0,TRUE
85,0,TRUE
86,0,TRUE
87,0,FALSE
88,0,TRUE
89,0,FALSE
90,0,FALSE
91,0,FALSE
92,0,TRUE
93,0,FALSE
94,0,FALSE
95,0,FALSE
96,0,TRUE
97,0,TRUE
98,0,TRUE
99,0,FALSE
100,0,FALSE
101,0,FALSE
102,0,TRUE
103,0,TRUE
104,0,FALSE
105,0,FALSE
106,0,FALSE
107,0,FALSE
108,0,FALSE
109,0,FALSE
110,0,FALSE
111,0,FALSE
112,0,TRUE
113,0,FALSE
114,0,FALSE
115,0,FALSE
116,0,FALSE
117,0,FALSE
118,0,TRUE
119,0,FALSE
120,0,TRUE
121,0,FALSE
122,0,FALSE
123,0,FALSE
124,0,FALSE
125,0,FALSE
126,0,FALSE
127,0,TRUE
128,0,FALSE
129,1,FALSE
130,0,FALSE
131,0,TRUE
132,0,FALSE
133,0,FALSE
134,0,FALSE
135,0,FALSE
136,0,FALSE
137,0,FALSE
138,0,FALSE
139,0,TRUE
140,0,FALSE
141,0,TRUE
142,0,FALSE
143,0,TRUE
144,0,TRUE
145,0,FALSE
146,0,FALSE
147,0,FALSE
148,0,FALSE
149,0,TRUE
150,0,FALSE
151,0,TRUE
152,0,FALSE
153,0,FALSE
154,0,FALSE
155,0,TRUE
156,0,FALSE
157,0,FALSE
158,0,FALSE
159,0,FALSE
160,0,TRUE
161,0,FALSE
162,0,FALSE
163,0,FALSE
164,0,TRUE
165,0,FALSE
166,0,TRUE
167,0,FALSE
168,0,FALSE
169,0,FALSE
170,0,FALSE
171,0,TRUE
172,0,TRUE
173,0,FALSE
174,0,FALSE
175,0,TRUE
176,0,FALSE
177,0,FALSE
178,0,TRUE
179,0,FALSE
180,0,FALSE
181,0,FALSE
182,0,FALSE
183,0,FALSE
184,0,FALSE
185,0,FALSE
186,0,TRUE
187,0,FALSE
188,0,FALSE
189,0,FALSE
190,0,TRUE
191,0,TRUE
192,0,TRUE
193,0,FALSE
194,0,FALSE
195,0,FALSE
196,1,FALSE
197,0,TRUE
198,0,FALSE
199,0,FALSE
200,0,FALSE
201,0,FALSE
202,0,TRUE
203,0,FALSE
204,0,TRUE
205,0,TRUE
206,0,TRUE
207,0,FALSE
208,0,FALSE
209,0,FALSE
210,0,FALSE
211,0,FALSE
212,0,FALSE
213,0,TRUE
214,0,FALSE
215,0,FALSE
216,0,TRUE
217,0,TRUE
218,0,FALSE
219,0,FALSE
220,0,TRUE
221,0,FALSE
222,0,FALSE
223,0,FALSE
224,0,TRUE
225,0,FALSE
226,1,FALSE
227,0,FALSE
228,0,TRUE
229,0,FALSE
230,1,TRUE
231,0,TRUE
232,0,FALSE
233,0,FALSE
234,0,FALSE
235,0,FALSE
236,0,FALSE
237,0,FALSE
238,0,FALSE
239,0,FALSE
240,0,FALSE
241,0,FALSE
242,0,TRUE
243,0,FALSE
244,0,FALSE
245,0,TRUE
246,0,FALSE
247,0,FALSE
248,0,TRUE
249,0,TRUE
250,0,TRUE
251,0,TRUE
252,0,TRUE
253,0,FALSE
254,0,FALSE
255,0,TRUE
256,0,FALSE
257,0,FALSE
258,0,FALSE
259,0,FALSE
260,0,TRUE
261,0,FALSE
262,0,FALSE
263,0,TRUE
264,0,FALSE
265,0,FALSE
266,0,FALSE
267,0,FALSE
268,0,FALSE
269,0,TRUE
270,0,TRUE
271,0,TRUE
272,0,FALSE
273,0,FALSE
274,0,FALSE
275,0,TRUE
276,0,FALSE
277,1,FALSE
278,0,TRUE
279,0,FALSE
280,0,TRUE
281,0,FALSE
282,0,FALSE
283,0,TRUE
284,0,FALSE
285,0,FALSE
286,0,TRUE
287,0,FALSE
288,0,FALSE
289,0,FALSE
290,0,FALSE
291,0,TRUE
292,0,FALSE
293,0,FALSE
294,0,TRUE
295,0,FALSE
296,0,TRUE
297,0,TRUE
298,0,FALSE
299,0,FALSE
300,0,FALSE
301,0,FALSE
302,0,FALSE
303,0,FALSE
304,0,TRUE
305,0,TRUE
306,0,TRUE
307,0,TRUE
308,0,FALSE
309,0,FALSE
310,0,FALSE
311,0,FALSE
312,0,TRUE
313,1,TRUE
314,0,FALSE
315,0,FALSE
316,0,FALSE
317,0,FALSE
318,0,FALSE
319,0,FALSE
320,0,FALSE
321,0,FALSE
322,0,FALSE
323,0,FALSE
324,0,TRUE
325,0,FALSE
326,0,FALSE
327,0,FALSE
328,0,FALSE
329,0,FALSE
330,0,FALSE
331,0,FALSE
332,0,FALSE
333,0,FALSE
334,0,TRUE
335,0,FALSE
336,0,FALSE
337,0,FALSE
338,0,FALSE
339,0,FALSE
340,0,FALSE
341,0,FALSE
342,0,FALSE
343,0,FALSE
344,0,FALSE
345,0,TRUE
346,0,FALSE
347,0,FALSE
348,0,TRUE
349,0,FALSE
350,0,FALSE
351,0,FALSE
352,0,FALSE
353,0,FALSE
354,0,FALSE
355,0,FALSE
356,0,TRUE
357,0,FALSE
358,0,FALSE
359,0,TRUE
360,0,TRUE
361,0,FALSE
362,0,FALSE
363,0,FALSE
364,0,FALSE
365,0,FALSE
366,0,FALSE
367,0,FALSE
368,0,FALSE
369,0,FALSE
370,0,FALSE
371,0,FALSE
372,0,FALSE
373,0,FALSE
374,0,FALSE
375,0,FALSE
376,0,FALSE
377,0,FALSE
378,0,FALSE
379,0,FALSE
380,0,FALSE
381,0,FALSE
382,0,TRUE
383,0,FALSE
384,0,FALSE
385,0,TRUE
386,0,FALSE
387,0,TRUE
388,0,FALSE
389,0,FALSE
390,0,FALSE
391,0,FALSE
392,0,TRUE
393,0,FALSE
394,0,TRUE
395,0,TRUE
396,0,TRUE
397,0,FALSE
398,0,FALSE
399,0,FALSE
400,0,FALSE
401,0,FALSE
402,0,TRUE
403,0,FALSE
404,0,TRUE
405,0,TRUE
406,0,FALSE
407,0,FALSE
408,0,TRUE
409,0,FALSE
410,0,FALSE
411,0,FALSE
412,0,TRUE
413,0,FALSE
414,0,TRUE
415,0,FALSE
416,0,FALSE
417,0,FALSE
418,0,FALSE
419,0,TRUE
420,0,FALSE
421,0,FALSE
422,0,FALSE
423,0,FALSE
424,0,FALSE
425,0,FALSE
426,0,TRUE
427,0,FALSE
428,0,FALSE
429,0,FALSE
430,0,TRUE
431,0,FALSE
432,0,FALSE
433,0,FALSE
434,0,FALSE
435,0,FALSE
436,0,FALSE
437,0,FALSE
438,0,FALSE
439,0,FALSE
440,0,FALSE
441,0,TRUE
442,0,FALSE
443,0,FALSE
444,0,TRUE
445,0,TRUE
446,0,FALSE
447,0,FALSE
448,0,FALSE
449,0,TRUE
450,0,TRUE
451,0,FALSE
452,0,FALSE
453,0,FALSE
454,0,FALSE
455,0,TRUE
456,0,FALSE
457,0,FALSE
458,0,FALSE
459,0,FALSE
460,0,FALSE
461,0,FALSE
462,0,TRUE
463,0,FALSE
464,0,FALSE
465,0,TRUE
466,0,FALSE
467,0,TRUE
468,0,TRUE
469,0,FALSE
470,0,FALSE
471,0,TRUE
472,0,FALSE
473,0,TRUE
474,0,FALSE
475,0,FALSE
476,0,FALSE
477,0,FALSE
478,0,FALSE
479,0,FALSE
480,0,FALSE
481,0,FALSE
482,0,FALSE
483,0,FALSE
484,0,FALSE
485,0,FALSE
486,0,TRUE
487,0,TRUE
488,0,FALSE
489,0,FALSE
490,0,FALSE
491,0,FALSE
492,0,FALSE
493,0,FALSE
494,0,FALSE
495,0,FALSE
496,0,FALSE
497,0,FALSE
498,0,FALSE
499,0,FALSE
500,0,TRUE
501,0,TRUE
502,0,TRUE
503,0,TRUE
504,0,FALSE
505,0,TRUE
506,0,FALSE
507,0,FALSE
508,0,TRUE
509,0,TRUE
510,0,FALSE
511,0,FALSE
512,0,FALSE
513,0,FALSE
514,0,FALSE
515,0,TRUE
516,0,FALSE
517,0,TRUE
518,0,TRUE
519,0,FALSE
520,0,TRUE
521,0,TRUE
522,0,TRUE
523,1,FALSE
524,0,FALSE
525,0,TRUE
526,0,FALSE
527,0,TRUE
528,0,FALSE
529,0,FALSE
530,0,FALSE
531,0,FALSE
532,0,FALSE
533,0,FALSE
534,0,FALSE
535,0,FALSE
536,0,FALSE
537,0,FALSE
538,0,FALSE
539,0,TRUE
540,1,FALSE
541,0,FALSE
542,0,FALSE
543,0,TRUE
544,0,FALSE
545,0,TRUE
546,0,TRUE
547,0,FALSE
548,0,TRUE
549,0,FALSE
550,0,FALSE
551,0,FALSE
552,0,TRUE
553,0,TRUE
554,0,FALSE
555,0,FALSE
556,0,FALSE
557,0,FALSE
558,0,TRUE
559,0,FALSE
560,0,FALSE
561,0,TRUE
562,0,FALSE
563,0,FALSE
564,0,TRUE
565,0,FALSE
566,0,FALSE
567,0,TRUE
568,0,TRUE
569,0,TRUE
570,0,FALSE
571,0,FALSE
572,0,FALSE
573,0,TRUE
574,0,FALSE
575,0,FALSE
576,0,TRUE
577,0,TRUE
578,0,FALSE
579,1,FALSE
580,0,TRUE
581,0,FALSE
582,0,FALSE
583,0,FALSE
584,0,FALSE
585,0,FALSE
586,0,FALSE
587,0,FALSE
588,0,TRUE
589,0,FALSE
590,0,FALSE
591,0,FALSE
592,0,TRUE
593,0,FALSE
594,0,FALSE
595,0,FALSE
596,0,TRUE
597,0,FALSE
598,1,TRUE
599,0,FALSE
600,0,FALSE
601,0,FALSE
602,0,FALSE
603,0,TRUE
604,0,TRUE
605,0,FALSE
606,0,FALSE
607,0,FALSE
608,0,FALSE
609,0,TRUE
610,0,FALSE
611,0,FALSE
612,0,FALSE
613,0,TRUE
614,0,FALSE
