motif_ID	motif_ALT_ID	motif_P-value	seq_ID	seq_Score	seq_Class	is_holdout?
1-ATACATATT	STREME-1	4.6e-003	peak_61	14.61	tp	0
1-ATACATATT	STREME-1	4.6e-003	peak_719	14.61	tp	0
1-ATACATATT	STREME-1	4.6e-003	peak_136	14.61	tp	0
1-ATACATATT	STREME-1	4.6e-003	peak_313	14.61	tp	0
1-ATACATATT	STREME-1	4.6e-003	peak_797	14.61	tp	0
1-ATACATATT	STREME-1	4.6e-003	peak_27	14.61	tp	0
1-ATACATATT	STREME-1	4.6e-003	peak_141	14.61	tp	0
1-ATACATATT	STREME-1	4.6e-003	peak_299	14.61	tp	0
1-ATACATATT	STREME-1	4.6e-003	peak_638	14.61	fp	0
1-ATACATATT	STREME-1	4.6e-003	peak_153	13.30	tp	0
1-ATACATATT	STREME-1	4.6e-003	peak_215	13.30	tp	0
1-ATACATATT	STREME-1	4.6e-003	peak_76	13.30	tp	0
1-ATACATATT	STREME-1	4.6e-003	peak_465	13.30	tp	0
1-ATACATATT	STREME-1	4.6e-003	peak_685	13.30	tp	0
1-ATACATATT	STREME-1	4.6e-003	peak_295	13.30	tp	0
1-ATACATATT	STREME-1	4.6e-003	peak_681	13.30	tp	0
1-ATACATATT	STREME-1	4.6e-003	peak_757	13.30	tp	0
1-ATACATATT	STREME-1	4.6e-003	peak_59	13.30	tp	0
1-ATACATATT	STREME-1	4.6e-003	peak_47	13.30	fp	0
1-ATACATATT	STREME-1	4.6e-003	peak_405	12.29	tp	0
1-ATACATATT	STREME-1	4.6e-003	peak_16	12.29	tp	0
1-ATACATATT	STREME-1	4.6e-003	peak_167	12.29	tp	0
1-ATACATATT	STREME-1	4.6e-003	peak_338	12.29	tp	0
1-ATACATATT	STREME-1	4.6e-003	peak_143	12.29	tp	0
1-ATACATATT	STREME-1	4.6e-003	peak_819	12.29	tp	0
1-ATACATATT	STREME-1	4.6e-003	peak_312	12.29	tp	0
1-ATACATATT	STREME-1	4.6e-003	peak_619	12.29	tp	0
1-ATACATATT	STREME-1	4.6e-003	peak_859	12.29	tp	0
1-ATACATATT	STREME-1	4.6e-003	peak_251	12.29	tp	0
1-ATACATATT	STREME-1	4.6e-003	peak_310	12.29	tp	0
1-ATACATATT	STREME-1	4.6e-003	peak_684	12.29	fp	0
1-ATACATATT	STREME-1	4.6e-003	peak_95	12.29	fp	0
1-ATACATATT	STREME-1	4.6e-003	peak_715	12.29	fp	0
1-ATACATATT	STREME-1	4.6e-003	peak_674	12.29	tp	1
1-ATACATATT	STREME-1	4.6e-003	peak_638	12.29	tp	1
1-ATACATATT	STREME-1	4.6e-003	peak_568	11.93	tp	0
1-ATACATATT	STREME-1	4.6e-003	peak_602	11.93	tp	0
1-ATACATATT	STREME-1	4.6e-003	peak_827	11.08	tp	0
1-ATACATATT	STREME-1	4.6e-003	peak_204	11.08	tp	0
1-ATACATATT	STREME-1	4.6e-003	peak_476	11.08	tp	0
1-ATACATATT	STREME-1	4.6e-003	peak_213	11.08	tp	0
1-ATACATATT	STREME-1	4.6e-003	peak_8	11.08	tp	0
1-ATACATATT	STREME-1	4.6e-003	peak_701	11.08	tp	0
1-ATACATATT	STREME-1	4.6e-003	peak_436	11.08	tp	0
1-ATACATATT	STREME-1	4.6e-003	peak_330	11.08	tp	0
1-ATACATATT	STREME-1	4.6e-003	peak_714	11.08	tp	0
1-ATACATATT	STREME-1	4.6e-003	peak_833	11.08	tp	0
1-ATACATATT	STREME-1	4.6e-003	peak_348	11.08	tp	0
1-ATACATATT	STREME-1	4.6e-003	peak_532	11.08	tp	0
1-ATACATATT	STREME-1	4.6e-003	peak_808	11.08	tp	0
1-ATACATATT	STREME-1	4.6e-003	peak_189	11.08	tp	0
1-ATACATATT	STREME-1	4.6e-003	peak_95	11.08	tp	0
1-ATACATATT	STREME-1	4.6e-003	peak_661	11.08	fp	0
1-ATACATATT	STREME-1	4.6e-003	peak_442	11.08	fp	0
1-ATACATATT	STREME-1	4.6e-003	peak_802	11.08	fp	0
1-ATACATATT	STREME-1	4.6e-003	peak_76	11.08	fp	0
1-ATACATATT	STREME-1	4.6e-003	peak_411	11.08	tp	1
1-ATACATATT	STREME-1	4.6e-003	peak_231	11.08	tp	1
1-ATACATATT	STREME-1	4.6e-003	peak_244	11.08	tp	1
1-ATACATATT	STREME-1	4.6e-003	peak_75	11.08	tp	1
1-ATACATATT	STREME-1	4.6e-003	peak_613	11.08	tp	1
1-ATACATATT	STREME-1	4.6e-003	peak_694	11.08	tp	1
1-ATACATATT	STREME-1	4.6e-003	peak_533	11.08	fp	1
1-ATACATATT	STREME-1	4.6e-003	peak_464	11.03	tp	0
1-ATACATATT	STREME-1	4.6e-003	peak_623	11.03	tp	0
1-ATACATATT	STREME-1	4.6e-003	peak_114	11.03	tp	0
1-ATACATATT	STREME-1	4.6e-003	peak_380	11.03	tp	0
1-ATACATATT	STREME-1	4.6e-003	peak_610	11.03	tp	0
1-ATACATATT	STREME-1	4.6e-003	peak_482	11.03	tp	0
1-ATACATATT	STREME-1	4.6e-003	peak_387	11.03	tp	0
1-ATACATATT	STREME-1	4.6e-003	peak_293	11.03	tp	0
1-ATACATATT	STREME-1	4.6e-003	peak_427	11.03	tp	0
1-ATACATATT	STREME-1	4.6e-003	peak_208	11.03	tp	0
1-ATACATATT	STREME-1	4.6e-003	peak_347	11.03	fp	0
1-ATACATATT	STREME-1	4.6e-003	peak_188	11.03	fp	0
1-ATACATATT	STREME-1	4.6e-003	peak_700	11.03	tp	1
1-ATACATATT	STREME-1	4.6e-003	peak_86	11.03	fp	1
1-ATACATATT	STREME-1	4.6e-003	peak_407	10.89	tp	0
1-ATACATATT	STREME-1	4.6e-003	peak_372	10.89	tp	0
1-ATACATATT	STREME-1	4.6e-003	peak_625	10.89	tp	0
1-ATACATATT	STREME-1	4.6e-003	peak_859	10.89	fp	0
1-ATACATATT	STREME-1	4.6e-003	peak_244	10.89	fp	0
1-ATACATATT	STREME-1	4.6e-003	peak_123	10.80	tp	0
1-ATACATATT	STREME-1	4.6e-003	peak_806	10.78	tp	0
1-ATACATATT	STREME-1	4.6e-003	peak_382	10.78	tp	0
1-ATACATATT	STREME-1	4.6e-003	peak_356	10.78	tp	0
1-ATACATATT	STREME-1	4.6e-003	peak_720	10.78	tp	0
1-ATACATATT	STREME-1	4.6e-003	peak_843	10.78	tp	0
1-ATACATATT	STREME-1	4.6e-003	peak_636	10.78	tp	0
1-ATACATATT	STREME-1	4.6e-003	peak_326	10.78	tp	0
1-ATACATATT	STREME-1	4.6e-003	peak_768	10.78	tp	0
1-ATACATATT	STREME-1	4.6e-003	peak_435	10.78	tp	0
1-ATACATATT	STREME-1	4.6e-003	peak_604	10.78	tp	0
1-ATACATATT	STREME-1	4.6e-003	peak_588	10.78	tp	0
1-ATACATATT	STREME-1	4.6e-003	peak_824	10.78	tp	0
1-ATACATATT	STREME-1	4.6e-003	peak_637	10.78	tp	0
1-ATACATATT	STREME-1	4.6e-003	peak_206	10.78	tp	0
1-ATACATATT	STREME-1	4.6e-003	peak_280	10.78	tp	0
1-ATACATATT	STREME-1	4.6e-003	peak_804	10.78	tp	0
1-ATACATATT	STREME-1	4.6e-003	peak_421	10.78	tp	0
1-ATACATATT	STREME-1	4.6e-003	peak_178	10.78	fp	0
1-ATACATATT	STREME-1	4.6e-003	peak_835	10.78	fp	0
1-ATACATATT	STREME-1	4.6e-003	peak_189	10.78	fp	0
1-ATACATATT	STREME-1	4.6e-003	peak_348	10.78	fp	0
1-ATACATATT	STREME-1	4.6e-003	peak_757	10.78	fp	0
1-ATACATATT	STREME-1	4.6e-003	peak_739	10.78	fp	0
1-ATACATATT	STREME-1	4.6e-003	peak_372	10.78	fp	0
1-ATACATATT	STREME-1	4.6e-003	peak_626	10.78	tp	1
1-ATACATATT	STREME-1	4.6e-003	peak_418	10.78	tp	1
1-ATACATATT	STREME-1	4.6e-003	peak_148	10.67	tp	0
1-ATACATATT	STREME-1	4.6e-003	peak_432	10.67	tp	0
1-ATACATATT	STREME-1	4.6e-003	peak_395	10.67	tp	0
1-ATACATATT	STREME-1	4.6e-003	peak_793	10.67	tp	0
1-ATACATATT	STREME-1	4.6e-003	peak_211	10.67	tp	0
1-ATACATATT	STREME-1	4.6e-003	peak_320	10.67	tp	0
1-ATACATATT	STREME-1	4.6e-003	peak_402	10.67	tp	0
1-ATACATATT	STREME-1	4.6e-003	peak_537	10.67	tp	0
1-ATACATATT	STREME-1	4.6e-003	peak_119	10.67	tp	0
1-ATACATATT	STREME-1	4.6e-003	peak_524	10.67	tp	0
1-ATACATATT	STREME-1	4.6e-003	peak_787	10.67	tp	0
1-ATACATATT	STREME-1	4.6e-003	peak_713	10.67	tp	0
1-ATACATATT	STREME-1	4.6e-003	peak_323	10.67	tp	0
1-ATACATATT	STREME-1	4.6e-003	peak_639	10.67	tp	0
1-ATACATATT	STREME-1	4.6e-003	peak_202	10.67	fp	0
1-ATACATATT	STREME-1	4.6e-003	peak_395	10.67	fp	0
1-ATACATATT	STREME-1	4.6e-003	peak_243	10.67	fp	0
1-ATACATATT	STREME-1	4.6e-003	peak_427	10.67	fp	0
1-ATACATATT	STREME-1	4.6e-003	peak_204	10.67	fp	0
1-ATACATATT	STREME-1	4.6e-003	peak_356	10.67	fp	0
1-ATACATATT	STREME-1	4.6e-003	peak_482	10.67	fp	0
1-ATACATATT	STREME-1	4.6e-003	peak_66	10.67	tp	1
1-ATACATATT	STREME-1	4.6e-003	peak_350	10.67	tp	1
1-ATACATATT	STREME-1	4.6e-003	peak_500	10.67	tp	0
1-ATACATATT	STREME-1	4.6e-003	peak_799	10.67	tp	0
1-ATACATATT	STREME-1	4.6e-003	peak_265	10.67	tp	0
1-ATACATATT	STREME-1	4.6e-003	peak_629	10.67	tp	0
1-ATACATATT	STREME-1	4.6e-003	peak_695	10.67	tp	0
1-ATACATATT	STREME-1	4.6e-003	peak_311	10.67	fp	0
1-ATACATATT	STREME-1	4.6e-003	peak_460	10.67	fp	0
1-ATACATATT	STREME-1	4.6e-003	peak_121	9.77	tp	0
1-ATACATATT	STREME-1	4.6e-003	peak_416	9.77	tp	0
1-ATACATATT	STREME-1	4.6e-003	peak_238	9.77	tp	0
1-ATACATATT	STREME-1	4.6e-003	peak_105	9.77	fp	0
1-ATACATATT	STREME-1	4.6e-003	peak_449	9.77	fp	0
1-ATACATATT	STREME-1	4.6e-003	peak_160	9.72	tp	0
1-ATACATATT	STREME-1	4.6e-003	peak_24	9.72	tp	0
1-ATACATATT	STREME-1	4.6e-003	peak_188	9.72	tp	0
1-ATACATATT	STREME-1	4.6e-003	peak_613	9.72	fp	0
1-ATACATATT	STREME-1	4.6e-003	peak_52	9.72	fp	0
1-ATACATATT	STREME-1	4.6e-003	peak_635	9.49	tp	0
1-ATACATATT	STREME-1	4.6e-003	peak_449	9.49	tp	0
1-ATACATATT	STREME-1	4.6e-003	peak_334	9.49	tp	0
1-ATACATATT	STREME-1	4.6e-003	peak_429	9.49	fp	0
1-ATACATATT	STREME-1	4.6e-003	peak_849	9.36	tp	0
1-ATACATATT	STREME-1	4.6e-003	peak_277	9.36	tp	0
1-ATACATATT	STREME-1	4.6e-003	peak_297	9.36	tp	0
1-ATACATATT	STREME-1	4.6e-003	peak_425	9.36	fp	0
1-ATACATATT	STREME-1	4.6e-003	peak_437	9.36	tp	0
1-ATACATATT	STREME-1	4.6e-003	peak_586	9.36	tp	0
1-ATACATATT	STREME-1	4.6e-003	peak_177	9.36	fp	0
1-ATACATATT	STREME-1	4.6e-003	peak_125	8.96	tp	0
1-ATACATATT	STREME-1	4.6e-003	peak_661	8.96	tp	0
1-ATACATATT	STREME-1	4.6e-003	peak_414	8.96	tp	0
1-ATACATATT	STREME-1	4.6e-003	peak_224	8.96	tp	0
1-ATACATATT	STREME-1	4.6e-003	peak_320	8.96	fp	0
1-ATACATATT	STREME-1	4.6e-003	peak_114	8.96	fp	0
1-ATACATATT	STREME-1	4.6e-003	peak_525	8.96	fp	1
#
2-ATAAATAAWTWAATTWTWWT	STREME-2	1.2e-002	peak_416	21.37	tp	0
2-ATAAATAAWTWAATTWTWWT	STREME-2	1.2e-002	peak_136	20.77	tp	0
2-ATAAATAAWTWAATTWTWWT	STREME-2	1.2e-002	peak_55	19.30	tp	0
2-ATAAATAAWTWAATTWTWWT	STREME-2	1.2e-002	peak_93	19.29	tp	0
2-ATAAATAAWTWAATTWTWWT	STREME-2	1.2e-002	peak_425	18.34	tp	0
2-ATAAATAAWTWAATTWTWWT	STREME-2	1.2e-002	peak_123	17.99	tp	0
2-ATAAATAAWTWAATTWTWWT	STREME-2	1.2e-002	peak_429	16.23	fp	0
2-ATAAATAAWTWAATTWTWWT	STREME-2	1.2e-002	peak_114	16.19	tp	0
2-ATAAATAAWTWAATTWTWWT	STREME-2	1.2e-002	peak_785	16.14	tp	0
2-ATAAATAAWTWAATTWTWWT	STREME-2	1.2e-002	peak_519	16.03	tp	0
2-ATAAATAAWTWAATTWTWWT	STREME-2	1.2e-002	peak_408	15.34	fp	0
2-ATAAATAAWTWAATTWTWWT	STREME-2	1.2e-002	peak_138	15.27	tp	0
2-ATAAATAAWTWAATTWTWWT	STREME-2	1.2e-002	peak_189	15.04	tp	0
2-ATAAATAAWTWAATTWTWWT	STREME-2	1.2e-002	peak_610	15.01	tp	0
2-ATAAATAAWTWAATTWTWWT	STREME-2	1.2e-002	peak_383	14.81	tp	0
2-ATAAATAAWTWAATTWTWWT	STREME-2	1.2e-002	peak_425	14.68	fp	0
2-ATAAATAAWTWAATTWTWWT	STREME-2	1.2e-002	peak_191	14.60	tp	0
2-ATAAATAAWTWAATTWTWWT	STREME-2	1.2e-002	peak_313	14.40	tp	0
2-ATAAATAAWTWAATTWTWWT	STREME-2	1.2e-002	peak_149	14.40	fp	0
2-ATAAATAAWTWAATTWTWWT	STREME-2	1.2e-002	peak_8	14.37	tp	0
2-ATAAATAAWTWAATTWTWWT	STREME-2	1.2e-002	peak_835	14.26	tp	0
2-ATAAATAAWTWAATTWTWWT	STREME-2	1.2e-002	peak_696	13.95	tp	0
2-ATAAATAAWTWAATTWTWWT	STREME-2	1.2e-002	peak_47	13.92	tp	0
2-ATAAATAAWTWAATTWTWWT	STREME-2	1.2e-002	peak_804	13.92	tp	0
2-ATAAATAAWTWAATTWTWWT	STREME-2	1.2e-002	peak_626	13.87	tp	1
2-ATAAATAAWTWAATTWTWWT	STREME-2	1.2e-002	peak_695	13.81	tp	0
2-ATAAATAAWTWAATTWTWWT	STREME-2	1.2e-002	peak_148	13.78	tp	0
2-ATAAATAAWTWAATTWTWWT	STREME-2	1.2e-002	peak_449	13.70	tp	0
2-ATAAATAAWTWAATTWTWWT	STREME-2	1.2e-002	peak_720	13.70	tp	0
2-ATAAATAAWTWAATTWTWWT	STREME-2	1.2e-002	peak_492	13.69	tp	0
2-ATAAATAAWTWAATTWTWWT	STREME-2	1.2e-002	peak_256	13.60	tp	0
2-ATAAATAAWTWAATTWTWWT	STREME-2	1.2e-002	peak_419	13.55	fp	0
2-ATAAATAAWTWAATTWTWWT	STREME-2	1.2e-002	peak_537	13.54	tp	0
2-ATAAATAAWTWAATTWTWWT	STREME-2	1.2e-002	peak_330	13.54	tp	0
2-ATAAATAAWTWAATTWTWWT	STREME-2	1.2e-002	peak_570	13.50	tp	0
2-ATAAATAAWTWAATTWTWWT	STREME-2	1.2e-002	peak_483	13.41	tp	0
2-ATAAATAAWTWAATTWTWWT	STREME-2	1.2e-002	peak_95	13.39	tp	0
2-ATAAATAAWTWAATTWTWWT	STREME-2	1.2e-002	peak_132	13.34	tp	0
2-ATAAATAAWTWAATTWTWWT	STREME-2	1.2e-002	peak_43	13.32	tp	0
2-ATAAATAAWTWAATTWTWWT	STREME-2	1.2e-002	peak_575	13.31	tp	0
2-ATAAATAAWTWAATTWTWWT	STREME-2	1.2e-002	peak_72	13.28	fp	0
2-ATAAATAAWTWAATTWTWWT	STREME-2	1.2e-002	peak_465	13.26	tp	0
2-ATAAATAAWTWAATTWTWWT	STREME-2	1.2e-002	peak_294	13.20	tp	0
2-ATAAATAAWTWAATTWTWWT	STREME-2	1.2e-002	peak_323	13.18	tp	0
2-ATAAATAAWTWAATTWTWWT	STREME-2	1.2e-002	peak_277	13.17	tp	0
2-ATAAATAAWTWAATTWTWWT	STREME-2	1.2e-002	peak_524	13.17	tp	0
2-ATAAATAAWTWAATTWTWWT	STREME-2	1.2e-002	peak_130	13.07	tp	0
2-ATAAATAAWTWAATTWTWWT	STREME-2	1.2e-002	peak_797	13.04	tp	0
2-ATAAATAAWTWAATTWTWWT	STREME-2	1.2e-002	peak_86	13.00	tp	1
2-ATAAATAAWTWAATTWTWWT	STREME-2	1.2e-002	peak_819	12.99	tp	0
2-ATAAATAAWTWAATTWTWWT	STREME-2	1.2e-002	peak_421	12.98	tp	0
2-ATAAATAAWTWAATTWTWWT	STREME-2	1.2e-002	peak_145	12.98	tp	0
2-ATAAATAAWTWAATTWTWWT	STREME-2	1.2e-002	peak_488	12.97	fp	0
2-ATAAATAAWTWAATTWTWWT	STREME-2	1.2e-002	peak_436	12.91	tp	0
2-ATAAATAAWTWAATTWTWWT	STREME-2	1.2e-002	peak_815	12.88	tp	0
2-ATAAATAAWTWAATTWTWWT	STREME-2	1.2e-002	peak_403	12.85	tp	0
2-ATAAATAAWTWAATTWTWWT	STREME-2	1.2e-002	peak_497	12.68	tp	0
2-ATAAATAAWTWAATTWTWWT	STREME-2	1.2e-002	peak_81	12.62	tp	0
2-ATAAATAAWTWAATTWTWWT	STREME-2	1.2e-002	peak_402	12.61	tp	0
2-ATAAATAAWTWAATTWTWWT	STREME-2	1.2e-002	peak_318	12.58	tp	0
2-ATAAATAAWTWAATTWTWWT	STREME-2	1.2e-002	peak_408	12.56	tp	0
2-ATAAATAAWTWAATTWTWWT	STREME-2	1.2e-002	peak_254	12.49	tp	0
2-ATAAATAAWTWAATTWTWWT	STREME-2	1.2e-002	peak_828	12.47	tp	0
2-ATAAATAAWTWAATTWTWWT	STREME-2	1.2e-002	peak_348	12.45	tp	0
2-ATAAATAAWTWAATTWTWWT	STREME-2	1.2e-002	peak_635	12.44	tp	0
2-ATAAATAAWTWAATTWTWWT	STREME-2	1.2e-002	peak_220	12.42	tp	0
2-ATAAATAAWTWAATTWTWWT	STREME-2	1.2e-002	peak_773	12.40	tp	0
2-ATAAATAAWTWAATTWTWWT	STREME-2	1.2e-002	peak_350	12.38	tp	1
2-ATAAATAAWTWAATTWTWWT	STREME-2	1.2e-002	peak_216	12.37	tp	0
2-ATAAATAAWTWAATTWTWWT	STREME-2	1.2e-002	peak_44	12.28	tp	0
2-ATAAATAAWTWAATTWTWWT	STREME-2	1.2e-002	peak_211	12.27	tp	0
2-ATAAATAAWTWAATTWTWWT	STREME-2	1.2e-002	peak_251	12.24	tp	0
2-ATAAATAAWTWAATTWTWWT	STREME-2	1.2e-002	peak_281	12.24	tp	0
2-ATAAATAAWTWAATTWTWWT	STREME-2	1.2e-002	peak_540	12.22	tp	1
2-ATAAATAAWTWAATTWTWWT	STREME-2	1.2e-002	peak_460	12.21	tp	0
2-ATAAATAAWTWAATTWTWWT	STREME-2	1.2e-002	peak_455	12.17	fp	0
2-ATAAATAAWTWAATTWTWWT	STREME-2	1.2e-002	peak_202	12.16	tp	0
2-ATAAATAAWTWAATTWTWWT	STREME-2	1.2e-002	peak_295	12.15	tp	0
2-ATAAATAAWTWAATTWTWWT	STREME-2	1.2e-002	peak_471	12.14	tp	0
2-ATAAATAAWTWAATTWTWWT	STREME-2	1.2e-002	peak_694	12.13	fp	0
2-ATAAATAAWTWAATTWTWWT	STREME-2	1.2e-002	peak_255	12.06	tp	0
2-ATAAATAAWTWAATTWTWWT	STREME-2	1.2e-002	peak_371	11.95	tp	0
2-ATAAATAAWTWAATTWTWWT	STREME-2	1.2e-002	peak_652	11.93	tp	0
2-ATAAATAAWTWAATTWTWWT	STREME-2	1.2e-002	peak_405	11.93	tp	0
2-ATAAATAAWTWAATTWTWWT	STREME-2	1.2e-002	peak_490	11.90	tp	0
2-ATAAATAAWTWAATTWTWWT	STREME-2	1.2e-002	peak_178	11.88	tp	0
2-ATAAATAAWTWAATTWTWWT	STREME-2	1.2e-002	peak_520	11.88	tp	0
2-ATAAATAAWTWAATTWTWWT	STREME-2	1.2e-002	peak_688	11.87	tp	0
2-ATAAATAAWTWAATTWTWWT	STREME-2	1.2e-002	peak_796	11.85	tp	1
2-ATAAATAAWTWAATTWTWWT	STREME-2	1.2e-002	peak_393	11.82	tp	0
2-ATAAATAAWTWAATTWTWWT	STREME-2	1.2e-002	peak_234	11.82	tp	0
2-ATAAATAAWTWAATTWTWWT	STREME-2	1.2e-002	peak_310	11.79	tp	0
2-ATAAATAAWTWAATTWTWWT	STREME-2	1.2e-002	peak_604	11.78	tp	0
2-ATAAATAAWTWAATTWTWWT	STREME-2	1.2e-002	peak_293	11.73	tp	0
2-ATAAATAAWTWAATTWTWWT	STREME-2	1.2e-002	peak_188	11.71	tp	0
2-ATAAATAAWTWAATTWTWWT	STREME-2	1.2e-002	peak_719	11.67	tp	0
2-ATAAATAAWTWAATTWTWWT	STREME-2	1.2e-002	peak_835	11.66	fp	0
2-ATAAATAAWTWAATTWTWWT	STREME-2	1.2e-002	peak_543	11.64	tp	0
2-ATAAATAAWTWAATTWTWWT	STREME-2	1.2e-002	peak_827	11.61	tp	0
2-ATAAATAAWTWAATTWTWWT	STREME-2	1.2e-002	peak_482	11.59	tp	0
2-ATAAATAAWTWAATTWTWWT	STREME-2	1.2e-002	peak_545	11.54	tp	1
2-ATAAATAAWTWAATTWTWWT	STREME-2	1.2e-002	peak_834	11.52	tp	0
2-ATAAATAAWTWAATTWTWWT	STREME-2	1.2e-002	peak_254	11.46	fp	0
2-ATAAATAAWTWAATTWTWWT	STREME-2	1.2e-002	peak_356	11.34	tp	0
2-ATAAATAAWTWAATTWTWWT	STREME-2	1.2e-002	peak_16	11.17	tp	0
2-ATAAATAAWTWAATTWTWWT	STREME-2	1.2e-002	peak_257	11.14	tp	0
2-ATAAATAAWTWAATTWTWWT	STREME-2	1.2e-002	peak_46	11.11	tp	0
2-ATAAATAAWTWAATTWTWWT	STREME-2	1.2e-002	peak_432	11.10	tp	0
#
3-CCCACTGTGCC	STREME-3	2.3e-002	peak_683	19.68	tp	0
3-CCCACTGTGCC	STREME-3	2.3e-002	peak_135	19.68	tp	0
3-CCCACTGTGCC	STREME-3	2.3e-002	peak_815	19.68	tp	0
3-CCCACTGTGCC	STREME-3	2.3e-002	peak_754	19.68	tp	0
3-CCCACTGTGCC	STREME-3	2.3e-002	peak_193	19.68	tp	1
3-CCCACTGTGCC	STREME-3	2.3e-002	peak_153	19.32	tp	0
3-CCCACTGTGCC	STREME-3	2.3e-002	peak_213	19.32	tp	0
3-CCCACTGTGCC	STREME-3	2.3e-002	peak_548	19.32	tp	1
3-CCCACTGTGCC	STREME-3	2.3e-002	peak_70	16.97	tp	0
3-CCCACTGTGCC	STREME-3	2.3e-002	peak_785	16.97	tp	0
3-CCCACTGTGCC	STREME-3	2.3e-002	peak_681	16.97	tp	0
3-CCCACTGTGCC	STREME-3	2.3e-002	peak_570	16.76	tp	0
3-CCCACTGTGCC	STREME-3	2.3e-002	peak_563	16.76	tp	0
3-CCCACTGTGCC	STREME-3	2.3e-002	peak_360	16.76	tp	0
3-CCCACTGTGCC	STREME-3	2.3e-002	peak_52	16.76	tp	0
3-CCCACTGTGCC	STREME-3	2.3e-002	peak_54	16.76	tp	0
3-CCCACTGTGCC	STREME-3	2.3e-002	peak_796	16.76	tp	1
3-CCCACTGTGCC	STREME-3	2.3e-002	peak_210	16.62	tp	0
3-CCCACTGTGCC	STREME-3	2.3e-002	peak_471	16.25	tp	0
3-CCCACTGTGCC	STREME-3	2.3e-002	peak_572	16.25	tp	0
3-CCCACTGTGCC	STREME-3	2.3e-002	peak_138	16.25	tp	0
3-CCCACTGTGCC	STREME-3	2.3e-002	peak_720	16.17	tp	0
3-CCCACTGTGCC	STREME-3	2.3e-002	peak_809	16.17	tp	0
3-CCCACTGTGCC	STREME-3	2.3e-002	peak_181	16.11	tp	0
3-CCCACTGTGCC	STREME-3	2.3e-002	peak_772	16.11	tp	0
3-CCCACTGTGCC	STREME-3	2.3e-002	peak_674	16.11	tp	1
3-CCCACTGTGCC	STREME-3	2.3e-002	peak_379	15.86	tp	0
3-CCCACTGTGCC	STREME-3	2.3e-002	peak_417	15.86	fp	0
3-CCCACTGTGCC	STREME-3	2.3e-002	peak_274	15.83	tp	0
3-CCCACTGTGCC	STREME-3	2.3e-002	peak_295	15.82	tp	0
3-CCCACTGTGCC	STREME-3	2.3e-002	peak_491	14.83	tp	0
3-CCCACTGTGCC	STREME-3	2.3e-002	peak_334	14.46	fp	0
3-CCCACTGTGCC	STREME-3	2.3e-002	peak_44	13.83	fp	1
3-CCCACTGTGCC	STREME-3	2.3e-002	peak_739	13.46	tp	0
3-CCCACTGTGCC	STREME-3	2.3e-002	peak_540	13.46	tp	1
3-CCCACTGTGCC	STREME-3	2.3e-002	peak_31	13.40	fp	0
3-CCCACTGTGCC	STREME-3	2.3e-002	peak_820	13.37	tp	0
3-CCCACTGTGCC	STREME-3	2.3e-002	peak_445	13.29	tp	0
3-CCCACTGTGCC	STREME-3	2.3e-002	peak_297	13.16	tp	0
3-CCCACTGTGCC	STREME-3	2.3e-002	peak_833	13.10	tp	0
3-CCCACTGTGCC	STREME-3	2.3e-002	peak_859	13.10	tp	0
3-CCCACTGTGCC	STREME-3	2.3e-002	peak_759	13.05	tp	0
3-CCCACTGTGCC	STREME-3	2.3e-002	peak_518	13.04	tp	0
3-CCCACTGTGCC	STREME-3	2.3e-002	peak_852	13.03	tp	0
3-CCCACTGTGCC	STREME-3	2.3e-002	peak_522	12.85	tp	0
3-CCCACTGTGCC	STREME-3	2.3e-002	peak_105	12.85	tp	0
3-CCCACTGTGCC	STREME-3	2.3e-002	peak_178	12.77	tp	0
3-CCCACTGTGCC	STREME-3	2.3e-002	peak_585	12.77	tp	0
3-CCCACTGTGCC	STREME-3	2.3e-002	peak_671	12.75	tp	0
3-CCCACTGTGCC	STREME-3	2.3e-002	peak_153	12.75	fp	0
3-CCCACTGTGCC	STREME-3	2.3e-002	peak_700	12.75	tp	1
3-CCCACTGTGCC	STREME-3	2.3e-002	peak_383	12.71	tp	0
3-CCCACTGTGCC	STREME-3	2.3e-002	peak_87	12.67	tp	0
3-CCCACTGTGCC	STREME-3	2.3e-002	peak_292	12.67	fp	0
3-CCCACTGTGCC	STREME-3	2.3e-002	peak_350	12.65	tp	1
3-CCCACTGTGCC	STREME-3	2.3e-002	peak_433	12.64	tp	0
3-CCCACTGTGCC	STREME-3	2.3e-002	peak_338	12.57	tp	0
3-CCCACTGTGCC	STREME-3	2.3e-002	peak_74	12.53	tp	0
3-CCCACTGTGCC	STREME-3	2.3e-002	peak_282	12.53	tp	0
3-CCCACTGTGCC	STREME-3	2.3e-002	peak_834	12.45	tp	0
3-CCCACTGTGCC	STREME-3	2.3e-002	peak_276	12.45	fp	0
3-CCCACTGTGCC	STREME-3	2.3e-002	peak_206	12.37	tp	0
3-CCCACTGTGCC	STREME-3	2.3e-002	peak_346	12.37	fp	0
3-CCCACTGTGCC	STREME-3	2.3e-002	peak_380	12.35	tp	0
3-CCCACTGTGCC	STREME-3	2.3e-002	peak_798	12.34	tp	1
3-CCCACTGTGCC	STREME-3	2.3e-002	peak_701	12.34	tp	0
3-CCCACTGTGCC	STREME-3	2.3e-002	peak_635	12.30	tp	0
3-CCCACTGTGCC	STREME-3	2.3e-002	peak_205	12.14	tp	0
3-CCCACTGTGCC	STREME-3	2.3e-002	peak_255	12.11	tp	0
3-CCCACTGTGCC	STREME-3	2.3e-002	peak_626	12.11	tp	1
3-CCCACTGTGCC	STREME-3	2.3e-002	peak_178	12.08	fp	0
3-CCCACTGTGCC	STREME-3	2.3e-002	peak_632	12.00	tp	0
3-CCCACTGTGCC	STREME-3	2.3e-002	peak_773	12.00	tp	0
3-CCCACTGTGCC	STREME-3	2.3e-002	peak_119	11.94	tp	0
3-CCCACTGTGCC	STREME-3	2.3e-002	peak_200	11.83	tp	0
3-CCCACTGTGCC	STREME-3	2.3e-002	peak_316	11.72	tp	0
3-CCCACTGTGCC	STREME-3	2.3e-002	peak_189	11.69	tp	0
3-CCCACTGTGCC	STREME-3	2.3e-002	peak_276	11.63	tp	0
3-CCCACTGTGCC	STREME-3	2.3e-002	peak_449	11.55	tp	0
3-CCCACTGTGCC	STREME-3	2.3e-002	peak_751	11.50	fp	0
3-CCCACTGTGCC	STREME-3	2.3e-002	peak_130	11.29	tp	0
3-CCCACTGTGCC	STREME-3	2.3e-002	peak_532	11.28	tp	0
3-CCCACTGTGCC	STREME-3	2.3e-002	peak_121	11.27	tp	0
3-CCCACTGTGCC	STREME-3	2.3e-002	peak_524	11.27	tp	0
3-CCCACTGTGCC	STREME-3	2.3e-002	peak_485	11.27	tp	0
3-CCCACTGTGCC	STREME-3	2.3e-002	peak_427	11.20	tp	0
3-CCCACTGTGCC	STREME-3	2.3e-002	peak_737	11.09	tp	0
3-CCCACTGTGCC	STREME-3	2.3e-002	peak_295	11.08	fp	1
3-CCCACTGTGCC	STREME-3	2.3e-002	peak_56	11.06	tp	0
3-CCCACTGTGCC	STREME-3	2.3e-002	peak_437	11.04	tp	0
3-CCCACTGTGCC	STREME-3	2.3e-002	peak_92	11.03	tp	0
#
4-RCACTGAGARAAAWNDN	STREME-4	2.7e-002	peak_305	21.57	tp	0
4-RCACTGAGARAAAWNDN	STREME-4	2.7e-002	peak_25	21.37	tp	0
4-RCACTGAGARAAAWNDN	STREME-4	2.7e-002	peak_416	21.16	tp	0
4-RCACTGAGARAAAWNDN	STREME-4	2.7e-002	peak_582	21.14	tp	0
4-RCACTGAGARAAAWNDN	STREME-4	2.7e-002	peak_497	21.07	tp	0
4-RCACTGAGARAAAWNDN	STREME-4	2.7e-002	peak_610	20.94	tp	0
4-RCACTGAGARAAAWNDN	STREME-4	2.7e-002	peak_177	20.51	tp	0
4-RCACTGAGARAAAWNDN	STREME-4	2.7e-002	peak_533	20.29	tp	0
4-RCACTGAGARAAAWNDN	STREME-4	2.7e-002	peak_294	20.00	tp	0
4-RCACTGAGARAAAWNDN	STREME-4	2.7e-002	peak_269	19.88	tp	0
4-RCACTGAGARAAAWNDN	STREME-4	2.7e-002	peak_857	19.69	tp	0
4-RCACTGAGARAAAWNDN	STREME-4	2.7e-002	peak_664	19.55	tp	0
4-RCACTGAGARAAAWNDN	STREME-4	2.7e-002	peak_225	19.31	tp	0
4-RCACTGAGARAAAWNDN	STREME-4	2.7e-002	peak_705	19.07	tp	0
4-RCACTGAGARAAAWNDN	STREME-4	2.7e-002	peak_44	19.06	tp	0
4-RCACTGAGARAAAWNDN	STREME-4	2.7e-002	peak_427	18.85	tp	0
4-RCACTGAGARAAAWNDN	STREME-4	2.7e-002	peak_749	18.84	tp	0
4-RCACTGAGARAAAWNDN	STREME-4	2.7e-002	peak_804	18.83	tp	0
4-RCACTGAGARAAAWNDN	STREME-4	2.7e-002	peak_619	18.52	tp	0
4-RCACTGAGARAAAWNDN	STREME-4	2.7e-002	peak_589	18.17	tp	1
4-RCACTGAGARAAAWNDN	STREME-4	2.7e-002	peak_81	18.03	tp	0
4-RCACTGAGARAAAWNDN	STREME-4	2.7e-002	peak_74	17.88	tp	0
4-RCACTGAGARAAAWNDN	STREME-4	2.7e-002	peak_51	17.83	tp	0
4-RCACTGAGARAAAWNDN	STREME-4	2.7e-002	peak_314	17.81	tp	0
4-RCACTGAGARAAAWNDN	STREME-4	2.7e-002	peak_520	17.80	fp	0
4-RCACTGAGARAAAWNDN	STREME-4	2.7e-002	peak_311	17.42	tp	0
4-RCACTGAGARAAAWNDN	STREME-4	2.7e-002	peak_793	17.36	tp	0
4-RCACTGAGARAAAWNDN	STREME-4	2.7e-002	peak_430	17.04	tp	0
4-RCACTGAGARAAAWNDN	STREME-4	2.7e-002	peak_688	16.92	tp	0
4-RCACTGAGARAAAWNDN	STREME-4	2.7e-002	peak_31	16.85	tp	0
4-RCACTGAGARAAAWNDN	STREME-4	2.7e-002	peak_611	16.76	tp	0
4-RCACTGAGARAAAWNDN	STREME-4	2.7e-002	peak_503	16.70	tp	1
4-RCACTGAGARAAAWNDN	STREME-4	2.7e-002	peak_820	16.68	tp	0
4-RCACTGAGARAAAWNDN	STREME-4	2.7e-002	peak_618	16.45	tp	0
4-RCACTGAGARAAAWNDN	STREME-4	2.7e-002	peak_287	16.40	tp	0
4-RCACTGAGARAAAWNDN	STREME-4	2.7e-002	peak_123	16.37	tp	0
4-RCACTGAGARAAAWNDN	STREME-4	2.7e-002	peak_399	16.22	tp	1
4-RCACTGAGARAAAWNDN	STREME-4	2.7e-002	peak_810	16.20	tp	0
4-RCACTGAGARAAAWNDN	STREME-4	2.7e-002	peak_204	16.17	tp	0
4-RCACTGAGARAAAWNDN	STREME-4	2.7e-002	peak_529	16.13	tp	0
4-RCACTGAGARAAAWNDN	STREME-4	2.7e-002	peak_200	16.11	fp	0
4-RCACTGAGARAAAWNDN	STREME-4	2.7e-002	peak_852	15.95	tp	0
4-RCACTGAGARAAAWNDN	STREME-4	2.7e-002	peak_26	15.89	tp	0
4-RCACTGAGARAAAWNDN	STREME-4	2.7e-002	peak_695	15.76	tp	0
4-RCACTGAGARAAAWNDN	STREME-4	2.7e-002	peak_111	15.74	tp	0
4-RCACTGAGARAAAWNDN	STREME-4	2.7e-002	peak_186	15.62	tp	0
4-RCACTGAGARAAAWNDN	STREME-4	2.7e-002	peak_520	15.59	tp	0
4-RCACTGAGARAAAWNDN	STREME-4	2.7e-002	peak_202	15.59	tp	0
4-RCACTGAGARAAAWNDN	STREME-4	2.7e-002	peak_33	15.51	tp	0
4-RCACTGAGARAAAWNDN	STREME-4	2.7e-002	peak_737	15.49	tp	0
4-RCACTGAGARAAAWNDN	STREME-4	2.7e-002	peak_266	15.44	tp	0
4-RCACTGAGARAAAWNDN	STREME-4	2.7e-002	peak_636	15.38	tp	0
4-RCACTGAGARAAAWNDN	STREME-4	2.7e-002	peak_348	15.35	tp	0
4-RCACTGAGARAAAWNDN	STREME-4	2.7e-002	peak_581	15.34	tp	0
4-RCACTGAGARAAAWNDN	STREME-4	2.7e-002	peak_346	15.21	tp	0
4-RCACTGAGARAAAWNDN	STREME-4	2.7e-002	peak_280	15.20	tp	0
4-RCACTGAGARAAAWNDN	STREME-4	2.7e-002	peak_216	15.14	tp	0
4-RCACTGAGARAAAWNDN	STREME-4	2.7e-002	peak_323	15.08	tp	0
4-RCACTGAGARAAAWNDN	STREME-4	2.7e-002	peak_288	15.05	tp	0
4-RCACTGAGARAAAWNDN	STREME-4	2.7e-002	peak_808	14.91	tp	0
4-RCACTGAGARAAAWNDN	STREME-4	2.7e-002	peak_235	14.90	tp	0
4-RCACTGAGARAAAWNDN	STREME-4	2.7e-002	peak_323	14.78	fp	0
4-RCACTGAGARAAAWNDN	STREME-4	2.7e-002	peak_433	14.78	tp	0
4-RCACTGAGARAAAWNDN	STREME-4	2.7e-002	peak_712	14.72	tp	0
4-RCACTGAGARAAAWNDN	STREME-4	2.7e-002	peak_407	14.64	tp	0
4-RCACTGAGARAAAWNDN	STREME-4	2.7e-002	peak_405	14.48	tp	0
4-RCACTGAGARAAAWNDN	STREME-4	2.7e-002	peak_639	14.37	tp	0
4-RCACTGAGARAAAWNDN	STREME-4	2.7e-002	peak_493	14.36	tp	0
4-RCACTGAGARAAAWNDN	STREME-4	2.7e-002	peak_55	14.03	fp	0
4-RCACTGAGARAAAWNDN	STREME-4	2.7e-002	peak_255	13.99	tp	0
4-RCACTGAGARAAAWNDN	STREME-4	2.7e-002	peak_744	13.81	tp	0
4-RCACTGAGARAAAWNDN	STREME-4	2.7e-002	peak_237	13.80	tp	0
4-RCACTGAGARAAAWNDN	STREME-4	2.7e-002	peak_435	13.60	tp	0
4-RCACTGAGARAAAWNDN	STREME-4	2.7e-002	peak_652	13.58	tp	0
4-RCACTGAGARAAAWNDN	STREME-4	2.7e-002	peak_125	13.50	tp	0
4-RCACTGAGARAAAWNDN	STREME-4	2.7e-002	peak_234	13.49	tp	0
4-RCACTGAGARAAAWNDN	STREME-4	2.7e-002	peak_629	13.48	tp	0
4-RCACTGAGARAAAWNDN	STREME-4	2.7e-002	peak_688	13.43	fp	0
4-RCACTGAGARAAAWNDN	STREME-4	2.7e-002	peak_143	13.31	tp	0
4-RCACTGAGARAAAWNDN	STREME-4	2.7e-002	peak_354	13.30	tp	0
4-RCACTGAGARAAAWNDN	STREME-4	2.7e-002	peak_395	13.30	tp	0
4-RCACTGAGARAAAWNDN	STREME-4	2.7e-002	peak_145	13.27	tp	0
4-RCACTGAGARAAAWNDN	STREME-4	2.7e-002	peak_623	13.23	tp	0
4-RCACTGAGARAAAWNDN	STREME-4	2.7e-002	peak_254	13.22	tp	0
4-RCACTGAGARAAAWNDN	STREME-4	2.7e-002	peak_276	13.21	tp	0
4-RCACTGAGARAAAWNDN	STREME-4	2.7e-002	peak_382	13.14	tp	0
4-RCACTGAGARAAAWNDN	STREME-4	2.7e-002	peak_360	13.10	fp	0
4-RCACTGAGARAAAWNDN	STREME-4	2.7e-002	peak_403	12.91	tp	0
4-RCACTGAGARAAAWNDN	STREME-4	2.7e-002	peak_437	12.87	tp	0
4-RCACTGAGARAAAWNDN	STREME-4	2.7e-002	peak_485	12.86	tp	0
4-RCACTGAGARAAAWNDN	STREME-4	2.7e-002	peak_4	12.80	tp	1
4-RCACTGAGARAAAWNDN	STREME-4	2.7e-002	peak_193	12.79	tp	1
4-RCACTGAGARAAAWNDN	STREME-4	2.7e-002	peak_334	12.74	tp	0
4-RCACTGAGARAAAWNDN	STREME-4	2.7e-002	peak_715	12.62	tp	0
4-RCACTGAGARAAAWNDN	STREME-4	2.7e-002	peak_55	12.54	tp	0
4-RCACTGAGARAAAWNDN	STREME-4	2.7e-002	peak_310	12.51	tp	0
4-RCACTGAGARAAAWNDN	STREME-4	2.7e-002	peak_8	12.39	tp	0
4-RCACTGAGARAAAWNDN	STREME-4	2.7e-002	peak_52	12.35	tp	0
4-RCACTGAGARAAAWNDN	STREME-4	2.7e-002	peak_482	12.33	tp	0
4-RCACTGAGARAAAWNDN	STREME-4	2.7e-002	peak_500	12.31	tp	0
4-RCACTGAGARAAAWNDN	STREME-4	2.7e-002	peak_543	12.26	tp	0
4-RCACTGAGARAAAWNDN	STREME-4	2.7e-002	peak_511	12.24	tp	0
4-RCACTGAGARAAAWNDN	STREME-4	2.7e-002	peak_24	12.18	tp	0
#
5-CAGTGTGACCGKD	STREME-5	2.7e-002	peak_313	22.98	tp	0
5-CAGTGTGACCGKD	STREME-5	2.7e-002	peak_256	20.34	tp	0
5-CAGTGTGACCGKD	STREME-5	2.7e-002	peak_355	19.82	tp	0
5-CAGTGTGACCGKD	STREME-5	2.7e-002	peak_326	19.74	tp	0
5-CAGTGTGACCGKD	STREME-5	2.7e-002	peak_208	19.74	tp	0
5-CAGTGTGACCGKD	STREME-5	2.7e-002	peak_637	19.07	tp	0
5-CAGTGTGACCGKD	STREME-5	2.7e-002	peak_713	19.07	tp	0
5-CAGTGTGACCGKD	STREME-5	2.7e-002	peak_411	18.44	tp	1
5-CAGTGTGACCGKD	STREME-5	2.7e-002	peak_137	17.85	tp	0
5-CAGTGTGACCGKD	STREME-5	2.7e-002	peak_191	17.81	tp	0
5-CAGTGTGACCGKD	STREME-5	2.7e-002	peak_599	17.81	tp	0
5-CAGTGTGACCGKD	STREME-5	2.7e-002	peak_166	17.74	tp	0
5-CAGTGTGACCGKD	STREME-5	2.7e-002	peak_569	17.74	tp	1
5-CAGTGTGACCGKD	STREME-5	2.7e-002	peak_188	17.50	tp	0
5-CAGTGTGACCGKD	STREME-5	2.7e-002	peak_432	17.47	tp	0
5-CAGTGTGACCGKD	STREME-5	2.7e-002	peak_460	17.37	tp	0
5-CAGTGTGACCGKD	STREME-5	2.7e-002	peak_563	17.08	tp	0
5-CAGTGTGACCGKD	STREME-5	2.7e-002	peak_519	17.07	tp	0
5-CAGTGTGACCGKD	STREME-5	2.7e-002	peak_383	17.03	tp	0
5-CAGTGTGACCGKD	STREME-5	2.7e-002	peak_130	16.56	tp	0
5-CAGTGTGACCGKD	STREME-5	2.7e-002	peak_824	16.46	tp	0
5-CAGTGTGACCGKD	STREME-5	2.7e-002	peak_254	16.43	tp	0
5-CAGTGTGACCGKD	STREME-5	2.7e-002	peak_318	16.27	tp	0
5-CAGTGTGACCGKD	STREME-5	2.7e-002	peak_638	16.21	tp	1
5-CAGTGTGACCGKD	STREME-5	2.7e-002	peak_545	16.21	tp	1
5-CAGTGTGACCGKD	STREME-5	2.7e-002	peak_86	15.22	tp	1
5-CAGTGTGACCGKD	STREME-5	2.7e-002	peak_387	15.18	tp	0
5-CAGTGTGACCGKD	STREME-5	2.7e-002	peak_797	14.85	tp	0
5-CAGTGTGACCGKD	STREME-5	2.7e-002	peak_602	14.75	tp	0
5-CAGTGTGACCGKD	STREME-5	2.7e-002	peak_213	14.39	tp	0
5-CAGTGTGACCGKD	STREME-5	2.7e-002	peak_445	14.32	tp	0
5-CAGTGTGACCGKD	STREME-5	2.7e-002	peak_417	14.20	tp	0
5-CAGTGTGACCGKD	STREME-5	2.7e-002	peak_46	14.09	tp	0
5-CAGTGTGACCGKD	STREME-5	2.7e-002	peak_627	13.71	tp	0
5-CAGTGTGACCGKD	STREME-5	2.7e-002	peak_611	12.97	tp	0
#
6-ATTCCATTTAWATTTAAWW	STREME-6	3.4e-001	peak_360	23.39	tp	0
6-ATTCCATTTAWATTTAAWW	STREME-6	3.4e-001	peak_811	22.26	tp	0
6-ATTCCATTTAWATTTAAWW	STREME-6	3.4e-001	peak_243	20.74	tp	0
6-ATTCCATTTAWATTTAAWW	STREME-6	3.4e-001	peak_234	20.01	tp	0
6-ATTCCATTTAWATTTAAWW	STREME-6	3.4e-001	peak_636	18.75	tp	0
6-ATTCCATTTAWATTTAAWW	STREME-6	3.4e-001	peak_153	18.63	tp	0
6-ATTCCATTTAWATTTAAWW	STREME-6	3.4e-001	peak_181	16.24	fp	0
6-ATTCCATTTAWATTTAAWW	STREME-6	3.4e-001	peak_853	16.22	tp	0
6-ATTCCATTTAWATTTAAWW	STREME-6	3.4e-001	peak_211	15.99	tp	0
6-ATTCCATTTAWATTTAAWW	STREME-6	3.4e-001	peak_229	15.68	tp	0
6-ATTCCATTTAWATTTAAWW	STREME-6	3.4e-001	peak_713	15.61	tp	0
6-ATTCCATTTAWATTTAAWW	STREME-6	3.4e-001	peak_208	15.55	tp	0
6-ATTCCATTTAWATTTAAWW	STREME-6	3.4e-001	peak_382	15.30	tp	0
6-ATTCCATTTAWATTTAAWW	STREME-6	3.4e-001	peak_256	15.20	tp	0
6-ATTCCATTTAWATTTAAWW	STREME-6	3.4e-001	peak_683	14.97	tp	0
6-ATTCCATTTAWATTTAAWW	STREME-6	3.4e-001	peak_545	14.95	tp	1
6-ATTCCATTTAWATTTAAWW	STREME-6	3.4e-001	peak_76	14.80	tp	0
6-ATTCCATTTAWATTTAAWW	STREME-6	3.4e-001	peak_84	14.77	tp	1
6-ATTCCATTTAWATTTAAWW	STREME-6	3.4e-001	peak_421	14.52	tp	0
6-ATTCCATTTAWATTTAAWW	STREME-6	3.4e-001	peak_575	14.47	tp	0
6-ATTCCATTTAWATTTAAWW	STREME-6	3.4e-001	peak_405	14.46	tp	0
6-ATTCCATTTAWATTTAAWW	STREME-6	3.4e-001	peak_459	14.36	tp	0
6-ATTCCATTTAWATTTAAWW	STREME-6	3.4e-001	peak_189	14.35	tp	0
6-ATTCCATTTAWATTTAAWW	STREME-6	3.4e-001	peak_701	14.30	tp	0
6-ATTCCATTTAWATTTAAWW	STREME-6	3.4e-001	peak_519	14.29	tp	0
6-ATTCCATTTAWATTTAAWW	STREME-6	3.4e-001	peak_623	14.24	tp	0
6-ATTCCATTTAWATTTAAWW	STREME-6	3.4e-001	peak_524	14.08	tp	0
6-ATTCCATTTAWATTTAAWW	STREME-6	3.4e-001	peak_419	14.07	tp	0
6-ATTCCATTTAWATTTAAWW	STREME-6	3.4e-001	peak_183	14.01	tp	0
6-ATTCCATTTAWATTTAAWW	STREME-6	3.4e-001	peak_685	14.00	tp	0
6-ATTCCATTTAWATTTAAWW	STREME-6	3.4e-001	peak_785	13.84	tp	0
6-ATTCCATTTAWATTTAAWW	STREME-6	3.4e-001	peak_4	13.78	fp	1
6-ATTCCATTTAWATTTAAWW	STREME-6	3.4e-001	peak_87	13.72	fp	0
6-ATTCCATTTAWATTTAAWW	STREME-6	3.4e-001	peak_414	13.59	tp	0
6-ATTCCATTTAWATTTAAWW	STREME-6	3.4e-001	peak_372	13.53	tp	0
6-ATTCCATTTAWATTTAAWW	STREME-6	3.4e-001	peak_468	13.47	tp	0
6-ATTCCATTTAWATTTAAWW	STREME-6	3.4e-001	peak_859	13.46	tp	0
6-ATTCCATTTAWATTTAAWW	STREME-6	3.4e-001	peak_494	13.39	tp	0
6-ATTCCATTTAWATTTAAWW	STREME-6	3.4e-001	peak_244	13.19	tp	1
6-ATTCCATTTAWATTTAAWW	STREME-6	3.4e-001	peak_574	13.14	tp	0
6-ATTCCATTTAWATTTAAWW	STREME-6	3.4e-001	peak_257	13.00	fp	1
6-ATTCCATTTAWATTTAAWW	STREME-6	3.4e-001	peak_476	12.92	tp	0
6-ATTCCATTTAWATTTAAWW	STREME-6	3.4e-001	peak_59	12.88	tp	0
6-ATTCCATTTAWATTTAAWW	STREME-6	3.4e-001	peak_418	12.69	tp	1
6-ATTCCATTTAWATTTAAWW	STREME-6	3.4e-001	peak_429	12.52	tp	0
6-ATTCCATTTAWATTTAAWW	STREME-6	3.4e-001	peak_525	12.46	tp	0
#
7-ACACACACACAVMY	STREME-7	5.0e-001	peak_806	20.10	tp	0
7-ACACACACACAVMY	STREME-7	5.0e-001	peak_500	19.27	tp	0
7-ACACACACACAVMY	STREME-7	5.0e-001	peak_757	19.25	tp	0
7-ACACACACACAVMY	STREME-7	5.0e-001	peak_360	18.69	tp	0
7-ACACACACACAVMY	STREME-7	5.0e-001	peak_338	18.52	tp	0
7-ACACACACACAVMY	STREME-7	5.0e-001	peak_759	18.22	tp	0
7-ACACACACACAVMY	STREME-7	5.0e-001	peak_482	17.49	tp	0
7-ACACACACACAVMY	STREME-7	5.0e-001	peak_471	17.38	tp	0
7-ACACACACACAVMY	STREME-7	5.0e-001	peak_837	17.30	tp	0
7-ACACACACACAVMY	STREME-7	5.0e-001	peak_835	17.22	tp	0
7-ACACACACACAVMY	STREME-7	5.0e-001	peak_382	17.16	tp	0
7-ACACACACACAVMY	STREME-7	5.0e-001	peak_204	17.13	tp	0
7-ACACACACACAVMY	STREME-7	5.0e-001	peak_824	16.42	tp	0
7-ACACACACACAVMY	STREME-7	5.0e-001	peak_802	16.39	tp	0
7-ACACACACACAVMY	STREME-7	5.0e-001	peak_294	16.35	tp	0
7-ACACACACACAVMY	STREME-7	5.0e-001	peak_177	16.35	tp	0
7-ACACACACACAVMY	STREME-7	5.0e-001	peak_121	15.99	tp	0
7-ACACACACACAVMY	STREME-7	5.0e-001	peak_205	15.94	tp	0
7-ACACACACACAVMY	STREME-7	5.0e-001	peak_618	15.74	tp	0
7-ACACACACACAVMY	STREME-7	5.0e-001	peak_348	15.70	tp	0
7-ACACACACACAVMY	STREME-7	5.0e-001	peak_672	15.55	tp	0
7-ACACACACACAVMY	STREME-7	5.0e-001	peak_736	15.50	tp	0
7-ACACACACACAVMY	STREME-7	5.0e-001	peak_189	15.49	tp	0
7-ACACACACACAVMY	STREME-7	5.0e-001	peak_586	15.48	tp	0
7-ACACACACACAVMY	STREME-7	5.0e-001	peak_346	15.36	tp	0
7-ACACACACACAVMY	STREME-7	5.0e-001	peak_206	15.00	tp	0
7-ACACACACACAVMY	STREME-7	5.0e-001	peak_52	14.87	tp	0
7-ACACACACACAVMY	STREME-7	5.0e-001	peak_178	14.87	tp	0
7-ACACACACACAVMY	STREME-7	5.0e-001	peak_413	14.81	tp	0
7-ACACACACACAVMY	STREME-7	5.0e-001	peak_202	14.77	tp	0
7-ACACACACACAVMY	STREME-7	5.0e-001	peak_312	14.69	tp	0
7-ACACACACACAVMY	STREME-7	5.0e-001	peak_416	14.53	tp	0
7-ACACACACACAVMY	STREME-7	5.0e-001	peak_431	14.48	tp	0
7-ACACACACACAVMY	STREME-7	5.0e-001	peak_81	14.34	tp	0
7-ACACACACACAVMY	STREME-7	5.0e-001	peak_627	14.31	tp	0
7-ACACACACACAVMY	STREME-7	5.0e-001	peak_257	14.31	tp	0
7-ACACACACACAVMY	STREME-7	5.0e-001	peak_282	14.22	tp	0
7-ACACACACACAVMY	STREME-7	5.0e-001	peak_700	14.16	tp	1
7-ACACACACACAVMY	STREME-7	5.0e-001	peak_135	14.10	tp	0
7-ACACACACACAVMY	STREME-7	5.0e-001	peak_670	13.96	tp	0
7-ACACACACACAVMY	STREME-7	5.0e-001	peak_281	13.93	tp	0
7-ACACACACACAVMY	STREME-7	5.0e-001	peak_781	13.90	tp	0
7-ACACACACACAVMY	STREME-7	5.0e-001	peak_225	13.76	tp	0
#
8-GSGTTGCCAS	STREME-8	8.8e-001	peak_148	18.00	tp	0
8-GSGTTGCCAS	STREME-8	8.8e-001	peak_622	18.00	tp	0
8-GSGTTGCCAS	STREME-8	8.8e-001	peak_237	18.00	tp	0
8-GSGTTGCCAS	STREME-8	8.8e-001	peak_208	18.00	tp	0
8-GSGTTGCCAS	STREME-8	8.8e-001	peak_368	17.41	tp	0
8-GSGTTGCCAS	STREME-8	8.8e-001	peak_476	17.16	tp	0
8-GSGTTGCCAS	STREME-8	8.8e-001	peak_849	17.16	tp	0
8-GSGTTGCCAS	STREME-8	8.8e-001	peak_47	17.16	tp	0
8-GSGTTGCCAS	STREME-8	8.8e-001	peak_299	17.16	tp	0
8-GSGTTGCCAS	STREME-8	8.8e-001	peak_638	17.16	tp	1
8-GSGTTGCCAS	STREME-8	8.8e-001	peak_599	16.58	tp	0
8-GSGTTGCCAS	STREME-8	8.8e-001	peak_141	16.58	tp	0
8-GSGTTGCCAS	STREME-8	8.8e-001	peak_291	16.17	tp	0
8-GSGTTGCCAS	STREME-8	8.8e-001	peak_563	16.17	tp	0
8-GSGTTGCCAS	STREME-8	8.8e-001	peak_517	16.17	tp	0
8-GSGTTGCCAS	STREME-8	8.8e-001	peak_189	16.17	tp	0
8-GSGTTGCCAS	STREME-8	8.8e-001	peak_789	15.43	tp	0
8-GSGTTGCCAS	STREME-8	8.8e-001	peak_773	15.43	tp	0
8-GSGTTGCCAS	STREME-8	8.8e-001	peak_168	15.43	tp	0
8-GSGTTGCCAS	STREME-8	8.8e-001	peak_354	15.34	tp	0
8-GSGTTGCCAS	STREME-8	8.8e-001	peak_326	15.34	tp	0
8-GSGTTGCCAS	STREME-8	8.8e-001	peak_233	15.34	tp	0
8-GSGTTGCCAS	STREME-8	8.8e-001	peak_437	15.31	tp	0
8-GSGTTGCCAS	STREME-8	8.8e-001	peak_356	15.01	tp	0
8-GSGTTGCCAS	STREME-8	8.8e-001	peak_522	14.84	tp	0
8-GSGTTGCCAS	STREME-8	8.8e-001	peak_459	14.84	tp	0
8-GSGTTGCCAS	STREME-8	8.8e-001	peak_812	14.72	tp	0
8-GSGTTGCCAS	STREME-8	8.8e-001	peak_533	14.56	tp	0
8-GSGTTGCCAS	STREME-8	8.8e-001	peak_251	14.56	tp	0
8-GSGTTGCCAS	STREME-8	8.8e-001	peak_528	14.24	tp	0
8-GSGTTGCCAS	STREME-8	8.8e-001	peak_494	14.24	tp	0
8-GSGTTGCCAS	STREME-8	8.8e-001	peak_819	14.18	tp	0
8-GSGTTGCCAS	STREME-8	8.8e-001	peak_807	14.18	tp	0
8-GSGTTGCCAS	STREME-8	8.8e-001	peak_334	14.18	tp	0
8-GSGTTGCCAS	STREME-8	8.8e-001	peak_218	13.97	tp	0
8-GSGTTGCCAS	STREME-8	8.8e-001	peak_297	13.97	fp	0
8-GSGTTGCCAS	STREME-8	8.8e-001	peak_46	13.93	tp	0
8-GSGTTGCCAS	STREME-8	8.8e-001	peak_471	13.93	tp	0
8-GSGTTGCCAS	STREME-8	8.8e-001	peak_277	13.66	tp	0
8-GSGTTGCCAS	STREME-8	8.8e-001	peak_540	13.66	fp	0
8-GSGTTGCCAS	STREME-8	8.8e-001	peak_295	13.60	fp	1
8-GSGTTGCCAS	STREME-8	8.8e-001	peak_379	13.60	tp	0
8-GSGTTGCCAS	STREME-8	8.8e-001	peak_282	13.60	tp	0
8-GSGTTGCCAS	STREME-8	8.8e-001	peak_287	13.48	tp	0
8-GSGTTGCCAS	STREME-8	8.8e-001	peak_178	13.44	tp	0
8-GSGTTGCCAS	STREME-8	8.8e-001	peak_714	13.09	tp	0
8-GSGTTGCCAS	STREME-8	8.8e-001	peak_213	13.03	tp	0
8-GSGTTGCCAS	STREME-8	8.8e-001	peak_436	12.94	tp	0
8-GSGTTGCCAS	STREME-8	8.8e-001	peak_318	12.76	fp	1
8-GSGTTGCCAS	STREME-8	8.8e-001	peak_96	12.55	tp	0
8-GSGTTGCCAS	STREME-8	8.8e-001	peak_797	12.53	tp	0
