"offset","n"
-60,0
-59,0
-58,1
-57,0
-56,0
-55,0
-54,1
-53,1
-52,3
-51,0
-50,0
-49,1
-48,1
-47,0
-46,0
-45,0
-44,1
-43,0
-42,0
-41,1
-40,0
-39,1
-38,0
-37,1
-36,1
-35,1
-34,0
-33,0
-32,0
-31,0
-30,1
-29,2
-28,2
-27,2
-26,0
-25,2
-24,1
-23,1
-22,0
-21,0
-20,1
-19,0
-18,0
-17,0
-16,0
-15,2
-14,1
-13,0
-12,0
-11,0
-10,0
-9,0
-8,0
-7,0
-6,0
-5,0
-4,0
-3,0
-2,15
-1,2
0,36
1,1
2,8
3,1
4,0
5,1
6,0
7,1
8,1
9,1
10,1
11,0
12,0
13,1
14,2
15,0
16,0
17,1
18,1
19,0
20,0
21,0
22,0
23,2
24,0
25,1
26,1
27,1
28,0
29,0
30,1
31,1
32,0
33,0
34,1
35,2
36,0
37,1
38,0
39,0
40,0
41,1
42,0
43,0
44,0
45,0
46,1
47,0
48,1
49,0
50,1
51,0
52,2
53,0
54,0
55,1
56,0
57,1
58,0
59,0
60,2
