Query_ID	Target_ID	Optimal_offset	p-value	E-value	q-value	Overlap	Query_consensus	Target_consensus	Orientation
STRCACTGARARAAA	neph__UW.Motif.0099	-3	0.00977044	1.95409	1	11	GTACACTGAGAAAAA	AAATGAAAACA	+
STRCACTGARARAAA	tfdimers__MD00197	9	0.0110888	2.21777	1	15	GTACACTGAGAAAAA	GAAGAAATGGGGAACTGGCAAAAG	+
STRCACTGARARAAA	predrem__nrMotif2418	-4	0.0163152	3.26304	1	9	GTACACTGAGAAAAA	CCTGATAAA	+
STRCACTGARARAAA	neph__UW.Motif.0556	-1	0.0248072	4.96143	1	14	GTACACTGAGAAAAA	TGAAAAGAAAAACAG	-
STRCACTGARARAAA	dbcorrdb__SREBF2__ENCSR000DYT_1__m5	6	0.0306338	6.12676	1	14	GTACACTGAGAAAAA	CTAAAGGCGCAAGGAAAAAA	-
STRCACTGARARAAA	predrem__nrMotif1822	0	0.03411	6.822	1	7	GTACACTGAGAAAAA	GTGCTCT	-
STRCACTGARARAAA	yetfasco__YJL110C_2133	-4	0.0352068	7.04136	1	10	GTACACTGAGAAAAA	ACTGATAAGG	+
STRCACTGARARAAA	idmmpmm__kni	-2	0.0409052	8.18105	1	13	GTACACTGAGAAAAA	AAAACTAGAGCAA	+
STRCACTGARARAAA	flyfactorsurvey__Trl_FlyReg_FBgn0013263	-3	0.0415705	8.31411	1	10	GTACACTGAGAAAAA	GAGAGAGCAA	-
STRCACTGARARAAA	cisbp__M2014	-3	0.0463304	9.26609	1	10	GTACACTGAGAAAAA	GAGAGAGCAA	+
STRCACTGARARAAA	homer__GAATGGAAAAAATGAGTCAT_NFAT:AP1	-3	0.0480807	9.61614	1	12	GTACACTGAGAAAAA	GAATGGAAAAAATGAGTCAT	+
STRCACTGARARAAA	tfdimers__MD00007	5	0.0544436	10.8887	1	15	GTACACTGAGAAAAA	AAAAATGAAACTGAAAGTAAAAA	-
STRCACTGARARAAA	cisbp__M0340	-1	0.0734608	14.6922	1	13	GTACACTGAGAAAAA	TACACGTAATCTA	-
STRCACTGARARAAA	predrem__nrMotif19	0	0.073537	14.7074	1	10	GTACACTGAGAAAAA	AAACACAGAT	+
STRCACTGARARAAA	predrem__nrMotif241	-3	0.0801512	16.0302	1	9	GTACACTGAGAAAAA	GAATGTGAA	+
STRCACTGARARAAA	cisbp__M0784	-4	0.0844421	16.8884	1	9	GTACACTGAGAAAAA	AGAGATAAG	+
STRCACTGARARAAA	swissregulon__hs__FOSL2.p2	-3	0.100455	20.091	1	12	GTACACTGAGAAAAA	GACCGTGAGTCA	-
STRCACTGARARAAA	taipale_tf_pairs__CUX1_PITX1_GGATTANNNNATCRATN_CAP_repr	2	0.115023	23.0047	1	15	GTACACTGAGAAAAA	GGATTAAGTGATCGATA	+
STRCACTGARARAAA	predrem__nrMotif1902	-4	0.122894	24.5787	1	10	GTACACTGAGAAAAA	AATGGAAAGA	-
STRCACTGARARAAA	predrem__nrMotif1756	0	0.127277	25.4555	1	9	GTACACTGAGAAAAA	GCACACTCC	-
STRCACTGARARAAA	cisbp__M0797	-3	0.128523	25.7046	1	10	GTACACTGAGAAAAA	TACTGATAAG	+
STRCACTGARARAAA	taipale_cyt_meth__CREB3L1_NTGCCACGYGTACN_eDBD_meth	1	0.139438	27.8876	1	13	GTACACTGAGAAAAA	TGTACACGTGGCAC	-
STRCACTGARARAAA	tfdimers__MD00376	6	0.145558	29.1116	1	15	GTACACTGAGAAAAA	AAAAAGAGGAAGTAAAAAATAAA	+
STRCACTGARARAAA	yetfasco__YOL028C_1737	-3	0.146339	29.2677	1	12	GTACACTGAGAAAAA	TGCTTACTAATA	-
STRCACTGARARAAA	taipale_tf_pairs__TEAD4_HOXB13_RGAATGCNNRTAAA_CAP	-2	0.150444	30.0888	1	13	GTACACTGAGAAAAA	GGAATGCTCGTAAA	+
STRCACTGARARAAA	predrem__nrMotif110	-8	0.151675	30.335	1	7	GTACACTGAGAAAAA	AAAAAGA	+
STRCACTGARARAAA	dbcorrdb__CHD1__ENCSR000EFC_1__m4	-2	0.15573	31.146	1	13	GTACACTGAGAAAAA	AGCCGACGAGAACGTCGGCG	+
STRCACTGARARAAA	cisbp__M0783	-5	0.16022	32.0439	1	10	GTACACTGAGAAAAA	TAGAGATAAG	+
STRCACTGARARAAA	jaspar__MA0199.1	-6	0.160245	32.049	1	5	GTACACTGAGAAAAA	TGATA	+
STRCACTGARARAAA	cisbp__M2008	-6	0.160245	32.049	1	5	GTACACTGAGAAAAA	TGATA	-
STRCACTGARARAAA	cisbp__M0798	-5	0.179724	35.9448	1	8	GTACACTGAGAAAAA	CCGATAAG	+
STRCACTGARARAAA	cisbp__M4891	-2	0.20585	41.17	1	8	GTACACTGAGAAAAA	TGAATGGG	-
STRCACTGARARAAA	cisbp__M0787	-4	0.20672	41.3441	1	10	GTACACTGAGAAAAA	ACAGATAAGG	+
STRCACTGARARAAA	cisbp__M0788	-4	0.20672	41.3441	1	10	GTACACTGAGAAAAA	AGAGATAAGA	+
STRCACTGARARAAA	flyfactorsurvey__kni_SANGER_5_FBgn0001320	-2	0.214791	42.9582	1	12	GTACACTGAGAAAAA	AAAAGTAGAGCA	+
STRCACTGARARAAA	hocomoco__IRF2_HUMAN.H11MO.0.A	-1	0.22172	44.3441	1	14	GTACACTGAGAAAAA	GAAAGTGAAAGTGAAAGTAA	+
STRCACTGARARAAA	tfdimers__MD00489	2	0.230455	46.0911	1	15	GTACACTGAGAAAAA	AAAAAAAGAGGAACAGAATTAT	-
STRCACTGARARAAA	cisbp__M5058	-2	0.230889	46.1778	1	12	GTACACTGAGAAAAA	AAAAGTAGAGCA	-
STRCACTGARARAAA	dbcorrdb__POLR2A__ENCSR000DLQ_1__m1	1	0.237071	47.4141	1	15	GTACACTGAGAAAAA	GGCGCAAGCGCAAAACGACC	+
STRCACTGARARAAA	scertf__harbison.MSN4	-1	0.239248	47.8495	1	7	GTACACTGAGAAAAA	TCCCCTT	-
STRCACTGARARAAA	cisbp__M0254	0	0.239426	47.8852	1	9	GTACACTGAGAAAAA	GTGCGCGGT	+
STRCACTGARARAAA	dbcorrdb__SUZ12__ENCSR000EXH_1__m3	5	0.245023	49.0046	1	15	GTACACTGAGAAAAA	CGAAGCAGCAGCGCGCAGAC	-

# Tomtom (Motif Comparison Tool): Version 5.5.9 compiled on May 27 2026 at 12:34:00
# The format of this file is described at https://meme-suite.org/meme/doc/tomtom-output-format.html.
# tomtom -no-ssc -oc data/icistarget/all_heterodimers/Sim_Tgo_m2pos/tt_icis_near -thresh 50 -evalue -min-overlap 5 -dist pearson data/chapter3/STRCACTGARARAAA.meme data/icistarget/all_heterodimers/Sim_Tgo_m2pos/icistarget_289.meme
