mark,stage,n_m2_pos,n_m2_neg,mean_pct_m2_pos,mean_pct_m2_neg,diff,p_wilcox,q_wilcox
H3K4Me1,E-4-8h,67,56,0.643303413413616,0.643011110900653,0.000292302512963194,0.620481206557727,0.79814453139575
H3K4Me1,E-8-12,67,56,0.752002195989742,0.771683463309573,-0.0196812673198314,0.438638555133129,0.731546462902813
H3K4Me1,E-12-16h,67,56,0.79254469522143,0.778393330088938,0.0141513651324916,0.766389339258335,0.87750521124597
H3K4Me1,E-16-20h,67,56,0.667377616408432,0.620297350463018,0.047080265945414,0.310969002850264,0.691042228556142
H3K4Me1,E-20-24h,67,56,0.624931245996803,0.542185282986949,0.0827459630098535,0.0972812339068643,0.457843754170516
H3K27Ac,E-4-8h,67,56,0.646864481848106,0.625963671694477,0.0209008101536291,0.925144869467261,0.97383670470238
H3K27Ac,E-8-12,67,56,0.603106209981621,0.622649516437478,-0.0195433064558567,0.624070343485338,0.79814453139575
H3K27Ac,E-12-16h,67,56,0.697454858753025,0.683294734736294,0.0141601240167308,0.466132324719542,0.731546462902813
H3K27Ac,E-16-20h,67,56,0.615492506861081,0.669111881003526,-0.053619374142445,0.157243231040665,0.457843754170516
H3K27Ac,E-20-24h,67,56,0.586284780039298,0.607974038792837,-0.0216892587535383,0.469245167513322,0.731546462902813
H3K4Me3,E-4-8h,67,56,0.57468985895197,0.631214824687415,-0.0565249657354446,0.0828543516867753,0.457843754170516
H3K4Me3,E-8-12,67,56,0.615740168109609,0.675043880510319,-0.0593037124007099,0.0605782144942399,0.457843754170516
H3K4Me3,E-12-16h,67,56,0.564735938921273,0.636561163612051,-0.0718252246907784,0.0496579582408235,0.457843754170516
H3K4Me3,E-16-20h,67,56,0.631506669855418,0.667794736607032,-0.0362880667516139,0.197941660779172,0.494854151947929
H3K4Me3,E-20-24h,67,56,0.580787916611137,0.607956348204168,-0.0271684315930313,0.475505200886829,0.731546462902813
H3K27Me3,E-4-8h,67,56,0.479664838238153,0.41649829226628,0.0631665459718728,0.115987089313556,0.457843754170516
H3K27Me3,E-8-12,67,56,0.568555493907941,0.540996654985909,0.0275588389220316,0.6385156251166,0.79814453139575
H3K27Me3,E-12-16h,67,56,0.560400427371211,0.496013160161073,0.0643872672101379,0.16024531395968,0.457843754170516
H3K27Me3,E-16-20h,67,56,0.568767696733885,0.576077648526449,-0.00730995179256433,0.789754690121373,0.87750521124597
H3K27Me3,E-20-24h,67,56,0.53902390071583,0.536871860708685,0.0021520400071452,0.997973913584629,0.997973913584629
