"seqnames","start","end","signalValue","macs3_fold_enrichment"
"chr2L",223335,223704,27.6898403,2.50946
"chr2L",267438,267971,24.3489094,3.85718
"chr2L",297482,298096,29.6550083,3.33531
"chr2L",414646,415106,27.4743595,3.44214
"chr2L",441985,442232,26.6008072,2.56937
"chr2L",520685,521095,26.5109482,3.294955
"chr2L",574228,574614,22.4651165,2.568355
"chr2L",715438,715770,21.5675678,2.99566
"chr2L",1075806,1076118,33.6936951,4.10565
"chr2L",1172739,1173081,26.3770485,2.902995
"chr2L",1185566,1185907,22.0555553,2.795525
"chr2L",1590193,1590504,20.5764332,3.14053
"chr2L",1611179,1611501,26.3529415,2.793215
"chr2L",1634171,1634500,20.8454552,2.439605
"chr2L",2380820,2381170,28.4102573,3.52351
"chr2L",2433556,2433798,20.6296291,3.23177
"chr2L",2759600,2759937,27.7100601,3.070215
"chr2L",2765523,2765959,34.9542923,4.16234
"chr2L",2896954,2897437,21.7252064,2.721295
"chr2L",2976833,2977160,27.9969521,2.964565
"chr2L",2987607,2988169,26.8685608,3.05517
"chr2L",3037173,3037563,28.5804996,3.510545
"chr2L",3354783,3355316,27.0493069,4.515595
"chr2L",3376697,3377026,16.1428566,2.81845
"chr2L",3655651,3656016,25.6366119,2.662965
"chr2L",3703303,3703594,18.9726028,3.03972
"chr2L",3786199,3786614,26.7149525,2.65223
"chr2L",3789264,3789689,21.1009388,2.823835
"chr2L",3832343,3832691,38.0773621,4.46677
"chr2L",4837675,4838126,40.505619,6.95109
"chr2L",4850332,4850751,28.282196,4.460135
"chr2L",4945308,4945676,28.6802177,3.55907
"chr2L",4976978,4977445,24.1816235,2.92731
"chr2L",4981261,4981701,35.984127,5.20302
"chr2L",5004935,5005324,26.7974358,3.660305
"chr2L",5087113,5087498,24.5595856,2.838215
"chr2L",5523870,5524359,22.1456699,2.402745
"chr2L",5546394,5546800,23.5479107,2.869575
"chr2L",6065950,6066289,45.8058815,5.071815
"chr2L",6610654,6611040,28.1550388,2.48765
"chr2L",6612410,6613105,53.5790215,7.426065
"chr2L",6647036,6647468,42.7336349,5.13747
"chr2L",6648130,6648564,34.0909081,3.81406
"chr2L",7194370,7194724,27.1774654,3.729645
"chr2L",7295988,7296281,19.4897957,2.824165
"chr2L",7530350,7530993,32.5552254,4.843625
"chr2L",7534979,7535270,28.5628414,2.79774
"chr2L",7564911,7565184,26.10219,3.041885
"chr2L",7925393,7925754,17.9309387,2.5366
"chr2L",7964619,7964904,24.1293697,3.37982
"chr2L",8212815,8213209,44.1177826,5.57253
"chr2L",8277598,8278056,38.6352463,6.34963
"chr2L",8311095,8311477,25.0287209,3.518655
"chr2L",8376589,8377063,32.3873672,4.99413
"chr2L",8384114,8384514,27.5820904,2.85645
"chr2L",8463155,8463460,22.6049385,3.06593
"chr2L",8535310,8535975,26.0840836,3.13301
"chr2L",8717336,8718118,22.9680614,3.47584
"chr2L",8951155,8951555,30.7506237,4.339725
"chr2L",9430936,9431492,25.6771297,3.80725
"chr2L",9520830,9521258,36.9200706,4.327775
"chr2L",9569673,9570351,29.2403316,3.913845
"chr2L",9956810,9957472,23.9245853,3.706945
"chr2L",9967019,9967507,25.2678928,2.75525
"chr2L",10010041,10010358,36.7595253,3.73121
"chr2L",10057288,10057584,24.3385582,3.401525
"chr2L",10200851,10201300,45.5360184,5.560355
"chr2L",10386296,10386652,22.207283,2.42509
"chr2L",10665669,10665933,21.7018871,2.783305
"chr2L",10737183,10737503,26.1028042,2.89022
"chr2L",11106613,11107044,44.3076935,5.966905
"chr2L",11123560,11123870,21.6527328,2.72375
"chr2L",11816337,11816742,29.550724,4.458485
"chr2L",12103275,12103762,24.7473125,3.446795
"chr2L",12721865,12722293,23.3379955,2.801585
"chr2L",13083613,13083988,23.3723412,3.09295
"chr2L",13373738,13374210,38.7162704,4.832015
"chr2L",13387277,13387637,37.842392,3.902105
"chr2L",13394959,13395416,25.4624004,4.096995
"chr2L",13514562,13515320,24.172596,2.93795
"chr2L",13835069,13835778,39.4327164,8.035205
"chr2L",13904426,13904846,24.9596195,2.63836
"chr2L",14361764,14362124,21.0057697,2.795035
"chr2L",14461107,14461442,27.7918453,3.5122
"chr2L",14546962,14547276,26.0222225,3.13174
"chr2L",14615094,14615461,20.184782,2.609725
"chr2L",14689249,14689698,36.4622231,5.621375
"chr2L",14995525,14996238,25.4467793,3.833175
"chr2L",15009730,15010040,25.8683472,2.93605
"chr2L",15746868,15747349,23.5456429,2.804955
"chr2L",16279691,16280086,29.4494953,3.410525
"chr2L",16716163,16716567,35.9753075,3.42801
"chr2L",17378627,17379240,53.9951134,7.562175
"chr2L",17480953,17481294,34.4824562,4.4201
"chr2L",17484233,17484556,33.2693405,3.96764
"chr2L",17514139,17514433,15.8305082,3.348235
"chr2L",18145319,18145632,23.9777069,2.92039
"chr2L",18325120,18325517,19.9148464,2.865675
"chr2L",18604743,18605345,34.1158257,5.015365
"chr2L",18708561,18708908,30.3167076,3.68305
"chr2L",19045047,19045483,20.8326359,2.32841
"chr2L",19164958,19165358,30.2249393,4.32919
"chr2L",19416432,19417001,20.617054,2.692615
"chr2L",19444657,19445071,30.6602402,3.403545
"chr2L",19528329,19528694,28.0601101,3.596785
"chr2L",19865442,19865813,29.6009979,3.703335
"chr2L",20091120,20091693,27.425087,3.68644
"chr2L",20805933,20806316,28.4192715,3.40171
"chr2L",21158538,21158854,22.9242897,2.74501
"chr2L",21168246,21168616,19.3397675,2.89789
"chr2L",21867319,21867639,24.0723553,4.218305
"chr2R",6076354,6076985,26.101265,3.24514
"chr2R",6632901,6633426,25.1026115,2.70017
"chr2R",7028414,7028868,21.8318748,2.940585
"chr2R",7045084,7045768,31.7562046,4.54325
"chr2R",7499881,7500152,27.8713226,2.884075
"chr2R",7665383,7665727,23.9611835,4.354915
"chr2R",7722788,7723158,25.8490562,3.281865
"chr2R",8014245,8014551,41.510582,6.18757
"chr2R",8060771,8061222,45.1946907,4.536235
"chr2R",8068338,8068757,27.333334,2.75655
"chr2R",8098343,8098716,23.094202,2.55529
"chr2R",8251572,8251882,27.1414795,3.20313
"chr2R",8462340,8462808,21.9168434,2.523875
"chr2R",9094795,9095421,26.9357052,4.573395
"chr2R",9121995,9122431,50.6428566,5.48372
"chr2R",9278893,9279402,23.0621853,3.01305
"chr2R",9588725,9589055,27.7471256,2.874825
"chr2R",9959572,9960135,40.3438454,6.47519
"chr2R",10056376,10056715,28.6823521,4.233195
"chr2R",10230686,10231038,17.9773369,2.847165
"chr2R",11289090,11289399,33.0092888,3.764225
"chr2R",11635455,11636413,26.1605835,3.13335
"chr2R",11988749,11989127,23.190115,2.671745
"chr2R",12027589,12028106,42.5733604,5.980715
"chr2R",12326042,12326417,31.2659569,3.184255
"chr2R",12435749,12436203,33.1692314,4.17668
"chr2R",12869317,12869747,20.5055866,2.70349
"chr2R",12975440,12975792,22.8526917,2.76238
"chr2R",12984993,12985396,33.9603958,4.10181
"chr2R",13158167,13158659,25.2373219,3.56961
"chr2R",13295787,13296396,18.6573772,3.577945
"chr2R",13338283,13338564,19.7695026,2.809545
"chr2R",13499608,13499922,25.8730164,3.218475
"chr2R",14024963,14025346,29.7942715,4.12106
"chr2R",14157409,14157833,39.53899,4.90966
"chr2R",14255957,14256509,23.8081493,2.629385
"chr2R",14270106,14270750,24.1895809,2.36756
"chr2R",14309919,14310222,26.6414471,2.515545
"chr2R",14852626,14852928,23.6501656,2.90429
"chr2R",14917550,14918251,20.3272209,5.22132
"chr2R",14992116,14992502,31.0680275,4.16817
"chr2R",15127975,15128879,38.5441017,5.398865
"chr2R",15213574,15213952,24.6788616,2.952985
"chr2R",15217488,15217913,37.7134018,6.35552
"chr2R",15679007,15679408,29.5597019,3.369275
"chr2R",15992312,15992733,44.6516838,6.468345
"chr2R",16007585,16007953,25.8780479,2.711035
"chr2R",16148648,16149019,24.0967751,2.738695
"chr2R",16206332,16206622,36.4846954,5.05785
"chr2R",16210908,16211276,24.848238,2.928455
"chr2R",16594331,16594964,27.6971607,2.46404
"chr2R",17005143,17005473,25.860527,2.77347
"chr2R",17262501,17262920,23.2595234,3.642815
"chr2R",17420759,17421378,34.9274178,3.406015
"chr2R",17421945,17422865,26.7187843,3.502195
"chr2R",17547399,17547833,39.7763977,4.00755
"chr2R",17568372,17568799,33.1177673,3.781985
"chr2R",17665453,17665800,24.9870796,2.844585
"chr2R",17733042,17733376,18.6017189,2.70774
"chr2R",17804698,17805148,23.2144279,3.637525
"chr2R",18338295,18338706,24.0485439,3.5177
"chr2R",18357104,18357599,31.3326607,3.110955
"chr2R",18413665,18414050,26.9415684,4.38519
"chr2R",18671566,18671950,25.9046459,3.9864
"chr2R",18875074,18875473,27.1031933,4.752465
"chr2R",19137081,19137554,31.2453232,3.939785
"chr2R",19293390,19293908,33.2485542,2.72148
"chr2R",19423120,19423441,33.2407417,2.35369
"chr2R",19631583,19632373,27.319849,3.65466
"chr2R",20121788,20122087,21.2033329,2.828225
"chr2R",20884384,20884790,38.349205,4.69325
"chr2R",21143219,21143615,22.5768261,3.04616
"chr2R",21145802,21146226,22.7779884,2.53967
"chr2R",21200032,21200550,23.6554298,3.500535
"chr2R",21645782,21646267,32.8395081,3.338515
"chr2R",21669840,21670182,35.0821533,3.574905
"chr2R",22061627,22062090,33.090374,6.466655
"chr2R",22395093,22395569,25.8322849,3.440565
"chr2R",22395782,22396182,26.6708221,3.75828
"chr2R",22397466,22397797,30.3885536,4.77399
"chr2R",22513991,22514517,54.6337776,8.21893
"chr2R",22802686,22803175,42.0959167,4.90286
"chr2R",22926093,22926502,24.6585369,3.427015
"chr2R",22936686,22937321,21.0754719,2.556755
"chr2R",23415523,23415898,19.4414902,2.971735
"chr2R",23593019,23593362,22.4970932,2.588565
"chr2R",23709709,23710085,29.7472172,4.98093
"chr2R",23844691,23845031,24.9242058,2.964085
"chr2R",23850130,23850572,43.4446945,3.752445
"chr2R",23858589,23858989,28.5361595,3.52704
"chr2R",23884584,23885128,20.9174309,2.81803
"chr2R",24242720,24243091,18.7089939,3.51677
"chr2R",24327572,24327939,32.6160011,5.760415
"chr2R",24329425,24329747,20.786377,3.457245
"chr2R",24350841,24351139,20.3110371,2.87382
"chr2R",24539238,24539545,27.2922077,3.6961
"chr2R",24539657,24539955,23.9467087,2.91237
"chr2R",24606933,24607257,32.3230782,3.583355
"chr2R",24611423,24611725,39.3069305,4.15116
"chr2R",24793297,24793861,26.5592918,3.9779
"chr2R",24903717,24904259,32.4069977,3.87641
"chr2R",24940306,24940728,25.3782501,2.957455
"chr3L",184375,184670,29.4459457,2.79882
"chr3L",205786,206133,24.5793228,3.31962
"chr3L",589187,589613,22.3515987,3.388515
"chr3L",644131,644464,27.9221554,2.62446
"chr3L",654030,654454,35.6854668,3.46713
"chr3L",696782,697105,24.416666,2.947225
"chr3L",711845,712576,28.2593079,2.68707
"chr3L",802737,803087,25.7663822,3.914535
"chr3L",819510,819860,25.4338036,4.03621
"chr3L",837553,837894,33.1023407,3.426255
"chr3L",1334560,1334948,26.2339325,3.45455
"chr3L",1442942,1443235,24.2789116,3.526535
"chr3L",1479353,1479639,22.949152,3.09235
"chr3L",1558432,1558785,21.0593224,2.54277
"chr3L",1645143,1645513,29.7573528,3.5331
"chr3L",1668478,1668926,36.002224,4.353595
"chr3L",1746506,1747017,35.1914062,6.330995
"chr3L",1808711,1809014,27.3026314,3.08107
"chr3L",2257303,2257704,29.0696526,4.953815
"chr3L",2262583,2262918,22.6206894,3.12125
"chr3L",2373389,2373816,35.8296432,7.3154
"chr3L",2773943,2774333,25.0562668,2.822215
"chr3L",2851825,2852120,24.4628372,2.457585
"chr3L",3046181,3046785,26.0846043,3.952565
"chr3L",3060627,3061058,42.807869,4.985385
"chr3L",3081253,3081791,34.0575142,4.690995
"chr3L",3106985,3107351,22.2127666,3.335955
"chr3L",3222777,3223434,29.4547901,4.04464
"chr3L",3301287,3301658,29.2365589,4.22841
"chr3L",3303037,3303331,26.0169487,3.61176
"chr3L",3319218,3319559,19.6784916,2.90897
"chr3L",3382442,3382808,24.4256611,3.38207
"chr3L",3616359,3616688,28.3515148,2.48681
"chr3L",3785022,3785456,30.0582123,4.262715
"chr3L",3826570,3826885,20.9683552,2.78821
"chr3L",3928567,3928825,23.783783,3.78546
"chr3L",4070454,4071259,24.361042,3.26937
"chr3L",4228138,4228557,28.5249996,3.84122
"chr3L",4230295,4230776,27.1058083,4.13556
"chr3L",4406616,4407010,23.4877586,3.09947
"chr3L",4613054,4613442,25.472126,3.61529
"chr3L",4698083,4698452,22.3864861,3.229955
"chr3L",4824787,4825116,16.6090908,2.72393
"chr3L",5139251,5139699,55.8106918,7.414115
"chr3L",5277973,5278293,22.7538948,2.96956
"chr3L",5511973,5512338,25.7100372,3.520415
"chr3L",5976323,5976760,23.5,3.484045
"chr3L",6094681,6095083,36.1380157,4.572535
"chr3L",6184969,6185312,31.055233,3.79815
"chr3L",6262627,6263115,30.847826,4.21713
"chr3L",6488382,6488771,41.2471123,5.737265
"chr3L",6552760,6553402,21.1099606,2.805155
"chr3L",6955892,6956230,24.728426,2.644695
"chr3L",7008246,7008705,19.7024784,3.002805
"chr3L",7134008,7134535,24.683712,2.63666
"chr3L",7850931,7851261,24.0405979,3.46257
"chr3L",7903724,7904200,25.9811325,4.193055
"chr3L",7976091,7976475,23.158392,2.38336
"chr3L",8127605,8128167,27.0817051,3.48982
"chr3L",8137527,8137874,25.1359653,2.95861
"chr3L",8299647,8300094,28.1808033,2.587445
"chr3L",8547096,8547508,25.8729839,2.841515
"chr3L",8600776,8601194,35.8477287,4.24726
"chr3L",8721078,8721524,37.8456383,4.898885
"chr3L",9057740,9058117,23.2698421,3.211845
"chr3L",9383684,9384099,34.4990997,5.86488
"chr3L",9422707,9423361,33.9234047,5.13852
"chr3L",9426567,9427101,39.2579422,5.79902
"chr3L",9855699,9856185,25.4147835,3.13246
"chr3L",9856237,9856775,21.4267159,3.121095
"chr3L",10665582,10666087,25.7211227,3.90993
"chr3L",10682572,10683309,27.6070461,3.27899
"chr3L",10752432,10752994,25.3587914,4.03428
"chr3L",10769639,10770168,23.8867931,3.23808
"chr3L",10855789,10856129,19.1378307,2.645605
"chr3L",11064699,11065037,30.957983,3.394245
"chr3L",11098161,11098674,32.1848412,3.350265
"chr3L",11405746,11406264,24.576107,3.49244
"chr3L",12082300,12082602,20.8481846,2.673045
"chr3L",12124968,12125367,33.0349998,5.00396
"chr3L",12457349,12457659,18.9290123,3.266325
"chr3L",12514723,12515075,32.8498573,3.340725
"chr3L",12524003,12524422,27.3289185,3.609995
"chr3L",12843082,12843575,23.8724689,3.682175
"chr3L",12913639,12913996,25.5523109,4.498735
"chr3L",13041526,13041994,28.7036247,2.749665
"chr3L",13513068,13513380,27.9258251,3.936065
"chr3L",13862473,13862740,23.502924,3.21288
"chr3L",14004899,14005205,33.7814903,3.213295
"chr3L",14303870,14304218,31.2893982,4.179915
"chr3L",14448679,14449025,30.7385063,4.07754
"chr3L",14665949,14666290,26.8158646,2.76646
"chr3L",14802125,14802600,23.9474792,2.796645
"chr3L",15014027,15014309,23.6707916,3.98142
"chr3L",15508221,15508525,36.3803291,3.92361
"chr3L",15619546,15619916,25.6657677,3.089045
"chr3L",15925015,15925417,23.6313457,2.54952
"chr3L",15982795,15983193,36.0613632,5.45231
"chr3L",16660237,16660789,31.1089973,4.093755
"chr3L",16890483,16891102,23.1929264,3.35732
"chr3L",17428807,17429149,27.9055557,3.154435
"chr3L",17433569,17433948,44.352356,4.875765
"chr3L",17654112,17654612,22.720974,2.924905
"chr3L",17658425,17658695,30.5535049,2.607755
"chr3L",18148355,18148826,22.3110237,3.23297
"chr3L",18185721,18186152,24.0990982,2.839335
"chr3L",18461012,18461454,17.407095,3.337755
"chr3L",18890541,18891076,29.2668495,4.489515
"chr3L",19045273,19045734,25.1740894,2.896615
"chr3L",19516534,19516892,20.2293816,3.617875
"chr3L",19560472,19561024,29.9453468,4.99072
"chr3L",19590403,19590845,60.9165039,10.4
"chr3L",19612042,19612567,34.2608681,6.29884
"chr3L",19817745,19818255,22.3561649,2.638815
"chr3L",20302072,20302511,23.1030693,2.727105
"chr3L",20444785,20445176,20.4590569,2.82538
"chr3L",20508136,20508570,25.0036106,3.06152
"chr3L",20778177,20778534,23.6293335,2.80416
"chr3L",20798410,20798761,41.2869301,4.239605
"chr3L",21031296,21031910,25.7751579,2.916645
"chr3L",21037375,21037685,24.2694435,2.678595
"chr3L",21172462,21172763,25.8211918,2.980765
"chr3L",21304375,21304778,40,5.258305
"chr3L",21433161,21433484,25.0061722,3.022895
"chr3L",21652864,21653126,25.4403973,2.984455
"chr3L",21679750,21680020,21.3258057,2.8754
"chr3L",21728613,21728977,31.4214287,3.93996
"chr3L",21828223,21828519,20.6160221,2.616465
"chr3L",21840096,21840606,29.7592964,2.79141
"chr3L",21880324,21880703,37.6605263,2.981195
"chr3L",22075836,22076289,27.8895702,2.97992
"chr3L",22288297,22288716,29.583334,3.55249
"chr3L",22878694,22879264,44.0547752,8.62542
"chr3R",4395137,4395522,21.7770958,2.806775
"chr3R",5113032,5113475,31.9688644,4.58376
"chr3R",5232205,5232505,23.0631237,2.408705
"chr3R",5371618,5371860,29.1560688,2.902685
"chr3R",5485257,5485616,19.75,2.791555
"chr3R",5669259,5669696,31.843401,3.121675
"chr3R",5788963,5789541,25.3056908,2.72559
"chr3R",5791438,5791954,35.4799995,5.25855
"chr3R",6759422,6759831,24.8261852,2.4208
"chr3R",6920035,6920329,17.7180042,2.94123
"chr3R",7066976,7067475,31.2190819,4.22772
"chr3R",7127980,7128336,28.2369137,3.281125
"chr3R",7346495,7346863,25.818428,3.22063
"chr3R",7506263,7506663,21.7014217,3.01544
"chr3R",7810108,7810566,34.7930298,4.4053
"chr3R",8001257,8001669,29.6812496,4.484175
"chr3R",8334068,8334483,25.28125,3.288695
"chr3R",8650730,8651221,41.6358376,5.82035
"chr3R",8669164,8669783,34.7112885,3.57459
"chr3R",8731659,8732170,23.166666,2.564925
"chr3R",8992956,8993232,23.7003613,2.55201
"chr3R",9399953,9400305,24.3086739,2.55817
"chr3R",9401133,9401547,37.8795166,3.449625
"chr3R",9577542,9578103,29.6296291,3.129125
"chr3R",9771490,9772012,23.4090061,2.99285
"chr3R",10170446,10170825,26.4342098,2.904895
"chr3R",10415992,10416267,23.3527393,2.80883
"chr3R",10597629,10598033,26.7209873,2.49696
"chr3R",10760953,10761262,31.4907589,2.34806
"chr3R",10849432,10849868,28.6577053,3.605075
"chr3R",11216133,11216577,30.1345749,3.052915
"chr3R",11226466,11226840,31.6186256,4.5537
"chr3R",11409793,11410174,24.1099472,2.927635
"chr3R",11421742,11422108,34.5702934,4.32036
"chr3R",11557506,11557865,23.7972221,2.860665
"chr3R",11562099,11562916,26.6925793,3.56418
"chr3R",11649497,11649842,32.0289001,3.938545
"chr3R",11655798,11656296,29.4425964,3.374865
"chr3R",11656651,11657046,33.3308067,3.863485
"chr3R",11678106,11678412,28.192215,3.09612
"chr3R",11849600,11850006,25.6659927,4.799585
"chr3R",12121197,12121563,32.2813225,5.553985
"chr3R",12402969,12403302,34.452095,4.364665
"chr3R",12448952,12449388,44.0809898,6.677205
"chr3R",13915670,13916037,19.855978,3.28441
"chr3R",14108496,14108987,25.560976,3.232315
"chr3R",14125470,14125852,29.4438648,3.257995
"chr3R",14373188,14373616,23.9275055,3.67154
"chr3R",14382620,14382973,20.4187336,2.609195
"chr3R",15087554,15087956,22.3374691,3.399405
"chr3R",15196108,15196918,22.8421707,2.425445
"chr3R",15218924,15219284,22.9639893,3.10747
"chr3R",15229294,15229748,55.2461548,8.456915
"chr3R",15275101,15275551,34.8713951,4.26396
"chr3R",16097691,16097952,25.3549614,2.34657
"chr3R",16280526,16280979,49.0704842,6.538705
"chr3R",16442934,16443290,23.2247715,2.741495
"chr3R",16448685,16449659,31.2256413,4.471905
"chr3R",16497351,16497779,23.6843185,2.661965
"chr3R",17391304,17391900,30.5553837,4.84041
"chr3R",18125069,18125364,23.5533981,3.029895
"chr3R",18172225,18172667,20.3157902,2.64639
"chr3R",18188633,18189164,28.2472916,3.09949
"chr3R",18220206,18220579,34.6913261,4.534355
"chr3R",18397020,18397463,33.227478,3.30713
"chr3R",18402648,18403247,32.7245216,4.40919
"chr3R",18659217,18659609,24.8212929,3.155185
"chr3R",18719812,18720154,21.6501465,3.39458
"chr3R",18741571,18742059,26.2148151,4.15933
"chr3R",18758872,18759187,19.5983829,2.900315
"chr3R",19162111,19162528,22.2129192,3.062255
"chr3R",19460661,19461035,21.05937,3.1308
"chr3R",19499102,19499411,29.4419346,4.38385
"chr3R",19908854,19909184,20.2054386,2.489465
"chr3R",20035861,20036327,32.4025688,4.3528
"chr3R",20821835,20822220,30.7383423,3.184625
"chr3R",21097741,21098093,20.9348583,2.846795
"chr3R",21365240,21365614,33.2879982,4.56431
"chr3R",21520220,21520549,24.7291069,6.30746
"chr3R",21870280,21870696,35.657074,4.764455
"chr3R",22027240,22027781,25.3394833,3.08528
"chr3R",22362594,22362945,30.125,3.015585
"chr3R",23280929,23281289,32.0775604,3.8352
"chr3R",23326353,23326646,23.3746319,2.860615
"chr3R",23646227,23646564,20.9082832,3.39983
"chr3R",23678556,23678969,25.2330952,4.188055
"chr3R",23757881,23758431,37.8214302,5.41386
"chr3R",23772807,23773230,20.804245,3.015835
"chr3R",24109081,24109420,38.817646,4.567835
"chr3R",24141050,24141366,21.6309147,3.006705
"chr3R",24151827,24152440,23.799675,3.23026
"chr3R",24161453,24161826,21.7142849,2.89151
"chr3R",24193409,24193883,24.7302914,3.531565
"chr3R",24295927,24296224,25.7223873,2.877535
"chr3R",24768807,24769217,32.6722107,4.135395
"chr3R",24787282,24787641,26.0771141,5.124255
"chr3R",24876591,24876870,30.9107151,2.794675
"chr3R",25024959,25025298,36.299736,3.67188
"chr3R",25258584,25259071,39.4672127,5.05617
"chr3R",25472836,25473581,38.3806953,4.79221
"chr3R",25646873,25647258,27.4663219,3.254165
"chr3R",25680547,25680925,33.0105553,3.811165
"chr3R",25738002,25738417,24.5583515,4.69679
"chr3R",26436643,26436905,18.7566547,2.73341
"chr3R",26714193,26714609,32.0455627,6.61682
"chr3R",27112257,27112611,29.875,3.392835
"chr3R",27281067,27281366,29.7817593,3.34249
"chr3R",28672250,28672578,29.0302124,2.837005
"chr3R",28880114,28880414,20.2757473,3.687495
"chr3R",29112783,29113147,22.6376476,2.689715
"chr3R",29214244,29214657,38.5305252,5.427405
"chr3R",29219938,29220309,30.7647057,3.979005
"chr3R",29618517,29619147,28.2667675,4.122925
"chr3R",30043162,30043518,25.2963715,2.70855
"chr3R",30056606,30056938,24.6766911,2.9718
"chr3R",30189889,30190163,20.727272,2.874555
"chr3R",30203116,30203569,20.3942738,2.99624
"chr3R",30295997,30296272,23.7959175,3.16341
"chr3R",30570604,30570867,18.6059608,2.897435
"chr3R",30781626,30782185,28.2821426,3.869475
"chr3R",30817281,30817618,27.3047333,3.149235
"chr3R",31384029,31384409,32.2720757,5.06574
"chr3R",31404404,31405034,36.2283287,8.462705
"chr3R",31588339,31588829,34.2118111,4.96091
"chr3R",31592573,31592853,21.298933,2.534015
"chr3R",31615972,31616419,38.5028267,5.800145
"chr3R",31776593,31777079,22.7166328,2.92344
"chr4",67066,67459,22.9940948,3.134475
"chr4",424635,424962,32.4685707,3.366275
"chr4",1027034,1027436,22.6528111,2.904865
"chrX",493801,494264,36.7971306,6.16622
"chrX",522484,522793,27.9709682,2.67992
"chrX",523307,523691,40.3038979,4.978765
"chrX",686438,686762,26.9938469,3.19388
"chrX",764932,765372,24.9445438,3.754375
"chrX",935087,935551,33.2279587,6.519815
"chrX",1275268,1275775,37.6070023,5.58706
"chrX",1276906,1277424,21.0857143,3.81454
"chrX",1669230,1669522,19.9283276,2.734575
"chrX",1830398,1831366,33.1816292,6.80725
"chrX",1861762,1862141,21.6815796,3.11351
"chrX",1940000,1940430,18.0140572,2.836665
"chrX",1947578,1947925,33.8448257,4.32494
"chrX",1951785,1952082,26.6778526,4.10599
"chrX",1963781,1964075,29.7525425,4.05957
"chrX",2137655,2138225,39.9422073,6.28688
"chrX",2296107,2296551,26.2988758,3.51072
"chrX",2297539,2297917,40.923481,5.625825
"chrX",2300566,2300928,30.4931126,3.292255
"chrX",2302163,2302467,17.7540989,2.626805
"chrX",2593799,2594130,21.0950127,3.9289
"chrX",2646093,2646674,29.1938629,4.657775
"chrX",2703681,2704118,50.7926826,11.89225
"chrX",2786608,2786949,24.2579708,4.039865
"chrX",2919816,2920077,16.4389305,3.319125
"chrX",3025543,3025838,18.5202694,2.71739
"chrX",3097057,3097426,21.9331894,5.0486
"chrX",3255482,3256213,16.636467,4.11292
"chrX",3294767,3295185,33.2008629,5.72641
"chrX",3546176,3546499,17.1000004,3.881345
"chrX",3774282,3774602,24.0809975,3.121685
"chrX",3838655,3838940,16.7322025,3.11492
"chrX",3868519,3868864,19.9046249,4.137675
"chrX",4666796,4667288,33.39394,5.546375
"chrX",4684663,4684983,23.4922123,2.974375
"chrX",4906680,4906961,19.5886078,3.88385
"chrX",4909964,4910587,44.4535255,7.010525
"chrX",4939810,4940159,29.1105766,4.718425
"chrX",5046599,5046939,18.6480942,3.470585
"chrX",5419288,5419725,19.7716904,2.555895
"chrX",5705848,5706204,21.8795509,4.41848
"chrX",5900025,5900640,29.8879871,4.54941
"chrX",5918712,5919099,38.5180397,4.96448
"chrX",6000916,6001289,16.4411774,3.62691
"chrX",6031667,6032124,17.7270737,3.450695
"chrX",6074915,6075255,16.2961884,3.512645
"chrX",6097637,6097937,20.9634552,3.178545
"chrX",6193225,6193545,14.8753891,2.98022
"chrX",6353471,6353919,21.2650337,2.55255
"chrX",6366347,6366656,24.4464283,2.785155
"chrX",6549700,6550085,23.0984459,4.562865
"chrX",6601848,6602171,25.8888893,3.52468
"chrX",6679219,6679542,28.2006168,4.1854
"chrX",6770985,6771316,25.5,4.12456
"chrX",6794225,6794533,20.5501614,2.818725
"chrX",6849543,6849783,17.5892124,2.63683
"chrX",6852607,6852929,27.7924538,4.41882
"chrX",6863132,6863557,26.3430958,3.95709
"chrX",6969254,6969615,26.7330093,3.752735
"chrX",7011113,7011403,24.3484421,3.5314
"chrX",7324672,7325352,27.3759174,4.630965
"chrX",7618230,7618549,20.8134556,3.37786
"chrX",7698190,7698676,26.5709095,5.818
"chrX",7708914,7709492,22.5051727,3.1517
"chrX",7734392,7734826,22.1425285,3.259975
"chrX",7972381,7972757,19.4410477,3.435095
"chrX",8092242,8092654,22.1767559,3.47219
"chrX",8464393,8464742,24.5114288,4.7648
"chrX",8538169,8538515,18.4555264,3.357665
"chrX",8656631,8656887,18.6420231,3.60029
"chrX",8681229,8681580,25.37784,2.970555
"chrX",8709294,8709566,24.2161179,3.01548
"chrX",8896112,8896459,29.0651627,4.716225
"chrX",9081003,9081323,18.4475136,2.89793
"chrX",9196362,9196669,24.3831177,3.68769
"chrX",9352120,9352513,23.6704807,4.20444
"chrX",9486869,9487145,20.2599277,3.33874
"chrX",9553630,9554789,24.6293106,4.015715
"chrX",9579086,9579443,43.0474854,5.771885
"chrX",9579926,9580467,21.0469265,3.48859
"chrX",9600080,9600477,21.3693466,2.657375
"chrX",9645926,9646284,31.4401112,5.246245
"chrX",9876003,9876283,16.0284691,3.326535
"chrX",10088361,10088630,18.4712639,2.892755
"chrX",10265313,10266217,22.6055241,4.268215
"chrX",10832449,10832730,21.7899151,3.72465
"chrX",11351381,11351722,27.2485371,2.910895
"chrX",11423249,11423575,23.2415905,3.278205
"chrX",11576643,11576891,17.5542164,2.69235
"chrX",11818412,11818744,28.2312317,3.920175
"chrX",11915101,11915504,19.0594063,4.05037
"chrX",12472212,12472656,25.9842701,4.035545
"chrX",12666418,12666799,29.7317638,4.700145
"chrX",13099956,13100330,18.8586674,2.980415
"chrX",13131166,13131530,39.3178101,4.79663
"chrX",13616694,13617012,18.9143581,2.514385
"chrX",14217970,14218332,23.5111656,3.137045
"chrX",14237979,14238400,24.957346,3.230315
"chrX",14689168,14689439,18.2095585,3.136145
"chrX",15021038,15021408,21.5929928,3.44659
"chrX",15549081,15549416,16.4159298,3.33792
"chrX",15554218,15554644,23.4847775,3.53077
"chrX",15579628,15579947,24.354929,4.201525
"chrX",15619180,15619775,18.6049004,4.0522
"chrX",15867781,15868197,35.151329,6.79636
"chrX",16278818,16279211,17.0939083,2.8381
"chrX",16335122,16335518,19.0794468,3.477715
"chrX",16359015,16359337,26.4789162,4.50983
"chrX",16404066,16404379,19.020895,3.18755
"chrX",16691441,16691790,23.4880009,2.764365
"chrX",16811224,16811554,21.6527786,3.657615
"chrX",17129690,17130380,20.1284981,2.851215
"chrX",17595813,17596114,22.2847691,3.343195
"chrX",17631986,17632314,28.2127666,3.43356
"chrX",17702746,17703053,27.0226631,3.726015
"chrX",17844643,17845050,26.8056202,4.98345
"chrX",18085320,18085786,19.2932034,2.58254
"chrX",18092817,18093168,25.2939568,4.315615
"chrX",18848526,18849119,22.4124584,3.54814
"chrX",19018123,19018419,18.2298145,3.576255
"chrX",19154968,19155339,18.9838715,3.71621
"chrX",19155986,19156365,18.8184204,3.403905
"chrX",19289321,19289686,25.1420765,3.621555
"chrX",19298084,19298589,29.486166,4.47146
"chrX",19668438,19668787,35.5328102,4.660015
"chrX",19846894,19847325,30.4652786,5.2685
"chrX",19848433,19848849,21.5275784,3.352595
"chrX",19850511,19850865,28.2225361,3.91057
"chrX",20429767,20430215,16.9443207,2.85916
"chrX",20654750,20655433,21.4294033,4.580015
"chrX",20760331,20760804,23.3680153,2.667895
"chrX",21054180,21054521,37.8274841,5.244715
"chrX",21124188,21124567,17.0313206,3.3525
"chrX",21319294,21319700,24.5094738,3.74
"chrX",21339436,21339779,24.1279068,3.37471
"chrX",21366361,21366709,22.3759785,3.21777
"chrX",21593930,21594199,20.7550335,3.9151
"chrX",21631560,21631897,17.0808983,2.86056
