"Geneset.Type","Geneset.ID","Description","P.value","FDR","Effect","Odds.Ratio","Status","N.Geneset.Genes","N.Geneset.Peak.Genes","Geneset.Avg.Gene.Length","Geneset.Peak.Genes"
"Gene Ontology Biological Process","GO:0043085","positive regulation of catalytic activity",1.38584854953052e-05,0.0258065982291527,0.991185898590644,2.69442789668156,"enriched",191,24,2200.4554973822,"31683, 32790, 32999, 34032, 34803, 36280, 36554, 37247, 38879, 40009, 40231, 40410, 41390, 41834, 41968, 42371, 42446, 42496, 42869, 43026, 43832, 44115, 53577, 248194"
"Gene Ontology Biological Process","GO:0051345","positive regulation of hydrolase activity",3.21946914530606e-05,0.0258065982291527,1.1422858105103,3.1339237399785,"enriched",110,17,2328.04545454545,"32790, 34032, 34803, 36280, 36554, 37247, 38879, 40009, 40410, 41390, 41834, 41968, 42371, 42496, 42869, 44115, 53577"
"Gene Ontology Biological Process","GO:0051336","regulation of hydrolase activity",4.94124998537877e-05,0.0258065982291527,0.947197009582268,2.57847208807781,"enriched",186,23,2256.32795698925,"32790, 34032, 34803, 35325, 36280, 36554, 37247, 38734, 38879, 39158, 39944, 40009, 40410, 41248, 41390, 41834, 41968, 42371, 42496, 42869, 43832, 44115, 53577"
"Gene Ontology Biological Process","GO:0044093","positive regulation of molecular function",5.68966766141497e-05,0.0258065982291527,0.863200049644393,2.37073503791845,"enriched",240,27,2261.61666666667,"31683, 32790, 32999, 33303, 34032, 34803, 36280, 36554, 37247, 38734, 38879, 40009, 40231, 40410, 41390, 41834, 41968, 42371, 42446, 42496, 42869, 43026, 43832, 44115, 49297, 53577, 248194"
"Gene Ontology Biological Process","GO:0016334","establishment or maintenance of polarity of follicular epithelium",5.79294053175982e-05,0.0258065982291527,1.74131108740834,5.70481803675993,"enriched",29,8,3272.27586206897,"31221, 31239, 32083, 35771, 36461, 36773, 42091, 42896"
"Gene Ontology Biological Process","GO:0010883","regulation of lipid storage",6.25271588101361e-05,0.0258065982291527,1.5391593967018,4.66067084859205,"enriched",46,9,2418.02173913043,"31245, 31703, 33203, 38199, 42446, 43950, 44887, 45250, 49297"
"Gene Ontology Biological Process","GO:0010822","positive regulation of mitochondrion organization",6.78066771298927e-05,0.0258065982291527,2.16991218621844,8.75751497646697,"enriched",19,5,2257.94736842105,"53567, 31581, 37141, 37938, 41968"
"Gene Ontology Biological Process","GO:0050790","regulation of catalytic activity",7.02220359976944e-05,0.0258065982291527,0.776944785078435,2.17481756982087,"enriched",321,33,2272.43302180685,"31248, 31683, 32790, 32999, 33203, 34032, 34803, 35325, 36280, 36554, 36792, 37247, 38734, 38879, 39158, 39833, 39944, 40009, 40231, 40410, 41248, 41390, 41834, 41968, 42371, 42446, 42496, 42869, 43026, 43832, 44115, 53577, 248194"
"Gene Ontology Biological Process","GO:0000271","polysaccharide biosynthetic process",9.92550407772541e-05,0.0291809819885127,2.1529886415805,8.61055384005495,"enriched",16,5,2294.1875,"37419, 39588, 40102, 44433, 3772101"
"Gene Ontology Biological Process","GO:0033692","cellular polysaccharide biosynthetic process",9.92550407772541e-05,0.0291809819885127,2.1529886415805,8.61055384005495,"enriched",16,5,2294.1875,"37419, 39588, 40102, 44433, 3772101"
"Gene Ontology Biological Process","GO:0043087","regulation of GTPase activity",0.0001256163413958,0.0335738221548775,1.0912089201449,2.97787190671475,"enriched",103,16,2570.98058252427,"32790, 34032, 34803, 35325, 36554, 38734, 38879, 39158, 40410, 41390, 41834, 42371, 42496, 42869, 43832, 44115"
"Gene Ontology Biological Process","GO:0010884","positive regulation of lipid storage",0.000159166920903661,0.038995895621397,2.15758510462479,8.65022303171597,"enriched",15,5,2709.86666666667,"31245, 31703, 33203, 42446, 49297"
"Gene Ontology Biological Process","GO:0034389","lipid droplet organization",0.000176255304293981,0.0398608149711003,2.26193586155372,9.60165866884155,"enriched",14,4,1583.28571428571,"31245, 31581, 35708, 37852"
"Gene Ontology Biological Process","GO:0016333","morphogenesis of follicular epithelium",0.000223691914886414,0.046975302126147,1.35934356635299,3.89363654867784,"enriched",50,10,2977.28,"31181, 31221, 31239, 32083, 35771, 36461, 36773, 42091, 42889, 42896"
