"seqnames","start","end","width","strand","signalValue","qValue","distanceToTSS","overlaps_enhancer","Regulatory_Class","CME","Motif2"
"chr2L",223353,223737,385,"*",162.634,-1,0,FALSE,"Promoter-proximal peak (non-annotated)",FALSE,FALSE
"chr2L",297482,298111,630,"*",180.679,-1,0,FALSE,"Promoter-proximal peak (non-annotated)",FALSE,FALSE
"chr2L",414646,415131,486,"*",117.752,-1,0,FALSE,"Promoter-proximal peak (non-annotated)",FALSE,FALSE
"chr2L",516055,516378,324,"*",128.148,-1,7087,TRUE,"Distal enhancer (annotated)",FALSE,TRUE
"chr2L",520646,521054,409,"*",152.356,-1,2411,TRUE,"Distal enhancer (annotated)",FALSE,TRUE
"chr2L",574167,574602,436,"*",171.835,-1,0,FALSE,"Promoter-proximal peak (non-annotated)",TRUE,FALSE
"chr2L",715391,715731,341,"*",185.677,-1,407,FALSE,"Promoter-proximal peak (non-annotated)",FALSE,TRUE
"chr2L",819506,819991,486,"*",136.072,-1,0,FALSE,"Promoter-proximal peak (non-annotated)",FALSE,FALSE
"chr2L",1074530,1074849,320,"*",153.512,-1,2961,TRUE,"Distal enhancer (annotated)",FALSE,FALSE
"chr2L",1075779,1076118,340,"*",241.357,-1,1692,TRUE,"Distal enhancer (annotated)",FALSE,FALSE
"chr2L",1172729,1173068,340,"*",191.003,-1,0,FALSE,"Promoter-proximal peak (non-annotated)",FALSE,FALSE
"chr2L",1590200,1590508,309,"*",164.606,-1,3044,TRUE,"Distal enhancer (annotated)",FALSE,TRUE
"chr2L",1611139,1611485,347,"*",196.27,-1,0,FALSE,"Promoter-proximal peak (non-annotated)",FALSE,FALSE
"chr2L",2380753,2381204,452,"*",282.195,-1,0,FALSE,"Promoter-proximal peak (non-annotated)",FALSE,FALSE
"chr2L",2433480,2433837,358,"*",191.919,-1,5107,TRUE,"Distal enhancer (annotated)",FALSE,TRUE
"chr2L",2748474,2749125,652,"*",145.733,-1,0,FALSE,"Promoter-proximal peak (non-annotated)",FALSE,FALSE
"chr2L",2759556,2759991,436,"*",248.665,-1,0,FALSE,"Promoter-proximal peak (non-annotated)",FALSE,FALSE
"chr2L",2765466,2765958,493,"*",258.114,-1,0,FALSE,"Promoter-proximal peak (non-annotated)",FALSE,FALSE
"chr2L",2987707,2988178,472,"*",210.881,-1,0,FALSE,"Promoter-proximal peak (non-annotated)",FALSE,FALSE
"chr2L",3037182,3037576,395,"*",280.782,-1,0,FALSE,"Promoter-proximal peak (non-annotated)",TRUE,FALSE
"chr2L",3086526,3087000,475,"*",103.781,-1,34,FALSE,"Promoter-proximal peak (non-annotated)",TRUE,TRUE
"chr2L",3354783,3355316,534,"*",252.269,-1,0,FALSE,"Promoter-proximal peak (non-annotated)",TRUE,TRUE
"chr2L",3376697,3377061,365,"*",196.048,-1,0,FALSE,"Promoter-proximal peak (non-annotated)",FALSE,FALSE
"chr2L",3437006,3437341,336,"*",106.006,-1,8650,TRUE,"Distal enhancer (annotated)",FALSE,FALSE
"chr2L",3440307,3440644,338,"*",177.521,-1,5347,TRUE,"Distal enhancer (annotated)",TRUE,TRUE
"chr2L",3444830,3445146,317,"*",99.3281,-1,845,FALSE,"Promoter-proximal peak (non-annotated)",FALSE,TRUE
"chr2L",3472261,3472683,423,"*",78.2775,-1,0,FALSE,"Promoter-proximal peak (non-annotated)",TRUE,FALSE
"chr2L",3655598,3656059,462,"*",386.982,-1,893,FALSE,"Promoter-proximal peak (non-annotated)",FALSE,FALSE
"chr2L",3703303,3703651,349,"*",147.7,-1,7,FALSE,"Promoter-proximal peak (non-annotated)",FALSE,FALSE
"chr2L",3786260,3786614,355,"*",169.485,-1,521,TRUE,"Promoter-proximal enhancer (annotated)",TRUE,FALSE
"chr2L",3896784,3897109,326,"*",149.221,-1,675,FALSE,"Promoter-proximal peak (non-annotated)",FALSE,TRUE
"chr2L",4030479,4030812,334,"*",143.78,-1,564,TRUE,"Promoter-proximal enhancer (annotated)",FALSE,FALSE
"chr2L",4053432,4053792,361,"*",141.438,-1,22054,TRUE,"Distal enhancer (annotated)",FALSE,TRUE
"chr2L",4093754,4094120,367,"*",179.021,-1,7863,FALSE,"Distal peak (non-annotated)",FALSE,FALSE
"chr2L",4119028,4119325,298,"*",125.763,-1,1017,TRUE,"Distal enhancer (annotated)",FALSE,TRUE
"chr2L",4583319,4583654,336,"*",128.488,-1,350,TRUE,"Promoter-proximal enhancer (annotated)",TRUE,TRUE
"chr2L",4837633,4838126,494,"*",510.852,-1,0,FALSE,"Promoter-proximal peak (non-annotated)",TRUE,TRUE
"chr2L",4945296,4945648,353,"*",401.144,-1,0,FALSE,"Promoter-proximal peak (non-annotated)",TRUE,TRUE
"chr2L",4976941,4977444,504,"*",178.569,-1,0,FALSE,"Promoter-proximal peak (non-annotated)",TRUE,FALSE
"chr2L",4981141,4981830,690,"*",243.21,-1,0,FALSE,"Promoter-proximal peak (non-annotated)",TRUE,FALSE
"chr2L",4999645,5000323,679,"*",88.9733,-1,46,FALSE,"Promoter-proximal peak (non-annotated)",TRUE,FALSE
"chr2L",5004960,5005368,409,"*",294.043,-1,31,TRUE,"Promoter-proximal enhancer (annotated)",FALSE,FALSE
"chr2L",5299281,5299600,320,"*",107.556,-1,46,TRUE,"Promoter-proximal enhancer (annotated)",FALSE,FALSE
"chr2L",5425367,5425733,367,"*",93.9216,-1,6108,FALSE,"Distal peak (non-annotated)",TRUE,TRUE
"chr2L",5523870,5524380,511,"*",77.2431,-1,0,FALSE,"Promoter-proximal peak (non-annotated)",FALSE,FALSE
"chr2L",6062656,6063043,388,"*",116.264,-1,0,FALSE,"Promoter-proximal peak (non-annotated)",TRUE,FALSE
"chr2L",6561581,6562383,803,"*",292.185,-1,0,FALSE,"Promoter-proximal peak (non-annotated)",TRUE,FALSE
"chr2L",6612366,6613126,761,"*",749.766,-1,678,FALSE,"Promoter-proximal peak (non-annotated)",TRUE,TRUE
"chr2L",6647036,6647533,498,"*",320.966,-1,611,FALSE,"Promoter-proximal peak (non-annotated)",FALSE,FALSE
"chr2L",6647979,6648564,586,"*",212.54,-1,0,FALSE,"Promoter-proximal peak (non-annotated)",TRUE,FALSE
"chr2L",6698380,6698743,364,"*",81.0423,-1,8986,TRUE,"Distal enhancer (annotated)",TRUE,TRUE
"chr2L",7148097,7148487,391,"*",100.227,-1,5792,TRUE,"Distal enhancer (annotated)",FALSE,FALSE
"chr2L",7194329,7194767,439,"*",365.353,-1,0,FALSE,"Promoter-proximal peak (non-annotated)",FALSE,TRUE
"chr2L",7332749,7333250,502,"*",104.862,-1,463,TRUE,"Promoter-proximal enhancer (annotated)",TRUE,FALSE
"chr2L",7395811,7396155,345,"*",144.145,-1,209,FALSE,"Promoter-proximal peak (non-annotated)",FALSE,TRUE
"chr2L",7396978,7397416,439,"*",134.627,-1,1333,TRUE,"Distal enhancer (annotated)",FALSE,FALSE
"chr2L",7530293,7530993,701,"*",327.071,-1,0,TRUE,"Promoter-proximal enhancer (annotated)",FALSE,FALSE
"chr2L",7534979,7535270,292,"*",170.109,-1,4404,TRUE,"Distal enhancer (annotated)",FALSE,FALSE
"chr2L",7547067,7547442,376,"*",90.1877,-1,2639,TRUE,"Distal enhancer (annotated)",TRUE,FALSE
"chr2L",7964580,7964904,325,"*",136.337,-1,12160,TRUE,"Distal enhancer (annotated)",FALSE,TRUE
"chr2L",8034768,8035056,289,"*",137.01,-1,3757,FALSE,"Distal peak (non-annotated)",FALSE,FALSE
"chr2L",8212815,8213209,395,"*",403.415,-1,0,FALSE,"Promoter-proximal peak (non-annotated)",TRUE,TRUE
"chr2L",8311142,8311576,435,"*",123.354,-1,0,FALSE,"Promoter-proximal peak (non-annotated)",FALSE,FALSE
"chr2L",8376592,8377088,497,"*",444.491,-1,0,FALSE,"Promoter-proximal peak (non-annotated)",FALSE,FALSE
"chr2L",8384109,8384508,400,"*",304.687,-1,0,FALSE,"Promoter-proximal peak (non-annotated)",FALSE,FALSE
"chr2L",8514782,8515121,340,"*",135.578,-1,0,FALSE,"Promoter-proximal peak (non-annotated)",FALSE,FALSE
"chr2L",8717336,8718118,783,"*",152.001,-1,2752,TRUE,"Distal enhancer (annotated)",FALSE,TRUE
"chr2L",8951149,8951603,455,"*",381.026,-1,0,FALSE,"Promoter-proximal peak (non-annotated)",FALSE,TRUE
"chr2L",8984900,8985298,399,"*",324.94,-1,27,FALSE,"Promoter-proximal peak (non-annotated)",FALSE,FALSE
"chr2L",9168314,9168747,434,"*",83.9403,-1,1535,TRUE,"Distal enhancer (annotated)",TRUE,FALSE
"chr2L",9430990,9431492,503,"*",211.175,-1,0,FALSE,"Promoter-proximal peak (non-annotated)",FALSE,FALSE
"chr2L",9498178,9498508,331,"*",136.431,-1,2703,FALSE,"Distal peak (non-annotated)",TRUE,FALSE
"chr2L",9520808,9521258,451,"*",212.838,-1,0,FALSE,"Promoter-proximal peak (non-annotated)",FALSE,FALSE
"chr2L",9660429,9660880,452,"*",150.319,-1,3828,TRUE,"Distal enhancer (annotated)",FALSE,TRUE
"chr2L",9700512,9700814,303,"*",94.306,-1,0,FALSE,"Promoter-proximal peak (non-annotated)",FALSE,FALSE
"chr2L",9954104,9954533,430,"*",221.341,-1,0,FALSE,"Promoter-proximal peak (non-annotated)",FALSE,FALSE
"chr2L",9956825,9957323,499,"*",229.437,-1,0,FALSE,"Promoter-proximal peak (non-annotated)",FALSE,FALSE
"chr2L",10200851,10201300,450,"*",251.35,-1,0,FALSE,"Promoter-proximal peak (non-annotated)",TRUE,FALSE
"chr2L",10381925,10382276,352,"*",154.342,-1,0,FALSE,"Promoter-proximal peak (non-annotated)",FALSE,FALSE
"chr2L",10386270,10386653,384,"*",128.989,-1,7,FALSE,"Promoter-proximal peak (non-annotated)",FALSE,FALSE
"chr2L",10527223,10527645,423,"*",168.879,-1,0,FALSE,"Promoter-proximal peak (non-annotated)",FALSE,TRUE
"chr2L",10616805,10617157,353,"*",87.0825,-1,14033,FALSE,"Distal peak (non-annotated)",FALSE,FALSE
"chr2L",10665442,10665989,548,"*",172.63,-1,3360,TRUE,"Distal enhancer (annotated)",FALSE,FALSE
"chr2L",10697940,10698327,388,"*",123.636,-1,0,FALSE,"Promoter-proximal peak (non-annotated)",FALSE,FALSE
"chr2L",10737170,10737631,462,"*",158.757,-1,0,FALSE,"Promoter-proximal peak (non-annotated)",TRUE,FALSE
"chr2L",10987316,10987843,528,"*",164.126,-1,0,FALSE,"Promoter-proximal peak (non-annotated)",TRUE,FALSE
"chr2L",11057800,11058211,412,"*",234.23,-1,335,TRUE,"Promoter-proximal enhancer (annotated)",FALSE,FALSE
"chr2L",11106613,11107053,441,"*",464.667,-1,0,FALSE,"Promoter-proximal peak (non-annotated)",FALSE,FALSE
"chr2L",11123549,11123861,313,"*",140.675,-1,0,FALSE,"Promoter-proximal peak (non-annotated)",FALSE,FALSE
"chr2L",11816392,11816742,351,"*",157.66,-1,2611,FALSE,"Distal peak (non-annotated)",FALSE,TRUE
"chr2L",12103313,12103762,450,"*",215.254,-1,0,FALSE,"Promoter-proximal peak (non-annotated)",FALSE,FALSE
"chr2L",12483775,12484115,341,"*",227.169,-1,185,TRUE,"Promoter-proximal enhancer (annotated)",FALSE,FALSE
"chr2L",12704422,12704957,536,"*",154.472,-1,0,FALSE,"Promoter-proximal peak (non-annotated)",FALSE,FALSE
"chr2L",13083518,13084055,538,"*",256.838,-1,5747,FALSE,"Distal peak (non-annotated)",TRUE,TRUE
"chr2L",13145077,13145410,334,"*",171.465,-1,1225,TRUE,"Distal enhancer (annotated)",FALSE,TRUE
"chr2L",13368937,13369286,350,"*",147.195,-1,0,FALSE,"Promoter-proximal peak (non-annotated)",FALSE,FALSE
"chr2L",13387246,13387626,381,"*",204.477,-1,0,FALSE,"Promoter-proximal peak (non-annotated)",FALSE,FALSE
"chr2L",13514476,13515326,851,"*",179.389,-1,12514,TRUE,"Distal enhancer (annotated)",TRUE,FALSE
"chr2L",13835069,13835725,657,"*",621.739,-1,0,FALSE,"Promoter-proximal peak (non-annotated)",FALSE,FALSE
"chr2L",14361764,14362108,345,"*",170.108,-1,0,FALSE,"Promoter-proximal peak (non-annotated)",TRUE,TRUE
"chr2L",14461107,14461442,336,"*",125.455,-1,3993,TRUE,"Distal enhancer (annotated)",FALSE,TRUE
"chr2L",14546920,14547460,541,"*",144.941,-1,1648,FALSE,"Distal peak (non-annotated)",FALSE,TRUE
"chr2L",14615007,14615522,516,"*",111.929,-1,29,FALSE,"Promoter-proximal peak (non-annotated)",FALSE,TRUE
"chr2L",14689158,14689728,571,"*",384.683,-1,0,FALSE,"Promoter-proximal peak (non-annotated)",FALSE,FALSE
"chr2L",14706095,14706650,556,"*",118.615,-1,5820,TRUE,"Distal enhancer (annotated)",TRUE,FALSE
"chr2L",15009714,15010040,327,"*",150.589,-1,0,FALSE,"Promoter-proximal peak (non-annotated)",FALSE,FALSE
"chr2L",16279679,16280151,473,"*",164.451,-1,7578,TRUE,"Distal enhancer (annotated)",TRUE,FALSE
"chr2L",16495219,16495579,361,"*",153.158,-1,1189,FALSE,"Distal peak (non-annotated)",FALSE,TRUE
"chr2L",16500370,16500856,487,"*",203.269,-1,1061,TRUE,"Distal enhancer (annotated)",TRUE,FALSE
"chr2L",16535147,16536190,1044,"*",167.865,-1,0,TRUE,"Promoter-proximal enhancer (annotated)",TRUE,TRUE
"chr2L",16647813,16648124,312,"*",115.418,-1,8972,FALSE,"Distal peak (non-annotated)",TRUE,TRUE
"chr2L",16656736,16657097,362,"*",161.76,-1,0,FALSE,"Promoter-proximal peak (non-annotated)",FALSE,FALSE
"chr2L",16715939,16716638,700,"*",223.619,-1,0,FALSE,"Promoter-proximal peak (non-annotated)",FALSE,TRUE
"chr2L",16816026,16816795,770,"*",115.373,-1,0,FALSE,"Promoter-proximal peak (non-annotated)",TRUE,FALSE
"chr2L",17378619,17379395,777,"*",200.447,-1,4719,TRUE,"Distal enhancer (annotated)",FALSE,FALSE
"chr2L",17480769,17481316,548,"*",280.96,-1,0,FALSE,"Promoter-proximal peak (non-annotated)",FALSE,FALSE
"chr2L",17484220,17484556,337,"*",227.08,-1,0,FALSE,"Promoter-proximal peak (non-annotated)",TRUE,FALSE
"chr2L",17514093,17514440,348,"*",167.364,-1,10108,TRUE,"Distal enhancer (annotated)",TRUE,TRUE
"chr2L",18184745,18185221,477,"*",124.946,-1,0,FALSE,"Promoter-proximal peak (non-annotated)",FALSE,FALSE
"chr2L",18325119,18325517,399,"*",169.032,-1,5016,TRUE,"Distal enhancer (annotated)",FALSE,TRUE
"chr2L",18328802,18329111,310,"*",120.543,-1,8699,FALSE,"Distal peak (non-annotated)",FALSE,TRUE
"chr2L",18604743,18605353,611,"*",248.73,-1,0,FALSE,"Promoter-proximal peak (non-annotated)",FALSE,FALSE
"chr2L",18621760,18622082,323,"*",107.084,-1,4503,FALSE,"Distal peak (non-annotated)",FALSE,TRUE
"chr2L",19045110,19045435,326,"*",159.31,-1,0,FALSE,"Promoter-proximal peak (non-annotated)",FALSE,FALSE
"chr2L",19051545,19052059,515,"*",108.674,-1,0,FALSE,"Promoter-proximal peak (non-annotated)",TRUE,TRUE
"chr2L",19164958,19165438,481,"*",303.02,-1,428,TRUE,"Promoter-proximal enhancer (annotated)",FALSE,TRUE
"chr2L",19444653,19445074,422,"*",207.995,-1,0,FALSE,"Promoter-proximal peak (non-annotated)",FALSE,FALSE
"chr2L",19528323,19528699,377,"*",274.008,-1,0,FALSE,"Promoter-proximal peak (non-annotated)",FALSE,FALSE
"chr2L",19533157,19533597,441,"*",122.753,-1,0,FALSE,"Promoter-proximal peak (non-annotated)",FALSE,FALSE
"chr2L",19758403,19758907,505,"*",176.707,-1,0,FALSE,"Promoter-proximal peak (non-annotated)",TRUE,FALSE
"chr2L",19865442,19865827,386,"*",142.116,-1,353,TRUE,"Promoter-proximal enhancer (annotated)",FALSE,FALSE
"chr2L",19869936,19870307,372,"*",111.57,-1,3754,FALSE,"Distal peak (non-annotated)",FALSE,FALSE
"chr2L",20091093,20091781,689,"*",185.16,-1,0,FALSE,"Promoter-proximal peak (non-annotated)",FALSE,FALSE
"chr2L",20120531,20121232,702,"*",174.061,-1,13690,TRUE,"Distal enhancer (annotated)",FALSE,TRUE
"chr2L",20267026,20267559,534,"*",90.9064,-1,2601,TRUE,"Distal enhancer (annotated)",TRUE,FALSE
"chr2L",20494658,20495012,355,"*",151.299,-1,17,FALSE,"Promoter-proximal peak (non-annotated)",FALSE,FALSE
"chr2L",20656134,20656461,328,"*",139.195,-1,0,FALSE,"Promoter-proximal peak (non-annotated)",FALSE,FALSE
"chr2L",20799976,20800288,313,"*",160.8,-1,2260,TRUE,"Distal enhancer (annotated)",FALSE,FALSE
"chr2L",20805884,20806359,476,"*",309.631,-1,3614,FALSE,"Distal peak (non-annotated)",FALSE,FALSE
"chr2L",20987518,20987892,375,"*",155.365,-1,18550,FALSE,"Distal peak (non-annotated)",FALSE,TRUE
"chr2L",21038722,21039047,326,"*",141.771,-1,3946,TRUE,"Distal enhancer (annotated)",FALSE,FALSE
"chr2L",21158485,21158895,411,"*",126.553,-1,0,FALSE,"Promoter-proximal peak (non-annotated)",TRUE,FALSE
"chr2L",21787044,21787386,343,"*",102.184,-1,2978,FALSE,"Distal peak (non-annotated)",FALSE,FALSE
"chr2L",21867319,21867639,321,"*",243.727,-1,51,FALSE,"Promoter-proximal peak (non-annotated)",FALSE,FALSE
"chr2R",6052751,6053007,257,"*",140.897,-1,1801,FALSE,"Distal peak (non-annotated)",FALSE,TRUE
"chr2R",6076275,6077014,740,"*",166.253,-1,0,FALSE,"Promoter-proximal peak (non-annotated)",TRUE,TRUE
"chr2R",6151115,6151578,464,"*",167.157,-1,1097,TRUE,"Distal enhancer (annotated)",TRUE,FALSE
"chr2R",6809659,6810145,487,"*",103.816,-1,0,FALSE,"Promoter-proximal peak (non-annotated)",FALSE,FALSE
"chr2R",6923082,6923478,397,"*",141.964,-1,0,FALSE,"Promoter-proximal peak (non-annotated)",TRUE,FALSE
"chr2R",7028394,7028868,475,"*",147.397,-1,42,FALSE,"Promoter-proximal peak (non-annotated)",TRUE,FALSE
"chr2R",7499827,7500213,387,"*",117.357,-1,0,FALSE,"Promoter-proximal peak (non-annotated)",FALSE,FALSE
"chr2R",7665381,7665727,347,"*",217.986,-1,100,FALSE,"Promoter-proximal peak (non-annotated)",FALSE,FALSE
"chr2R",7782537,7783218,682,"*",192.287,-1,0,FALSE,"Promoter-proximal peak (non-annotated)",TRUE,FALSE
"chr2R",7825204,7825518,315,"*",219.162,-1,0,FALSE,"Promoter-proximal peak (non-annotated)",FALSE,FALSE
"chr2R",8068451,8068807,357,"*",181.782,-1,0,FALSE,"Promoter-proximal peak (non-annotated)",FALSE,FALSE
"chr2R",8098334,8098716,383,"*",136.27,-1,0,FALSE,"Promoter-proximal peak (non-annotated)",FALSE,FALSE
"chr2R",8251573,8251870,298,"*",163.399,-1,1977,TRUE,"Distal enhancer (annotated)",FALSE,FALSE
"chr2R",8462427,8462805,379,"*",260.264,-1,0,FALSE,"Promoter-proximal peak (non-annotated)",FALSE,FALSE
"chr2R",9278975,9279402,428,"*",163.604,-1,3944,TRUE,"Distal enhancer (annotated)",TRUE,TRUE
"chr2R",9445752,9446067,316,"*",122.633,-1,0,FALSE,"Promoter-proximal peak (non-annotated)",FALSE,FALSE
"chr2R",9588725,9589089,365,"*",295.106,-1,0,FALSE,"Promoter-proximal peak (non-annotated)",FALSE,FALSE
"chr2R",9942756,9943135,380,"*",161.941,-1,1628,FALSE,"Distal peak (non-annotated)",FALSE,FALSE
"chr2R",9959663,9960135,473,"*",478.004,-1,0,FALSE,"Promoter-proximal peak (non-annotated)",FALSE,FALSE
"chr2R",10056217,10056717,501,"*",157.146,-1,108,TRUE,"Promoter-proximal enhancer (annotated)",TRUE,FALSE
"chr2R",10230638,10231070,433,"*",127.368,-1,2680,TRUE,"Distal enhancer (annotated)",FALSE,TRUE
"chr2R",10879633,10880030,398,"*",310.902,-1,0,FALSE,"Promoter-proximal peak (non-annotated)",FALSE,FALSE
"chr2R",11195563,11196086,524,"*",166.838,-1,2189,TRUE,"Distal enhancer (annotated)",TRUE,TRUE
"chr2R",11206779,11207558,780,"*",115.295,-1,2149,TRUE,"Distal enhancer (annotated)",FALSE,FALSE
"chr2R",11289090,11289497,408,"*",295.476,-1,274,FALSE,"Promoter-proximal peak (non-annotated)",FALSE,FALSE
"chr2R",11600352,11600659,308,"*",127.337,-1,4276,TRUE,"Distal enhancer (annotated)",FALSE,FALSE
"chr2R",11635401,11636492,1092,"*",248.288,-1,2885,TRUE,"Distal enhancer (annotated)",TRUE,FALSE
"chr2R",11791667,11792037,371,"*",240.283,-1,1300,FALSE,"Distal peak (non-annotated)",FALSE,TRUE
"chr2R",11885600,11886072,473,"*",135.168,-1,0,FALSE,"Promoter-proximal peak (non-annotated)",FALSE,FALSE
"chr2R",11985403,11985907,505,"*",210.733,-1,9,FALSE,"Promoter-proximal peak (non-annotated)",FALSE,FALSE
"chr2R",11988722,11989127,406,"*",153.97,-1,0,FALSE,"Promoter-proximal peak (non-annotated)",FALSE,FALSE
"chr2R",12027492,12028067,576,"*",369.443,-1,0,FALSE,"Promoter-proximal peak (non-annotated)",TRUE,FALSE
"chr2R",12101947,12102273,327,"*",143.405,-1,16579,FALSE,"Distal peak (non-annotated)",FALSE,TRUE
"chr2R",12547549,12547920,372,"*",105.075,-1,1859,TRUE,"Distal enhancer (annotated)",FALSE,FALSE
"chr2R",12975379,12975737,359,"*",185.638,-1,4920,TRUE,"Distal enhancer (annotated)",FALSE,TRUE
"chr2R",12984969,12985462,494,"*",354.056,-1,0,FALSE,"Promoter-proximal peak (non-annotated)",FALSE,FALSE
"chr2R",13192205,13192612,408,"*",154.096,-1,2118,TRUE,"Distal enhancer (annotated)",FALSE,FALSE
"chr2R",13223124,13224194,1071,"*",211.174,-1,0,FALSE,"Promoter-proximal peak (non-annotated)",TRUE,FALSE
"chr2R",13230181,13230558,378,"*",132.551,-1,0,FALSE,"Promoter-proximal peak (non-annotated)",FALSE,FALSE
"chr2R",13295726,13296435,710,"*",211.308,-1,0,FALSE,"Promoter-proximal peak (non-annotated)",FALSE,FALSE
"chr2R",13338230,13338559,330,"*",147.806,-1,894,FALSE,"Promoter-proximal peak (non-annotated)",FALSE,TRUE
"chr2R",13466895,13467195,301,"*",95.1789,-1,10146,TRUE,"Distal enhancer (annotated)",TRUE,TRUE
"chr2R",13499534,13500100,567,"*",195.874,-1,520,FALSE,"Promoter-proximal peak (non-annotated)",TRUE,TRUE
"chr2R",13824352,13824892,541,"*",140.649,-1,0,FALSE,"Promoter-proximal peak (non-annotated)",FALSE,FALSE
"chr2R",13990422,13991458,1037,"*",81.9135,-1,0,FALSE,"Promoter-proximal peak (non-annotated)",TRUE,FALSE
"chr2R",14157414,14157833,420,"*",404.991,-1,0,FALSE,"Promoter-proximal peak (non-annotated)",FALSE,FALSE
"chr2R",14239629,14239951,323,"*",81.4401,-1,0,FALSE,"Promoter-proximal peak (non-annotated)",FALSE,FALSE
"chr2R",14255944,14256509,566,"*",178.975,-1,0,FALSE,"Promoter-proximal peak (non-annotated)",TRUE,FALSE
"chr2R",14284252,14284737,486,"*",127.799,-1,3399,TRUE,"Distal enhancer (annotated)",TRUE,FALSE
"chr2R",14852565,14852992,428,"*",144.796,-1,0,FALSE,"Promoter-proximal peak (non-annotated)",FALSE,FALSE
"chr2R",14917542,14918121,580,"*",240.946,-1,169,TRUE,"Promoter-proximal enhancer (annotated)",FALSE,TRUE
"chr2R",14992116,14992502,387,"*",202.332,-1,0,FALSE,"Promoter-proximal peak (non-annotated)",FALSE,FALSE
"chr2R",15127956,15128879,924,"*",269.837,-1,0,FALSE,"Promoter-proximal peak (non-annotated)",TRUE,FALSE
"chr2R",15213574,15213952,379,"*",176.888,-1,0,FALSE,"Promoter-proximal peak (non-annotated)",FALSE,FALSE
"chr2R",15217418,15217913,496,"*",596.803,-1,0,FALSE,"Promoter-proximal peak (non-annotated)",FALSE,TRUE
"chr2R",15290799,15291359,561,"*",134.493,-1,0,FALSE,"Promoter-proximal peak (non-annotated)",TRUE,TRUE
"chr2R",15308002,15308539,538,"*",131.177,-1,457,FALSE,"Promoter-proximal peak (non-annotated)",FALSE,FALSE
"chr2R",15477896,15478225,330,"*",154.897,-1,4608,TRUE,"Distal enhancer (annotated)",FALSE,TRUE
"chr2R",15678970,15679448,479,"*",234.038,-1,13,FALSE,"Promoter-proximal peak (non-annotated)",FALSE,FALSE
"chr2R",15784530,15785241,712,"*",99.3048,-1,8467,TRUE,"Distal enhancer (annotated)",TRUE,TRUE
"chr2R",15886894,15887328,435,"*",136.82,-1,3588,TRUE,"Distal enhancer (annotated)",TRUE,TRUE
"chr2R",15930224,15930729,506,"*",108.416,-1,1205,TRUE,"Distal enhancer (annotated)",FALSE,FALSE
"chr2R",15992312,15992698,387,"*",788.448,-1,0,FALSE,"Promoter-proximal peak (non-annotated)",TRUE,FALSE
"chr2R",16098335,16098966,632,"*",137.055,-1,0,FALSE,"Promoter-proximal peak (non-annotated)",FALSE,FALSE
"chr2R",16148601,16149007,407,"*",185.631,-1,0,FALSE,"Promoter-proximal peak (non-annotated)",FALSE,FALSE
"chr2R",16160481,16160893,413,"*",182.121,-1,1686,TRUE,"Distal enhancer (annotated)",FALSE,FALSE
"chr2R",16186209,16186559,351,"*",116.592,-1,0,FALSE,"Promoter-proximal peak (non-annotated)",FALSE,FALSE
"chr2R",16206309,16206622,314,"*",123.228,-1,70,FALSE,"Promoter-proximal peak (non-annotated)",FALSE,TRUE
"chr2R",16249710,16250153,444,"*",120.1,-1,0,FALSE,"Promoter-proximal peak (non-annotated)",FALSE,FALSE
"chr2R",16594328,16594980,653,"*",175.1,-1,0,FALSE,"Promoter-proximal peak (non-annotated)",TRUE,FALSE
"chr2R",16684471,16684839,369,"*",106.453,-1,477,TRUE,"Promoter-proximal enhancer (annotated)",FALSE,FALSE
"chr2R",16724983,16725291,309,"*",137.21,-1,6092,FALSE,"Distal peak (non-annotated)",FALSE,TRUE
"chr2R",17005095,17005473,379,"*",174.617,-1,0,FALSE,"Promoter-proximal peak (non-annotated)",FALSE,FALSE
"chr2R",17265021,17265595,575,"*",119.351,-1,0,FALSE,"Promoter-proximal peak (non-annotated)",FALSE,FALSE
"chr2R",17420755,17421441,687,"*",248.704,-1,0,FALSE,"Promoter-proximal peak (non-annotated)",FALSE,FALSE
"chr2R",17427431,17428012,582,"*",178.247,-1,0,FALSE,"Promoter-proximal peak (non-annotated)",TRUE,FALSE
"chr2R",17568372,17568850,479,"*",258.555,-1,0,FALSE,"Promoter-proximal peak (non-annotated)",TRUE,FALSE
"chr2R",17665457,17665808,352,"*",192.787,-1,0,FALSE,"Promoter-proximal peak (non-annotated)",FALSE,FALSE
"chr2R",17804613,17805148,536,"*",95.3465,-1,1745,TRUE,"Distal enhancer (annotated)",FALSE,TRUE
"chr2R",17854751,17855200,450,"*",122.659,-1,43,FALSE,"Promoter-proximal peak (non-annotated)",FALSE,TRUE
"chr2R",17892815,17893180,366,"*",108.52,-1,1161,TRUE,"Distal enhancer (annotated)",FALSE,TRUE
"chr2R",18338247,18338744,498,"*",92.316,-1,18551,TRUE,"Distal enhancer (annotated)",FALSE,TRUE
"chr2R",18624948,18625317,370,"*",191.515,-1,0,FALSE,"Promoter-proximal peak (non-annotated)",FALSE,FALSE
"chr2R",18671545,18671936,392,"*",222.023,-1,1599,TRUE,"Distal enhancer (annotated)",FALSE,TRUE
"chr2R",18717612,18717963,352,"*",162.201,-1,150,TRUE,"Promoter-proximal enhancer (annotated)",TRUE,FALSE
"chr2R",18875076,18875473,398,"*",248.276,-1,2917,FALSE,"Distal peak (non-annotated)",FALSE,FALSE
"chr2R",18881881,18882205,325,"*",102.79,-1,3489,TRUE,"Distal enhancer (annotated)",FALSE,FALSE
"chr2R",19137081,19137491,411,"*",174.971,-1,0,FALSE,"Promoter-proximal peak (non-annotated)",FALSE,FALSE
"chr2R",19144261,19144637,377,"*",142.463,-1,0,FALSE,"Promoter-proximal peak (non-annotated)",FALSE,FALSE
"chr2R",19166289,19166671,383,"*",157.234,-1,2145,TRUE,"Distal enhancer (annotated)",FALSE,TRUE
"chr2R",19205236,19205609,374,"*",92.85,-1,21734,TRUE,"Distal enhancer (annotated)",TRUE,TRUE
"chr2R",19423120,19423460,341,"*",305.885,-1,653,FALSE,"Promoter-proximal peak (non-annotated)",FALSE,FALSE
"chr2R",19496678,19497047,370,"*",128.175,-1,0,FALSE,"Promoter-proximal peak (non-annotated)",FALSE,FALSE
"chr2R",20007421,20007793,373,"*",203.3,-1,325,TRUE,"Promoter-proximal enhancer (annotated)",FALSE,FALSE
"chr2R",20121682,20122122,441,"*",194.374,-1,10170,TRUE,"Distal enhancer (annotated)",FALSE,FALSE
"chr2R",20531360,20531856,497,"*",104.206,-1,10,FALSE,"Promoter-proximal peak (non-annotated)",FALSE,TRUE
"chr2R",20884386,20884790,405,"*",326.127,-1,4455,FALSE,"Distal peak (non-annotated)",FALSE,FALSE
"chr2R",21200032,21200550,519,"*",295.407,-1,0,FALSE,"Promoter-proximal peak (non-annotated)",FALSE,FALSE
"chr2R",21372028,21372358,331,"*",138.952,-1,7105,TRUE,"Distal enhancer (annotated)",FALSE,FALSE
"chr2R",21475474,21475930,457,"*",130.054,-1,5245,TRUE,"Distal enhancer (annotated)",FALSE,FALSE
"chr2R",21645769,21646348,580,"*",238.084,-1,0,FALSE,"Promoter-proximal peak (non-annotated)",TRUE,TRUE
"chr2R",21669870,21670201,332,"*",146.882,-1,0,FALSE,"Promoter-proximal peak (non-annotated)",FALSE,FALSE
"chr2R",22061620,22062090,471,"*",387.209,-1,102,FALSE,"Promoter-proximal peak (non-annotated)",TRUE,FALSE
"chr2R",22395157,22396143,987,"*",157.728,-1,5915,TRUE,"Distal enhancer (annotated)",TRUE,TRUE
"chr2R",22397411,22397756,346,"*",157.234,-1,4302,TRUE,"Distal enhancer (annotated)",TRUE,TRUE
"chr2R",22514060,22514536,477,"*",555.697,-1,0,FALSE,"Promoter-proximal peak (non-annotated)",FALSE,TRUE
"chr2R",22605870,22606353,484,"*",104.14,-1,0,FALSE,"Promoter-proximal peak (non-annotated)",TRUE,FALSE
"chr2R",22802762,22803214,453,"*",318.177,-1,3088,TRUE,"Distal enhancer (annotated)",FALSE,FALSE
"chr2R",22925898,22926716,819,"*",134.199,-1,0,FALSE,"Promoter-proximal peak (non-annotated)",TRUE,FALSE
"chr2R",23064229,23064573,345,"*",112.703,-1,0,FALSE,"Promoter-proximal peak (non-annotated)",TRUE,TRUE
"chr2R",23066792,23067315,524,"*",74.3024,-1,0,FALSE,"Promoter-proximal peak (non-annotated)",FALSE,TRUE
"chr2R",23376881,23377377,497,"*",118.024,-1,0,FALSE,"Promoter-proximal peak (non-annotated)",TRUE,FALSE
"chr2R",23428437,23428865,429,"*",171.934,-1,2447,FALSE,"Distal peak (non-annotated)",FALSE,FALSE
"chr2R",23593011,23593538,528,"*",126.536,-1,3053,FALSE,"Distal peak (non-annotated)",FALSE,TRUE
"chr2R",23709709,23710085,377,"*",237.35,-1,0,FALSE,"Promoter-proximal peak (non-annotated)",FALSE,FALSE
"chr2R",23844691,23845019,329,"*",208.403,-1,0,FALSE,"Promoter-proximal peak (non-annotated)",FALSE,FALSE
"chr2R",23850189,23850781,593,"*",555.591,-1,0,FALSE,"Promoter-proximal peak (non-annotated)",TRUE,FALSE
"chr2R",23858542,23859007,466,"*",158.036,-1,0,FALSE,"Promoter-proximal peak (non-annotated)",FALSE,FALSE
"chr2R",23884447,23885144,698,"*",189.91,-1,6,FALSE,"Promoter-proximal peak (non-annotated)",TRUE,TRUE
"chr2R",23936198,23936608,411,"*",105.926,-1,313,FALSE,"Promoter-proximal peak (non-annotated)",FALSE,FALSE
"chr2R",23967690,23967998,309,"*",154.403,-1,0,FALSE,"Promoter-proximal peak (non-annotated)",FALSE,FALSE
"chr2R",24048946,24049280,335,"*",142.768,-1,0,FALSE,"Promoter-proximal peak (non-annotated)",FALSE,TRUE
"chr2R",24068512,24069198,687,"*",155.059,-1,0,FALSE,"Promoter-proximal peak (non-annotated)",TRUE,TRUE
"chr2R",24242720,24243128,409,"*",181.66,-1,126,TRUE,"Promoter-proximal enhancer (annotated)",FALSE,FALSE
"chr2R",24319368,24319657,290,"*",93.5712,-1,5369,TRUE,"Distal enhancer (annotated)",FALSE,TRUE
"chr2R",24350820,24351161,342,"*",175.359,-1,227,FALSE,"Promoter-proximal peak (non-annotated)",FALSE,TRUE
"chr2R",24539161,24539952,792,"*",237.601,-1,0,FALSE,"Promoter-proximal peak (non-annotated)",FALSE,FALSE
"chr2R",24611381,24611774,394,"*",217.923,-1,0,FALSE,"Promoter-proximal peak (non-annotated)",FALSE,FALSE
"chr2R",24739741,24740088,348,"*",103.824,-1,363,TRUE,"Promoter-proximal enhancer (annotated)",FALSE,FALSE
"chr2R",24741935,24742251,317,"*",101.791,-1,1497,TRUE,"Distal enhancer (annotated)",FALSE,FALSE
"chr2R",24903693,24904341,649,"*",145.037,-1,0,FALSE,"Promoter-proximal peak (non-annotated)",FALSE,FALSE
"chr2R",25019481,25019982,502,"*",97.8251,-1,7418,TRUE,"Distal enhancer (annotated)",FALSE,TRUE
"chr2R",25167194,25167511,318,"*",168.827,-1,147,FALSE,"Promoter-proximal peak (non-annotated)",FALSE,FALSE
"chr3L",94054,94411,358,"*",114.43,-1,3963,TRUE,"Distal enhancer (annotated)",TRUE,TRUE
"chr3L",205786,206133,348,"*",188.716,-1,0,FALSE,"Promoter-proximal peak (non-annotated)",TRUE,FALSE
"chr3L",350679,351000,322,"*",154.487,-1,74,FALSE,"Promoter-proximal peak (non-annotated)",FALSE,TRUE
"chr3L",547051,547433,383,"*",179.648,-1,991,FALSE,"Promoter-proximal peak (non-annotated)",TRUE,FALSE
"chr3L",557335,557655,321,"*",97.5534,-1,4118,FALSE,"Distal peak (non-annotated)",TRUE,FALSE
"chr3L",589184,589613,430,"*",178.31,-1,0,FALSE,"Promoter-proximal peak (non-annotated)",TRUE,TRUE
"chr3L",644016,644447,432,"*",113.663,-1,1807,FALSE,"Distal peak (non-annotated)",TRUE,TRUE
"chr3L",680295,680589,295,"*",146.604,-1,0,FALSE,"Promoter-proximal peak (non-annotated)",FALSE,FALSE
"chr3L",711886,712612,727,"*",100.461,-1,35,FALSE,"Promoter-proximal peak (non-annotated)",FALSE,TRUE
"chr3L",784081,784480,400,"*",121.912,-1,13717,TRUE,"Distal enhancer (annotated)",TRUE,TRUE
"chr3L",796963,797272,310,"*",92.9986,-1,6778,TRUE,"Distal enhancer (annotated)",FALSE,TRUE
"chr3L",819510,820017,508,"*",196.188,-1,741,TRUE,"Promoter-proximal enhancer (annotated)",TRUE,FALSE
"chr3L",837440,837916,477,"*",170.904,-1,0,FALSE,"Promoter-proximal peak (non-annotated)",TRUE,FALSE
"chr3L",851063,851397,335,"*",70.5421,-1,0,FALSE,"Promoter-proximal peak (non-annotated)",FALSE,FALSE
"chr3L",857712,857988,277,"*",215.907,-1,463,TRUE,"Promoter-proximal enhancer (annotated)",TRUE,FALSE
"chr3L",895442,896094,653,"*",183.496,-1,0,TRUE,"Promoter-proximal enhancer (annotated)",TRUE,FALSE
"chr3L",1007875,1008239,365,"*",101.08,-1,99,FALSE,"Promoter-proximal peak (non-annotated)",FALSE,TRUE
"chr3L",1300146,1300725,580,"*",122.339,-1,1259,FALSE,"Distal peak (non-annotated)",FALSE,TRUE
"chr3L",1368048,1368513,466,"*",111.638,-1,2114,FALSE,"Distal peak (non-annotated)",FALSE,FALSE
"chr3L",1375997,1376853,857,"*",65.7167,-1,3080,TRUE,"Distal enhancer (annotated)",TRUE,FALSE
"chr3L",1558401,1558788,388,"*",152.835,-1,0,FALSE,"Promoter-proximal peak (non-annotated)",FALSE,FALSE
"chr3L",1639375,1639741,367,"*",134.355,-1,0,FALSE,"Promoter-proximal peak (non-annotated)",FALSE,FALSE
"chr3L",1645143,1645513,371,"*",230.546,-1,0,FALSE,"Promoter-proximal peak (non-annotated)",TRUE,TRUE
"chr3L",1668509,1668926,418,"*",239.213,-1,0,FALSE,"Promoter-proximal peak (non-annotated)",FALSE,FALSE
"chr3L",1740136,1740461,326,"*",212.948,-1,890,FALSE,"Promoter-proximal peak (non-annotated)",FALSE,FALSE
"chr3L",1808697,1809035,339,"*",284.121,-1,1150,TRUE,"Distal enhancer (annotated)",FALSE,TRUE
"chr3L",1963027,1963379,353,"*",146.556,-1,0,FALSE,"Promoter-proximal peak (non-annotated)",TRUE,FALSE
"chr3L",2162030,2162386,357,"*",156.91,-1,1476,FALSE,"Distal peak (non-annotated)",TRUE,TRUE
"chr3L",2257278,2257751,474,"*",612.643,-1,0,FALSE,"Promoter-proximal peak (non-annotated)",FALSE,FALSE
"chr3L",2262583,2262955,373,"*",227.382,-1,0,FALSE,"Promoter-proximal peak (non-annotated)",FALSE,FALSE
"chr3L",2373389,2373816,428,"*",595.098,-1,0,FALSE,"Promoter-proximal peak (non-annotated)",TRUE,FALSE
"chr3L",2494071,2494619,549,"*",171.673,-1,0,FALSE,"Promoter-proximal peak (non-annotated)",FALSE,TRUE
"chr3L",2501895,2502188,294,"*",85.9369,-1,626,FALSE,"Promoter-proximal peak (non-annotated)",TRUE,TRUE
"chr3L",2582897,2583342,446,"*",117.734,-1,2911,FALSE,"Distal peak (non-annotated)",TRUE,TRUE
"chr3L",2584004,2584571,568,"*",110.732,-1,1682,TRUE,"Distal enhancer (annotated)",FALSE,FALSE
"chr3L",2651836,2652130,295,"*",126.959,-1,0,FALSE,"Promoter-proximal peak (non-annotated)",FALSE,TRUE
"chr3L",2733256,2733536,281,"*",182.456,-1,1143,TRUE,"Distal enhancer (annotated)",TRUE,TRUE
"chr3L",2806055,2806416,362,"*",198.997,-1,14686,TRUE,"Distal enhancer (annotated)",TRUE,FALSE
"chr3L",3042662,3043006,345,"*",101.363,-1,0,FALSE,"Promoter-proximal peak (non-annotated)",FALSE,FALSE
"chr3L",3046181,3046785,605,"*",174.556,-1,26,FALSE,"Promoter-proximal peak (non-annotated)",FALSE,FALSE
"chr3L",3198991,3199398,408,"*",105.257,-1,0,FALSE,"Promoter-proximal peak (non-annotated)",TRUE,FALSE
"chr3L",3302993,3303472,480,"*",296.78,-1,0,FALSE,"Promoter-proximal peak (non-annotated)",FALSE,FALSE
"chr3L",3377919,3378317,399,"*",147.496,-1,0,FALSE,"Promoter-proximal peak (non-annotated)",FALSE,FALSE
"chr3L",3381695,3382808,1114,"*",119.693,-1,3426,TRUE,"Distal enhancer (annotated)",FALSE,TRUE
"chr3L",3616328,3616682,355,"*",88.1409,-1,945,FALSE,"Promoter-proximal peak (non-annotated)",FALSE,FALSE
"chr3L",3824848,3825222,375,"*",131.051,-1,226,FALSE,"Promoter-proximal peak (non-annotated)",FALSE,TRUE
"chr3L",3826540,3826930,391,"*",174.028,-1,1090,FALSE,"Distal peak (non-annotated)",FALSE,TRUE
"chr3L",3928514,3929111,598,"*",110.091,-1,51,TRUE,"Promoter-proximal enhancer (annotated)",FALSE,TRUE
"chr3L",4040237,4040605,369,"*",155.919,-1,0,FALSE,"Promoter-proximal peak (non-annotated)",TRUE,FALSE
"chr3L",4070417,4071275,859,"*",198.661,-1,441,TRUE,"Promoter-proximal enhancer (annotated)",FALSE,TRUE
"chr3L",4228138,4228583,446,"*",288.443,-1,835,TRUE,"Promoter-proximal enhancer (annotated)",FALSE,TRUE
"chr3L",4230224,4230710,487,"*",164.255,-1,2921,TRUE,"Distal enhancer (annotated)",TRUE,TRUE
"chr3L",4269882,4270264,383,"*",103.596,-1,2378,TRUE,"Distal enhancer (annotated)",TRUE,FALSE
"chr3L",4624689,4625085,397,"*",249.347,-1,1046,TRUE,"Distal enhancer (annotated)",FALSE,FALSE
"chr3L",4698070,4698447,378,"*",138.386,-1,468,TRUE,"Promoter-proximal enhancer (annotated)",FALSE,TRUE
"chr3L",5139204,5139726,523,"*",359.388,-1,0,FALSE,"Promoter-proximal peak (non-annotated)",FALSE,FALSE
"chr3L",5154949,5155317,369,"*",115.215,-1,2270,FALSE,"Distal peak (non-annotated)",FALSE,TRUE
"chr3L",5186972,5187864,893,"*",160.226,-1,2174,TRUE,"Distal enhancer (annotated)",TRUE,TRUE
"chr3L",5277964,5278310,347,"*",290.703,-1,19,FALSE,"Promoter-proximal peak (non-annotated)",FALSE,FALSE
"chr3L",5355309,5355703,395,"*",181.32,-1,0,FALSE,"Promoter-proximal peak (non-annotated)",FALSE,FALSE
"chr3L",5577479,5578152,674,"*",351.691,-1,130,TRUE,"Promoter-proximal enhancer (annotated)",TRUE,FALSE
"chr3L",5976233,5976840,608,"*",175.257,-1,225,TRUE,"Promoter-proximal enhancer (annotated)",FALSE,TRUE
"chr3L",6094671,6095082,412,"*",182.427,-1,0,FALSE,"Promoter-proximal peak (non-annotated)",FALSE,FALSE
"chr3L",6184907,6185366,460,"*",154.272,-1,0,FALSE,"Promoter-proximal peak (non-annotated)",FALSE,FALSE
"chr3L",6262627,6263102,476,"*",270.409,-1,0,FALSE,"Promoter-proximal peak (non-annotated)",FALSE,TRUE
"chr3L",6488395,6488771,377,"*",455.814,-1,0,FALSE,"Promoter-proximal peak (non-annotated)",TRUE,FALSE
"chr3L",6552760,6553402,643,"*",146.535,-1,2020,FALSE,"Distal peak (non-annotated)",FALSE,FALSE
"chr3L",6576717,6577252,536,"*",85.0632,-1,12226,TRUE,"Distal enhancer (annotated)",FALSE,FALSE
"chr3L",6705851,6706247,397,"*",108.733,-1,990,TRUE,"Promoter-proximal enhancer (annotated)",FALSE,TRUE
"chr3L",6777587,6778018,432,"*",96.5931,-1,9086,TRUE,"Distal enhancer (annotated)",FALSE,FALSE
"chr3L",6853428,6853961,534,"*",98.94,-1,12477,TRUE,"Distal enhancer (annotated)",FALSE,TRUE
"chr3L",6955892,6956304,413,"*",240.053,-1,0,FALSE,"Promoter-proximal peak (non-annotated)",TRUE,FALSE
"chr3L",6988991,6989594,604,"*",261.894,-1,1027,TRUE,"Distal enhancer (annotated)",FALSE,FALSE
"chr3L",7008318,7008705,388,"*",148.623,-1,5394,TRUE,"Distal enhancer (annotated)",TRUE,FALSE
"chr3L",7090810,7091151,342,"*",176.512,-1,2022,TRUE,"Distal enhancer (annotated)",FALSE,TRUE
"chr3L",7133950,7134647,698,"*",144.658,-1,0,TRUE,"Promoter-proximal enhancer (annotated)",TRUE,FALSE
"chr3L",7250510,7250937,428,"*",116.706,-1,0,FALSE,"Promoter-proximal peak (non-annotated)",TRUE,TRUE
"chr3L",7323357,7323659,303,"*",119.454,-1,0,FALSE,"Promoter-proximal peak (non-annotated)",FALSE,FALSE
"chr3L",7328795,7329226,432,"*",128.701,-1,0,FALSE,"Promoter-proximal peak (non-annotated)",FALSE,FALSE
"chr3L",7850759,7851261,503,"*",127.362,-1,4286,FALSE,"Distal peak (non-annotated)",FALSE,TRUE
"chr3L",7903676,7904096,421,"*",143.297,-1,92,TRUE,"Promoter-proximal enhancer (annotated)",FALSE,TRUE
"chr3L",7975926,7976475,550,"*",95.8083,-1,0,FALSE,"Promoter-proximal peak (non-annotated)",FALSE,TRUE
"chr3L",8024629,8025163,535,"*",130.085,-1,3454,TRUE,"Distal enhancer (annotated)",FALSE,TRUE
"chr3L",8127701,8128200,500,"*",177.598,-1,0,FALSE,"Promoter-proximal peak (non-annotated)",FALSE,FALSE
"chr3L",8299759,8300091,333,"*",148.52,-1,0,FALSE,"Promoter-proximal peak (non-annotated)",FALSE,FALSE
"chr3L",8600776,8601235,460,"*",222.047,-1,0,FALSE,"Promoter-proximal peak (non-annotated)",TRUE,FALSE
"chr3L",8721051,8721529,479,"*",380.294,-1,0,FALSE,"Promoter-proximal peak (non-annotated)",FALSE,FALSE
"chr3L",9045292,9045678,387,"*",96.0227,-1,1760,TRUE,"Distal enhancer (annotated)",FALSE,TRUE
"chr3L",9057535,9058231,697,"*",139.149,-1,0,FALSE,"Promoter-proximal peak (non-annotated)",TRUE,TRUE
"chr3L",9457589,9458163,575,"*",522.235,-1,0,FALSE,"Promoter-proximal peak (non-annotated)",FALSE,FALSE
"chr3L",9460780,9461056,277,"*",151.117,-1,0,FALSE,"Promoter-proximal peak (non-annotated)",TRUE,FALSE
"chr3L",9855757,9856802,1046,"*",132.535,-1,471,TRUE,"Promoter-proximal enhancer (annotated)",TRUE,TRUE
"chr3L",10352708,10353023,316,"*",106.352,-1,10995,TRUE,"Distal enhancer (annotated)",TRUE,TRUE
"chr3L",10554582,10554875,294,"*",168.255,-1,4206,TRUE,"Distal enhancer (annotated)",FALSE,TRUE
"chr3L",10745595,10745975,381,"*",119.969,-1,25949,FALSE,"Distal peak (non-annotated)",FALSE,FALSE
"chr3L",10855533,10856155,623,"*",77.9112,-1,1733,TRUE,"Distal enhancer (annotated)",FALSE,FALSE
"chr3L",10965909,10966456,548,"*",146.286,-1,4408,TRUE,"Distal enhancer (annotated)",TRUE,FALSE
"chr3L",11047835,11048264,430,"*",129.552,-1,686,TRUE,"Promoter-proximal enhancer (annotated)",TRUE,FALSE
"chr3L",11064669,11065037,369,"*",187.317,-1,0,FALSE,"Promoter-proximal peak (non-annotated)",FALSE,FALSE
"chr3L",11098161,11098667,507,"*",185.613,-1,0,FALSE,"Promoter-proximal peak (non-annotated)",TRUE,FALSE
"chr3L",11318779,11319125,347,"*",185.886,-1,1074,FALSE,"Distal peak (non-annotated)",TRUE,FALSE
"chr3L",11403532,11404235,704,"*",78.3914,-1,1299,TRUE,"Distal enhancer (annotated)",FALSE,FALSE
"chr3L",11431336,11431663,328,"*",97.5531,-1,3812,FALSE,"Distal peak (non-annotated)",FALSE,FALSE
"chr3L",11696352,11696828,477,"*",144.098,-1,0,FALSE,"Promoter-proximal peak (non-annotated)",TRUE,FALSE
"chr3L",12111385,12111898,514,"*",102.045,-1,4202,TRUE,"Distal enhancer (annotated)",TRUE,TRUE
"chr3L",12138326,12138888,563,"*",108.273,-1,0,FALSE,"Promoter-proximal peak (non-annotated)",FALSE,FALSE
"chr3L",12457299,12457659,361,"*",102.472,-1,10361,TRUE,"Distal enhancer (annotated)",FALSE,TRUE
"chr3L",12490588,12491017,430,"*",185.202,-1,0,FALSE,"Promoter-proximal peak (non-annotated)",TRUE,FALSE
"chr3L",12523852,12524422,571,"*",147.997,-1,0,FALSE,"Promoter-proximal peak (non-annotated)",FALSE,TRUE
"chr3L",12533675,12534023,349,"*",281.135,-1,0,FALSE,"Promoter-proximal peak (non-annotated)",FALSE,FALSE
"chr3L",12843072,12843654,583,"*",227.182,-1,0,FALSE,"Promoter-proximal peak (non-annotated)",TRUE,TRUE
"chr3L",12913626,12913985,360,"*",427.839,-1,0,FALSE,"Promoter-proximal peak (non-annotated)",FALSE,FALSE
"chr3L",13017957,13018317,361,"*",375.305,-1,0,FALSE,"Promoter-proximal peak (non-annotated)",TRUE,FALSE
"chr3L",13041482,13042029,548,"*",136.684,-1,0,FALSE,"Promoter-proximal peak (non-annotated)",TRUE,FALSE
"chr3L",13862473,13862740,268,"*",192.248,-1,4164,TRUE,"Distal enhancer (annotated)",FALSE,FALSE
"chr3L",13920017,13920519,503,"*",136.635,-1,51,TRUE,"Promoter-proximal enhancer (annotated)",FALSE,FALSE
"chr3L",14004899,14005425,527,"*",213.623,-1,2771,TRUE,"Distal enhancer (annotated)",TRUE,FALSE
"chr3L",14297515,14297811,297,"*",121.29,-1,23171,TRUE,"Distal enhancer (annotated)",FALSE,TRUE
"chr3L",14303840,14304235,396,"*",166.701,-1,22015,TRUE,"Distal enhancer (annotated)",FALSE,FALSE
"chr3L",14448675,14449025,351,"*",152.464,-1,101,FALSE,"Promoter-proximal peak (non-annotated)",FALSE,TRUE
"chr3L",14550950,14551355,406,"*",251.549,-1,0,TRUE,"Promoter-proximal enhancer (annotated)",FALSE,FALSE
"chr3L",14661839,14662226,388,"*",120.38,-1,0,TRUE,"Promoter-proximal enhancer (annotated)",FALSE,TRUE
"chr3L",14665949,14666339,391,"*",127.927,-1,4002,FALSE,"Distal peak (non-annotated)",TRUE,TRUE
"chr3L",14802122,14802680,559,"*",128.248,-1,0,FALSE,"Promoter-proximal peak (non-annotated)",TRUE,TRUE
"chr3L",14999590,14999985,396,"*",122.648,-1,0,FALSE,"Promoter-proximal peak (non-annotated)",FALSE,FALSE
"chr3L",15011712,15011980,269,"*",126.773,-1,2081,FALSE,"Distal peak (non-annotated)",FALSE,TRUE
"chr3L",15136592,15137370,779,"*",173.512,-1,0,FALSE,"Promoter-proximal peak (non-annotated)",TRUE,TRUE
"chr3L",15580404,15580850,447,"*",233.522,-1,0,FALSE,"Promoter-proximal peak (non-annotated)",TRUE,TRUE
"chr3L",15619503,15620065,563,"*",76.0155,-1,0,FALSE,"Promoter-proximal peak (non-annotated)",TRUE,FALSE
"chr3L",15625619,15626408,790,"*",149.897,-1,2884,TRUE,"Distal enhancer (annotated)",TRUE,TRUE
"chr3L",15977611,15977918,308,"*",146.647,-1,577,FALSE,"Promoter-proximal peak (non-annotated)",FALSE,TRUE
"chr3L",15982829,15983234,406,"*",714.089,-1,0,FALSE,"Promoter-proximal peak (non-annotated)",TRUE,FALSE
"chr3L",16001188,16001755,568,"*",138.304,-1,2980,TRUE,"Distal enhancer (annotated)",FALSE,TRUE
"chr3L",16087453,16087824,372,"*",90.9043,-1,0,FALSE,"Promoter-proximal peak (non-annotated)",FALSE,TRUE
"chr3L",16105584,16105844,261,"*",143.149,-1,0,FALSE,"Promoter-proximal peak (non-annotated)",FALSE,FALSE
"chr3L",16161841,16162273,433,"*",109.688,-1,2427,TRUE,"Distal enhancer (annotated)",TRUE,FALSE
"chr3L",16203182,16203612,431,"*",149.695,-1,1853,TRUE,"Distal enhancer (annotated)",FALSE,FALSE
"chr3L",16228670,16229087,418,"*",183.153,-1,0,FALSE,"Promoter-proximal peak (non-annotated)",TRUE,FALSE
"chr3L",16483431,16484184,754,"*",154.206,-1,0,TRUE,"Promoter-proximal enhancer (annotated)",TRUE,TRUE
"chr3L",16609187,16609594,408,"*",84.3333,-1,0,FALSE,"Promoter-proximal peak (non-annotated)",FALSE,FALSE
"chr3L",16612205,16612550,346,"*",122.053,-1,0,FALSE,"Promoter-proximal peak (non-annotated)",FALSE,FALSE
"chr3L",16782371,16782709,339,"*",115.092,-1,300,FALSE,"Promoter-proximal peak (non-annotated)",FALSE,FALSE
"chr3L",16890421,16891102,682,"*",119.152,-1,123,FALSE,"Promoter-proximal peak (non-annotated)",TRUE,TRUE
"chr3L",17242139,17242443,305,"*",196.083,-1,10,FALSE,"Promoter-proximal peak (non-annotated)",TRUE,FALSE
"chr3L",17428760,17429149,390,"*",161.615,-1,0,FALSE,"Promoter-proximal peak (non-annotated)",FALSE,FALSE
"chr3L",17433580,17433948,369,"*",317.467,-1,0,FALSE,"Promoter-proximal peak (non-annotated)",FALSE,FALSE
"chr3L",17654053,17654612,560,"*",174.39,-1,0,FALSE,"Promoter-proximal peak (non-annotated)",TRUE,FALSE
"chr3L",17856745,17857509,765,"*",154.949,-1,0,TRUE,"Promoter-proximal enhancer (annotated)",FALSE,FALSE
"chr3L",18185790,18186141,352,"*",219.875,-1,148,FALSE,"Promoter-proximal peak (non-annotated)",FALSE,FALSE
"chr3L",18192819,18193256,438,"*",102.91,-1,2915,TRUE,"Distal enhancer (annotated)",FALSE,TRUE
"chr3L",18461012,18461448,437,"*",195.046,-1,0,FALSE,"Promoter-proximal peak (non-annotated)",TRUE,FALSE
"chr3L",18867495,18867882,388,"*",126.762,-1,0,FALSE,"Promoter-proximal peak (non-annotated)",TRUE,FALSE
"chr3L",19042506,19042897,392,"*",131.278,-1,2551,TRUE,"Distal enhancer (annotated)",FALSE,TRUE
"chr3L",19086664,19087286,623,"*",198.862,-1,237,FALSE,"Promoter-proximal peak (non-annotated)",FALSE,FALSE
"chr3L",19264163,19264475,313,"*",132.112,-1,0,FALSE,"Promoter-proximal peak (non-annotated)",FALSE,FALSE
"chr3L",19292637,19293046,410,"*",137.801,-1,0,FALSE,"Promoter-proximal peak (non-annotated)",FALSE,FALSE
"chr3L",19516559,19516892,334,"*",234.47,-1,1439,FALSE,"Distal peak (non-annotated)",FALSE,FALSE
"chr3L",19634779,19635206,428,"*",137.078,-1,421,FALSE,"Promoter-proximal peak (non-annotated)",FALSE,TRUE
"chr3L",19656022,19656298,277,"*",104.543,-1,6170,TRUE,"Distal enhancer (annotated)",FALSE,FALSE
"chr3L",19923027,19923697,671,"*",162.736,-1,0,FALSE,"Promoter-proximal peak (non-annotated)",FALSE,TRUE
"chr3L",20302077,20302511,435,"*",116.462,-1,0,FALSE,"Promoter-proximal peak (non-annotated)",FALSE,FALSE
"chr3L",20441961,20442379,419,"*",167.571,-1,39,TRUE,"Promoter-proximal enhancer (annotated)",FALSE,TRUE
"chr3L",20444748,20445176,429,"*",183.824,-1,0,FALSE,"Promoter-proximal peak (non-annotated)",TRUE,FALSE
"chr3L",20508136,20508623,488,"*",221.17,-1,1063,FALSE,"Distal peak (non-annotated)",TRUE,FALSE
"chr3L",20634516,20634891,376,"*",96.5859,-1,343,TRUE,"Promoter-proximal enhancer (annotated)",FALSE,FALSE
"chr3L",20778177,20778538,362,"*",127.236,-1,0,FALSE,"Promoter-proximal peak (non-annotated)",TRUE,FALSE
"chr3L",20798353,20798879,527,"*",171.71,-1,0,FALSE,"Promoter-proximal peak (non-annotated)",TRUE,FALSE
"chr3L",21027636,21028082,447,"*",128.048,-1,0,FALSE,"Promoter-proximal peak (non-annotated)",FALSE,FALSE
"chr3L",21031277,21031910,634,"*",165.645,-1,0,FALSE,"Promoter-proximal peak (non-annotated)",FALSE,FALSE
"chr3L",21037397,21037685,289,"*",138.605,-1,2861,TRUE,"Distal enhancer (annotated)",TRUE,TRUE
"chr3L",21171899,21172807,909,"*",209.459,-1,0,FALSE,"Promoter-proximal peak (non-annotated)",TRUE,FALSE
"chr3L",21515816,21516353,538,"*",159.42,-1,0,FALSE,"Promoter-proximal peak (non-annotated)",FALSE,FALSE
"chr3L",21679750,21680041,292,"*",157.375,-1,0,FALSE,"Promoter-proximal peak (non-annotated)",FALSE,FALSE
"chr3L",21728593,21728962,370,"*",277.376,-1,0,FALSE,"Promoter-proximal peak (non-annotated)",TRUE,FALSE
"chr3L",21828223,21828519,297,"*",115.569,-1,0,FALSE,"Promoter-proximal peak (non-annotated)",FALSE,FALSE
"chr3L",21880299,21880741,443,"*",252.051,-1,721,TRUE,"Promoter-proximal enhancer (annotated)",FALSE,FALSE
"chr3L",22288246,22288764,519,"*",170.767,-1,0,FALSE,"Promoter-proximal peak (non-annotated)",TRUE,TRUE
"chr3L",22863656,22863951,296,"*",134.549,-1,0,FALSE,"Promoter-proximal peak (non-annotated)",TRUE,FALSE
"chr3L",26012353,26012804,452,"*",132.66,-1,916,TRUE,"Promoter-proximal enhancer (annotated)",TRUE,FALSE
"chr3R",4395137,4395522,386,"*",205.704,-1,26,FALSE,"Promoter-proximal peak (non-annotated)",TRUE,FALSE
"chr3R",4641546,4642026,481,"*",128.757,-1,0,FALSE,"Promoter-proximal peak (non-annotated)",FALSE,FALSE
"chr3R",4649266,4649792,527,"*",104.964,-1,0,FALSE,"Promoter-proximal peak (non-annotated)",FALSE,FALSE
"chr3R",5127763,5128148,386,"*",133.249,-1,0,FALSE,"Promoter-proximal peak (non-annotated)",FALSE,FALSE
"chr3R",5361711,5362023,313,"*",154.029,-1,42,FALSE,"Promoter-proximal peak (non-annotated)",TRUE,FALSE
"chr3R",5485257,5485758,502,"*",105.364,-1,0,FALSE,"Promoter-proximal peak (non-annotated)",FALSE,FALSE
"chr3R",5565306,5565928,623,"*",152.381,-1,139,FALSE,"Promoter-proximal peak (non-annotated)",FALSE,TRUE
"chr3R",5568594,5568917,324,"*",95.1718,-1,0,FALSE,"Promoter-proximal peak (non-annotated)",FALSE,FALSE
"chr3R",5606507,5606921,415,"*",97.9391,-1,0,FALSE,"Promoter-proximal peak (non-annotated)",FALSE,FALSE
"chr3R",5669236,5669696,461,"*",257.792,-1,0,FALSE,"Promoter-proximal peak (non-annotated)",FALSE,FALSE
"chr3R",5791438,5792085,648,"*",257.56,-1,0,FALSE,"Promoter-proximal peak (non-annotated)",FALSE,FALSE
"chr3R",6353626,6354148,523,"*",123.541,-1,0,FALSE,"Promoter-proximal peak (non-annotated)",FALSE,FALSE
"chr3R",6416290,6416619,330,"*",171.959,-1,6711,TRUE,"Distal enhancer (annotated)",FALSE,FALSE
"chr3R",6759322,6759831,510,"*",122.795,-1,0,FALSE,"Promoter-proximal peak (non-annotated)",FALSE,FALSE
"chr3R",6912202,6912987,786,"*",118.695,-1,7519,TRUE,"Distal enhancer (annotated)",TRUE,FALSE
"chr3R",6914395,6914816,422,"*",99.1801,-1,9712,TRUE,"Distal enhancer (annotated)",FALSE,FALSE
"chr3R",6920035,6920329,295,"*",84.0999,-1,12510,TRUE,"Distal enhancer (annotated)",FALSE,TRUE
"chr3R",7067081,7067475,395,"*",174.892,-1,0,FALSE,"Promoter-proximal peak (non-annotated)",TRUE,FALSE
"chr3R",7127980,7128325,346,"*",231.135,-1,0,FALSE,"Promoter-proximal peak (non-annotated)",FALSE,FALSE
"chr3R",7249448,7249797,350,"*",243.577,-1,0,FALSE,"Promoter-proximal peak (non-annotated)",FALSE,FALSE
"chr3R",7346490,7346816,327,"*",153.567,-1,0,FALSE,"Promoter-proximal peak (non-annotated)",FALSE,FALSE
"chr3R",7506174,7506663,490,"*",157.09,-1,1075,FALSE,"Distal peak (non-annotated)",FALSE,TRUE
"chr3R",7809985,7810640,656,"*",167.819,-1,0,FALSE,"Promoter-proximal peak (non-annotated)",TRUE,FALSE
"chr3R",8001258,8001669,412,"*",439.709,-1,0,FALSE,"Promoter-proximal peak (non-annotated)",FALSE,FALSE
"chr3R",8206911,8207383,473,"*",106.392,-1,2080,TRUE,"Distal enhancer (annotated)",TRUE,FALSE
"chr3R",8239497,8240465,969,"*",154.005,-1,49,FALSE,"Promoter-proximal peak (non-annotated)",TRUE,TRUE
"chr3R",8243776,8244035,260,"*",111.181,-1,0,FALSE,"Promoter-proximal peak (non-annotated)",FALSE,FALSE
"chr3R",8333919,8334482,564,"*",200.141,-1,126,TRUE,"Promoter-proximal enhancer (annotated)",FALSE,FALSE
"chr3R",8482865,8483278,414,"*",107.111,-1,5247,TRUE,"Distal enhancer (annotated)",TRUE,FALSE
"chr3R",8650730,8651178,449,"*",515.641,-1,0,FALSE,"Promoter-proximal peak (non-annotated)",FALSE,FALSE
"chr3R",8669113,8669730,618,"*",250.673,-1,0,FALSE,"Promoter-proximal peak (non-annotated)",TRUE,FALSE
"chr3R",8676584,8676942,359,"*",175.267,-1,0,FALSE,"Promoter-proximal peak (non-annotated)",TRUE,FALSE
"chr3R",8731667,8732192,526,"*",133.76,-1,0,FALSE,"Promoter-proximal peak (non-annotated)",FALSE,FALSE
"chr3R",8788976,8789382,407,"*",117.246,-1,3164,TRUE,"Distal enhancer (annotated)",TRUE,FALSE
"chr3R",8945599,8946377,779,"*",122.697,-1,578,TRUE,"Promoter-proximal enhancer (annotated)",TRUE,FALSE
"chr3R",9031772,9032215,444,"*",187.272,-1,1515,TRUE,"Distal enhancer (annotated)",FALSE,FALSE
"chr3R",9224779,9225105,327,"*",120.473,-1,1734,TRUE,"Distal enhancer (annotated)",FALSE,FALSE
"chr3R",9341522,9342030,509,"*",138.015,-1,0,FALSE,"Promoter-proximal peak (non-annotated)",TRUE,FALSE
"chr3R",9401107,9401642,536,"*",155.076,-1,0,FALSE,"Promoter-proximal peak (non-annotated)",TRUE,FALSE
"chr3R",9434692,9435313,622,"*",140.774,-1,425,TRUE,"Promoter-proximal enhancer (annotated)",TRUE,TRUE
"chr3R",9613160,9613523,364,"*",133.148,-1,9420,FALSE,"Distal peak (non-annotated)",FALSE,TRUE
"chr3R",9618388,9618729,342,"*",137.69,-1,4214,TRUE,"Distal enhancer (annotated)",FALSE,FALSE
"chr3R",9771472,9771959,488,"*",201.148,-1,0,FALSE,"Promoter-proximal peak (non-annotated)",FALSE,FALSE
"chr3R",10087546,10087990,445,"*",103.285,-1,3135,TRUE,"Distal enhancer (annotated)",FALSE,TRUE
"chr3R",10097660,10098673,1014,"*",90.3589,-1,1348,FALSE,"Distal peak (non-annotated)",TRUE,FALSE
"chr3R",10170332,10170883,552,"*",190.029,-1,0,FALSE,"Promoter-proximal peak (non-annotated)",TRUE,FALSE
"chr3R",10213484,10213798,315,"*",152.696,-1,476,FALSE,"Promoter-proximal peak (non-annotated)",TRUE,TRUE
"chr3R",10597574,10598014,441,"*",200.787,-1,16261,TRUE,"Distal enhancer (annotated)",FALSE,FALSE
"chr3R",10760953,10761274,322,"*",145.304,-1,0,FALSE,"Promoter-proximal peak (non-annotated)",FALSE,FALSE
"chr3R",10849432,10849869,438,"*",242.773,-1,0,FALSE,"Promoter-proximal peak (non-annotated)",FALSE,FALSE
"chr3R",10884047,10884412,366,"*",210.903,-1,588,FALSE,"Promoter-proximal peak (non-annotated)",FALSE,FALSE
"chr3R",11226466,11226840,375,"*",435.455,-1,0,FALSE,"Promoter-proximal peak (non-annotated)",FALSE,FALSE
"chr3R",11409772,11410239,468,"*",221.286,-1,0,FALSE,"Promoter-proximal peak (non-annotated)",FALSE,FALSE
"chr3R",11421555,11422108,554,"*",246.631,-1,0,FALSE,"Promoter-proximal peak (non-annotated)",TRUE,FALSE
"chr3R",11458491,11458914,424,"*",134.185,-1,470,FALSE,"Promoter-proximal peak (non-annotated)",TRUE,TRUE
"chr3R",11557478,11557837,360,"*",177.989,-1,0,FALSE,"Promoter-proximal peak (non-annotated)",FALSE,FALSE
"chr3R",11582254,11582587,334,"*",144.26,-1,339,FALSE,"Promoter-proximal peak (non-annotated)",FALSE,FALSE
"chr3R",11622934,11623356,423,"*",135.403,-1,0,FALSE,"Promoter-proximal peak (non-annotated)",FALSE,FALSE
"chr3R",11656646,11657112,467,"*",344.735,-1,496,FALSE,"Promoter-proximal peak (non-annotated)",TRUE,TRUE
"chr3R",11678106,11678433,328,"*",325.291,-1,0,FALSE,"Promoter-proximal peak (non-annotated)",TRUE,FALSE
"chr3R",11786730,11787120,391,"*",158.485,-1,0,FALSE,"Promoter-proximal peak (non-annotated)",TRUE,FALSE
"chr3R",11819340,11819730,391,"*",94.8944,-1,0,FALSE,"Promoter-proximal peak (non-annotated)",TRUE,FALSE
"chr3R",11882473,11882822,350,"*",154.142,-1,0,FALSE,"Promoter-proximal peak (non-annotated)",TRUE,FALSE
"chr3R",12078760,12079326,567,"*",95.7642,-1,601,TRUE,"Promoter-proximal enhancer (annotated)",FALSE,TRUE
"chr3R",12402964,12403313,350,"*",327.736,-1,1124,FALSE,"Distal peak (non-annotated)",TRUE,FALSE
"chr3R",12653905,12654316,412,"*",195.967,-1,260,FALSE,"Promoter-proximal peak (non-annotated)",FALSE,FALSE
"chr3R",13364425,13365240,816,"*",145.414,-1,0,FALSE,"Promoter-proximal peak (non-annotated)",TRUE,TRUE
"chr3R",13428358,13428640,283,"*",114.714,-1,1910,TRUE,"Distal enhancer (annotated)",FALSE,FALSE
"chr3R",13453994,13454324,331,"*",196.353,-1,3403,FALSE,"Distal peak (non-annotated)",FALSE,FALSE
"chr3R",13914742,13915075,334,"*",172.897,-1,12888,TRUE,"Distal enhancer (annotated)",FALSE,TRUE
"chr3R",13915655,13916133,479,"*",111.06,-1,13801,TRUE,"Distal enhancer (annotated)",TRUE,FALSE
"chr3R",14018002,14018466,465,"*",203.625,-1,7495,TRUE,"Distal enhancer (annotated)",FALSE,TRUE
"chr3R",14095460,14095831,372,"*",88.1285,-1,1003,TRUE,"Distal enhancer (annotated)",TRUE,TRUE
"chr3R",14108485,14109016,532,"*",160.228,-1,163,FALSE,"Promoter-proximal peak (non-annotated)",TRUE,TRUE
"chr3R",14125478,14125877,400,"*",301.413,-1,0,FALSE,"Promoter-proximal peak (non-annotated)",FALSE,FALSE
"chr3R",14327673,14328058,386,"*",131.823,-1,0,FALSE,"Promoter-proximal peak (non-annotated)",FALSE,FALSE
"chr3R",14353703,14354079,377,"*",119.712,-1,7706,TRUE,"Distal enhancer (annotated)",FALSE,TRUE
"chr3R",14373115,14373616,502,"*",135.253,-1,163,TRUE,"Promoter-proximal enhancer (annotated)",FALSE,TRUE
"chr3R",14382620,14383202,583,"*",101.458,-1,920,TRUE,"Promoter-proximal enhancer (annotated)",FALSE,TRUE
"chr3R",15087591,15087987,397,"*",243.693,-1,7643,TRUE,"Distal enhancer (annotated)",FALSE,TRUE
"chr3R",15208958,15209387,430,"*",114.735,-1,0,FALSE,"Promoter-proximal peak (non-annotated)",TRUE,FALSE
"chr3R",15218871,15219296,426,"*",250.131,-1,0,FALSE,"Promoter-proximal peak (non-annotated)",FALSE,FALSE
"chr3R",15229301,15229752,452,"*",613.377,-1,0,FALSE,"Promoter-proximal peak (non-annotated)",TRUE,FALSE
"chr3R",15242277,15242892,616,"*",133.825,-1,0,FALSE,"Promoter-proximal peak (non-annotated)",FALSE,FALSE
"chr3R",15274985,15275603,619,"*",308.729,-1,0,FALSE,"Promoter-proximal peak (non-annotated)",FALSE,FALSE
"chr3R",16097667,16097963,297,"*",150.596,-1,797,FALSE,"Promoter-proximal peak (non-annotated)",TRUE,FALSE
"chr3R",16205270,16205783,514,"*",147.221,-1,19,FALSE,"Promoter-proximal peak (non-annotated)",FALSE,FALSE
"chr3R",16280515,16280943,429,"*",328.87,-1,0,TRUE,"Promoter-proximal enhancer (annotated)",TRUE,TRUE
"chr3R",16341763,16342362,600,"*",103.294,-1,0,FALSE,"Promoter-proximal peak (non-annotated)",FALSE,FALSE
"chr3R",16448783,16449760,978,"*",185.882,-1,4060,TRUE,"Distal enhancer (annotated)",FALSE,TRUE
"chr3R",16497351,16497867,517,"*",218.622,-1,1091,FALSE,"Distal peak (non-annotated)",FALSE,TRUE
"chr3R",17386472,17386735,264,"*",126.645,-1,580,FALSE,"Promoter-proximal peak (non-annotated)",FALSE,FALSE
"chr3R",17391288,17391900,613,"*",291.361,-1,0,FALSE,"Promoter-proximal peak (non-annotated)",FALSE,FALSE
"chr3R",17781447,17781765,319,"*",253.539,-1,1262,TRUE,"Distal enhancer (annotated)",FALSE,TRUE
"chr3R",17919104,17919415,312,"*",128.75,-1,416,TRUE,"Promoter-proximal enhancer (annotated)",FALSE,FALSE
"chr3R",18125069,18125430,362,"*",112.866,-1,3007,TRUE,"Distal enhancer (annotated)",FALSE,FALSE
"chr3R",18164420,18164889,470,"*",125.887,-1,0,FALSE,"Promoter-proximal peak (non-annotated)",TRUE,FALSE
"chr3R",18172225,18172702,478,"*",210.7,-1,141,FALSE,"Promoter-proximal peak (non-annotated)",FALSE,TRUE
"chr3R",18188682,18189167,486,"*",200.792,-1,0,FALSE,"Promoter-proximal peak (non-annotated)",TRUE,FALSE
"chr3R",18220206,18220579,374,"*",472.209,-1,0,FALSE,"Promoter-proximal peak (non-annotated)",FALSE,FALSE
"chr3R",18396950,18397717,768,"*",124.913,-1,0,FALSE,"Promoter-proximal peak (non-annotated)",FALSE,FALSE
"chr3R",18402648,18403291,644,"*",227.275,-1,0,FALSE,"Promoter-proximal peak (non-annotated)",TRUE,TRUE
"chr3R",18573742,18574355,614,"*",219.904,-1,650,FALSE,"Promoter-proximal peak (non-annotated)",FALSE,FALSE
"chr3R",18719796,18720155,360,"*",181.15,-1,172,TRUE,"Promoter-proximal enhancer (annotated)",TRUE,TRUE
"chr3R",18741571,18742043,473,"*",310.126,-1,1474,TRUE,"Distal enhancer (annotated)",FALSE,FALSE
"chr3R",18758860,18759182,323,"*",152.153,-1,0,FALSE,"Promoter-proximal peak (non-annotated)",TRUE,FALSE
"chr3R",18983612,18984193,582,"*",104.926,-1,0,FALSE,"Promoter-proximal peak (non-annotated)",FALSE,FALSE
"chr3R",19028791,19029109,319,"*",121.585,-1,0,FALSE,"Promoter-proximal peak (non-annotated)",FALSE,FALSE
"chr3R",19162032,19162583,552,"*",159.775,-1,0,FALSE,"Promoter-proximal peak (non-annotated)",TRUE,FALSE
"chr3R",19460661,19461030,370,"*",191.361,-1,54,FALSE,"Promoter-proximal peak (non-annotated)",FALSE,FALSE
"chr3R",19499062,19499412,351,"*",87.9333,-1,4378,TRUE,"Distal enhancer (annotated)",FALSE,TRUE
"chr3R",19671706,19672034,329,"*",152.046,-1,255,FALSE,"Promoter-proximal peak (non-annotated)",FALSE,FALSE
"chr3R",19861314,19861626,313,"*",194.263,-1,0,FALSE,"Promoter-proximal peak (non-annotated)",TRUE,FALSE
"chr3R",19892041,19892511,471,"*",137.213,-1,1192,FALSE,"Distal peak (non-annotated)",TRUE,FALSE
"chr3R",19905860,19906353,494,"*",158.328,-1,410,TRUE,"Promoter-proximal enhancer (annotated)",FALSE,FALSE
"chr3R",19998493,19998769,277,"*",122.845,-1,9742,TRUE,"Distal enhancer (annotated)",FALSE,FALSE
"chr3R",19999480,19999819,340,"*",129.739,-1,8692,FALSE,"Distal peak (non-annotated)",FALSE,FALSE
"chr3R",20261436,20262048,613,"*",141.842,-1,8665,TRUE,"Distal enhancer (annotated)",FALSE,FALSE
"chr3R",20579810,20580163,354,"*",147.404,-1,0,FALSE,"Promoter-proximal peak (non-annotated)",FALSE,FALSE
"chr3R",20634042,20634403,362,"*",118.904,-1,328,FALSE,"Promoter-proximal peak (non-annotated)",TRUE,FALSE
"chr3R",21097565,21098084,520,"*",104.835,-1,0,FALSE,"Promoter-proximal peak (non-annotated)",FALSE,FALSE
"chr3R",21365233,21365640,408,"*",349.938,-1,0,FALSE,"Promoter-proximal peak (non-annotated)",FALSE,FALSE
"chr3R",21378536,21378969,434,"*",162.569,-1,7,FALSE,"Promoter-proximal peak (non-annotated)",FALSE,FALSE
"chr3R",21520220,21520549,330,"*",257.193,-1,378,FALSE,"Promoter-proximal peak (non-annotated)",TRUE,FALSE
"chr3R",21627706,21628107,402,"*",138.266,-1,4585,TRUE,"Distal enhancer (annotated)",FALSE,TRUE
"chr3R",21781417,21781797,381,"*",128.141,-1,738,FALSE,"Promoter-proximal peak (non-annotated)",FALSE,TRUE
"chr3R",22049043,22049658,616,"*",131.122,-1,6851,FALSE,"Distal peak (non-annotated)",FALSE,TRUE
"chr3R",22362437,22362963,527,"*",148.324,-1,0,FALSE,"Promoter-proximal peak (non-annotated)",FALSE,FALSE
"chr3R",22421687,22421960,274,"*",158.018,-1,361,FALSE,"Promoter-proximal peak (non-annotated)",FALSE,FALSE
"chr3R",22469104,22469491,388,"*",199.961,-1,0,FALSE,"Promoter-proximal peak (non-annotated)",FALSE,FALSE
"chr3R",22597631,22597905,275,"*",95.8631,-1,9875,TRUE,"Distal enhancer (annotated)",FALSE,FALSE
"chr3R",22686443,22686818,376,"*",99.9444,-1,0,FALSE,"Promoter-proximal peak (non-annotated)",FALSE,FALSE
"chr3R",23028558,23028908,351,"*",81.8228,-1,1844,FALSE,"Distal peak (non-annotated)",TRUE,TRUE
"chr3R",23258070,23258436,367,"*",221.64,-1,0,FALSE,"Promoter-proximal peak (non-annotated)",FALSE,FALSE
"chr3R",23280922,23281292,371,"*",160.899,-1,0,FALSE,"Promoter-proximal peak (non-annotated)",FALSE,FALSE
"chr3R",23646211,23646537,327,"*",133.73,-1,23121,FALSE,"Distal peak (non-annotated)",FALSE,FALSE
"chr3R",23678556,23679132,577,"*",177.123,-1,0,FALSE,"Promoter-proximal peak (non-annotated)",FALSE,FALSE
"chr3R",23934213,23934570,358,"*",118.327,-1,300,FALSE,"Promoter-proximal peak (non-annotated)",FALSE,FALSE
"chr3R",24109006,24109480,475,"*",385.358,-1,0,FALSE,"Promoter-proximal peak (non-annotated)",TRUE,FALSE
"chr3R",24141034,24141405,372,"*",236.866,-1,0,FALSE,"Promoter-proximal peak (non-annotated)",FALSE,FALSE
"chr3R",24151814,24152718,905,"*",235.923,-1,0,FALSE,"Promoter-proximal peak (non-annotated)",FALSE,FALSE
"chr3R",24161442,24161826,385,"*",214.505,-1,0,FALSE,"Promoter-proximal peak (non-annotated)",FALSE,FALSE
"chr3R",24188542,24188968,427,"*",182.561,-1,0,FALSE,"Promoter-proximal peak (non-annotated)",FALSE,FALSE
"chr3R",24193418,24193887,470,"*",327.772,-1,0,FALSE,"Promoter-proximal peak (non-annotated)",FALSE,FALSE
"chr3R",24259754,24260244,491,"*",114.096,-1,265,FALSE,"Promoter-proximal peak (non-annotated)",FALSE,TRUE
"chr3R",24276087,24276704,618,"*",108.774,-1,0,FALSE,"Promoter-proximal peak (non-annotated)",FALSE,FALSE
"chr3R",24295803,24296224,422,"*",154.495,-1,724,FALSE,"Promoter-proximal peak (non-annotated)",FALSE,FALSE
"chr3R",24567371,24567755,385,"*",199.721,-1,4209,FALSE,"Distal peak (non-annotated)",FALSE,TRUE
"chr3R",24768820,24769217,398,"*",149.01,-1,133,FALSE,"Promoter-proximal peak (non-annotated)",FALSE,TRUE
"chr3R",24787282,24787643,362,"*",104.878,-1,0,FALSE,"Promoter-proximal peak (non-annotated)",FALSE,FALSE
"chr3R",24810861,24811208,348,"*",166.473,-1,2803,TRUE,"Distal enhancer (annotated)",TRUE,FALSE
"chr3R",24876577,24877069,493,"*",204.898,-1,0,FALSE,"Promoter-proximal peak (non-annotated)",FALSE,FALSE
"chr3R",24917822,24918158,337,"*",143.608,-1,0,FALSE,"Promoter-proximal peak (non-annotated)",TRUE,FALSE
"chr3R",24962528,24962818,291,"*",137.263,-1,14895,TRUE,"Distal enhancer (annotated)",FALSE,TRUE
"chr3R",25004801,25005129,329,"*",97.7727,-1,18126,TRUE,"Distal enhancer (annotated)",FALSE,TRUE
"chr3R",25024959,25025434,476,"*",153.924,-1,0,FALSE,"Promoter-proximal peak (non-annotated)",TRUE,TRUE
"chr3R",25207405,25207798,394,"*",145.493,-1,484,FALSE,"Promoter-proximal peak (non-annotated)",TRUE,FALSE
"chr3R",25258621,25259085,465,"*",476.475,-1,0,FALSE,"Promoter-proximal peak (non-annotated)",TRUE,TRUE
"chr3R",25472794,25473567,774,"*",246.726,-1,0,FALSE,"Promoter-proximal peak (non-annotated)",FALSE,FALSE
"chr3R",25680541,25680942,402,"*",267.985,-1,0,FALSE,"Promoter-proximal peak (non-annotated)",FALSE,FALSE
"chr3R",25738012,25738546,535,"*",155.108,-1,0,FALSE,"Promoter-proximal peak (non-annotated)",FALSE,TRUE
"chr3R",26172080,26172413,334,"*",131.111,-1,692,TRUE,"Promoter-proximal enhancer (annotated)",FALSE,TRUE
"chr3R",26280422,26280751,330,"*",116.754,-1,12131,FALSE,"Distal peak (non-annotated)",FALSE,TRUE
"chr3R",26714116,26714861,746,"*",345.555,-1,0,FALSE,"Promoter-proximal peak (non-annotated)",FALSE,FALSE
"chr3R",27112271,27112593,323,"*",238.015,-1,0,FALSE,"Promoter-proximal peak (non-annotated)",TRUE,FALSE
"chr3R",27253096,27253465,370,"*",112.685,-1,0,FALSE,"Promoter-proximal peak (non-annotated)",FALSE,FALSE
"chr3R",27292515,27292886,372,"*",145.1,-1,305,FALSE,"Promoter-proximal peak (non-annotated)",FALSE,TRUE
"chr3R",27407092,27407399,308,"*",176.187,-1,4271,TRUE,"Distal enhancer (annotated)",FALSE,FALSE
"chr3R",27554972,27555444,473,"*",134.832,-1,3700,FALSE,"Distal peak (non-annotated)",FALSE,TRUE
"chr3R",28328527,28329131,605,"*",113.955,-1,243,FALSE,"Promoter-proximal peak (non-annotated)",TRUE,FALSE
"chr3R",28335543,28336032,490,"*",103.614,-1,1,FALSE,"Promoter-proximal peak (non-annotated)",FALSE,FALSE
"chr3R",28672242,28672576,335,"*",214.256,-1,1537,TRUE,"Distal enhancer (annotated)",FALSE,FALSE
"chr3R",28831943,28832208,266,"*",125.04,-1,0,FALSE,"Promoter-proximal peak (non-annotated)",FALSE,FALSE
"chr3R",28879984,28880436,453,"*",159.875,-1,0,FALSE,"Promoter-proximal peak (non-annotated)",FALSE,TRUE
"chr3R",28888707,28889064,358,"*",86.369,-1,0,FALSE,"Promoter-proximal peak (non-annotated)",TRUE,TRUE
"chr3R",28904809,28905199,391,"*",202.634,-1,1330,FALSE,"Distal peak (non-annotated)",TRUE,FALSE
"chr3R",28911801,28912125,325,"*",169.338,-1,761,TRUE,"Promoter-proximal enhancer (annotated)",FALSE,FALSE
"chr3R",29112783,29113147,365,"*",87.248,-1,0,FALSE,"Promoter-proximal peak (non-annotated)",FALSE,FALSE
"chr3R",29207279,29207683,405,"*",134.153,-1,3145,TRUE,"Distal enhancer (annotated)",TRUE,FALSE
"chr3R",29207965,29208335,371,"*",123.487,-1,3831,TRUE,"Distal enhancer (annotated)",FALSE,FALSE
"chr3R",29319538,29319835,298,"*",90.5547,-1,0,FALSE,"Promoter-proximal peak (non-annotated)",TRUE,FALSE
"chr3R",29745039,29745364,326,"*",217.475,-1,0,FALSE,"Promoter-proximal peak (non-annotated)",FALSE,FALSE
"chr3R",29983029,29983619,591,"*",156.089,-1,0,FALSE,"Promoter-proximal peak (non-annotated)",FALSE,TRUE
"chr3R",30056606,30056903,298,"*",148.717,-1,0,FALSE,"Promoter-proximal peak (non-annotated)",FALSE,FALSE
"chr3R",30189833,30190172,340,"*",190.212,-1,899,FALSE,"Promoter-proximal peak (non-annotated)",FALSE,TRUE
"chr3R",30570604,30570905,302,"*",125.877,-1,251,FALSE,"Promoter-proximal peak (non-annotated)",FALSE,TRUE
"chr3R",30781598,30782204,607,"*",200.99,-1,1053,FALSE,"Distal peak (non-annotated)",FALSE,FALSE
"chr3R",30817249,30817629,381,"*",99.0999,-1,0,FALSE,"Promoter-proximal peak (non-annotated)",FALSE,TRUE
"chr3R",31058972,31059409,438,"*",150.363,-1,1363,TRUE,"Distal enhancer (annotated)",TRUE,TRUE
"chr3R",31384029,31384565,537,"*",250.256,-1,0,FALSE,"Promoter-proximal peak (non-annotated)",TRUE,TRUE
"chr3R",31404376,31405034,659,"*",639.333,-1,0,FALSE,"Promoter-proximal peak (non-annotated)",FALSE,FALSE
"chr3R",31588332,31588758,427,"*",628.339,-1,0,FALSE,"Promoter-proximal peak (non-annotated)",FALSE,FALSE
"chr3R",31592561,31592873,313,"*",123.132,-1,0,FALSE,"Promoter-proximal peak (non-annotated)",FALSE,TRUE
"chr3R",31615991,31616430,440,"*",490.182,-1,0,FALSE,"Promoter-proximal peak (non-annotated)",FALSE,FALSE
"chr3R",31776593,31777225,633,"*",93.2883,-1,0,FALSE,"Promoter-proximal peak (non-annotated)",FALSE,TRUE
"chr3R",31941599,31941926,328,"*",118.258,-1,4206,TRUE,"Distal enhancer (annotated)",TRUE,TRUE
"chr4",67066,67480,415,"*",114.988,-1,0,FALSE,"Promoter-proximal peak (non-annotated)",TRUE,FALSE
"chr4",424646,424962,317,"*",237.404,-1,1104,TRUE,"Distal enhancer (annotated)",FALSE,FALSE
"chr4",1027060,1027466,407,"*",291.582,-1,0,FALSE,"Promoter-proximal peak (non-annotated)",FALSE,FALSE
"chr4",1112912,1113500,589,"*",203.568,-1,9464,FALSE,"Distal peak (non-annotated)",FALSE,FALSE
"chrX",686404,687111,708,"*",147.003,-1,0,FALSE,"Promoter-proximal peak (non-annotated)",TRUE,FALSE
"chrX",755895,756280,386,"*",183.495,-1,0,FALSE,"Promoter-proximal peak (non-annotated)",FALSE,TRUE
"chrX",901031,901375,345,"*",194.406,-1,1758,TRUE,"Distal enhancer (annotated)",FALSE,FALSE
"chrX",1276906,1277457,552,"*",170.047,-1,1621,TRUE,"Distal enhancer (annotated)",FALSE,FALSE
"chrX",1618650,1619086,437,"*",149.852,-1,494,FALSE,"Promoter-proximal peak (non-annotated)",TRUE,FALSE
"chrX",1669244,1669569,326,"*",134.199,-1,0,FALSE,"Promoter-proximal peak (non-annotated)",FALSE,FALSE
"chrX",1830144,1831558,1415,"*",243.714,-1,0,FALSE,"Promoter-proximal peak (non-annotated)",TRUE,TRUE
"chrX",1849870,1850214,345,"*",162.984,-1,6523,FALSE,"Distal peak (non-annotated)",TRUE,TRUE
"chrX",1861565,1862170,606,"*",128.745,-1,0,FALSE,"Promoter-proximal peak (non-annotated)",TRUE,TRUE
"chrX",1939975,1940409,435,"*",104.933,-1,0,FALSE,"Promoter-proximal peak (non-annotated)",TRUE,FALSE
"chrX",1947521,1947928,408,"*",187.365,-1,5580,TRUE,"Distal enhancer (annotated)",FALSE,FALSE
"chrX",1951708,1952092,385,"*",220.597,-1,9767,TRUE,"Distal enhancer (annotated)",FALSE,FALSE
"chrX",1963755,1964132,378,"*",164.829,-1,21814,TRUE,"Distal enhancer (annotated)",FALSE,FALSE
"chrX",1984053,1984518,466,"*",134.711,-1,7781,TRUE,"Distal enhancer (annotated)",TRUE,FALSE
"chrX",2070586,2071072,487,"*",119.774,-1,11,FALSE,"Promoter-proximal peak (non-annotated)",FALSE,FALSE
"chrX",2071937,2072499,563,"*",97.1571,-1,0,FALSE,"Promoter-proximal peak (non-annotated)",TRUE,FALSE
"chrX",2136323,2138266,1944,"*",449.382,-1,0,FALSE,"Promoter-proximal peak (non-annotated)",FALSE,TRUE
"chrX",2222088,2222705,618,"*",186.366,-1,0,FALSE,"Promoter-proximal peak (non-annotated)",TRUE,FALSE
"chrX",2295892,2296650,759,"*",132.241,-1,425,TRUE,"Promoter-proximal enhancer (annotated)",TRUE,FALSE
"chrX",2582081,2582485,405,"*",112.333,-1,0,FALSE,"Promoter-proximal peak (non-annotated)",TRUE,TRUE
"chrX",2593758,2594130,373,"*",123.097,-1,180,FALSE,"Promoter-proximal peak (non-annotated)",FALSE,FALSE
"chrX",2608820,2609155,336,"*",163.506,-1,0,FALSE,"Promoter-proximal peak (non-annotated)",FALSE,FALSE
"chrX",2619732,2620144,413,"*",142.239,-1,0,FALSE,"Promoter-proximal peak (non-annotated)",FALSE,FALSE
"chrX",2646059,2646674,616,"*",228.636,-1,0,FALSE,"Promoter-proximal peak (non-annotated)",FALSE,FALSE
"chrX",2708027,2708613,587,"*",65.2642,-1,70,FALSE,"Promoter-proximal peak (non-annotated)",TRUE,TRUE
"chrX",2786559,2786949,391,"*",160.883,-1,2372,TRUE,"Distal enhancer (annotated)",FALSE,TRUE
"chrX",2787214,2787693,480,"*",160.883,-1,1628,TRUE,"Distal enhancer (annotated)",FALSE,FALSE
"chrX",3007791,3008160,370,"*",98.8486,-1,18739,FALSE,"Distal peak (non-annotated)",TRUE,FALSE
"chrX",3018633,3019067,435,"*",96.556,-1,29581,TRUE,"Distal enhancer (annotated)",TRUE,FALSE
"chrX",3025533,3025841,309,"*",125.689,-1,36481,TRUE,"Distal enhancer (annotated)",FALSE,TRUE
"chrX",3096998,3097382,385,"*",205.517,-1,2167,TRUE,"Distal enhancer (annotated)",FALSE,TRUE
"chrX",3108927,3109250,324,"*",122.076,-1,9344,FALSE,"Distal peak (non-annotated)",TRUE,TRUE
"chrX",3162354,3162884,531,"*",227.889,-1,10255,TRUE,"Distal enhancer (annotated)",TRUE,FALSE
"chrX",3294760,3295185,426,"*",247.217,-1,95,FALSE,"Promoter-proximal peak (non-annotated)",FALSE,TRUE
"chrX",3310851,3311342,492,"*",112.105,-1,2836,TRUE,"Distal enhancer (annotated)",FALSE,FALSE
"chrX",3381735,3382067,333,"*",201.719,-1,8575,FALSE,"Distal peak (non-annotated)",FALSE,FALSE
"chrX",3414380,3414743,364,"*",87.5686,-1,12779,TRUE,"Distal enhancer (annotated)",FALSE,FALSE
"chrX",3425004,3425316,313,"*",210.627,-1,2206,TRUE,"Distal enhancer (annotated)",FALSE,FALSE
"chrX",3431694,3432050,357,"*",153.93,-1,3756,FALSE,"Distal peak (non-annotated)",FALSE,TRUE
"chrX",3474711,3475119,409,"*",74.2656,-1,186,TRUE,"Promoter-proximal enhancer (annotated)",TRUE,FALSE
"chrX",3482659,3483023,365,"*",170.101,-1,0,FALSE,"Promoter-proximal peak (non-annotated)",TRUE,FALSE
"chrX",3677855,3678289,435,"*",79.4775,-1,6053,TRUE,"Distal enhancer (annotated)",TRUE,FALSE
"chrX",3692144,3692470,327,"*",135.293,-1,2780,TRUE,"Distal enhancer (annotated)",FALSE,FALSE
"chrX",3750544,3750893,350,"*",257.852,-1,1482,TRUE,"Distal enhancer (annotated)",FALSE,FALSE
"chrX",3773380,3773707,328,"*",148.732,-1,739,FALSE,"Promoter-proximal peak (non-annotated)",FALSE,FALSE
"chrX",3774257,3774648,392,"*",283.972,-1,1410,TRUE,"Distal enhancer (annotated)",FALSE,FALSE
"chrX",3838634,3838940,307,"*",151.219,-1,2553,FALSE,"Distal peak (non-annotated)",FALSE,TRUE
"chrX",3868504,3868919,416,"*",151.925,-1,53,FALSE,"Promoter-proximal peak (non-annotated)",FALSE,TRUE
"chrX",4010908,4011206,299,"*",72.8884,-1,9300,FALSE,"Distal peak (non-annotated)",FALSE,TRUE
"chrX",4666750,4667259,510,"*",405.424,-1,49,FALSE,"Promoter-proximal peak (non-annotated)",FALSE,FALSE
"chrX",4684454,4685020,567,"*",154.654,-1,1882,TRUE,"Distal enhancer (annotated)",FALSE,FALSE
"chrX",4906680,4907016,337,"*",105.373,-1,0,FALSE,"Promoter-proximal peak (non-annotated)",FALSE,FALSE
"chrX",4909764,4910641,878,"*",529.091,-1,661,FALSE,"Promoter-proximal peak (non-annotated)",FALSE,FALSE
"chrX",5041549,5041877,329,"*",141.756,-1,6395,TRUE,"Distal enhancer (annotated)",TRUE,FALSE
"chrX",5046547,5046909,363,"*",136.482,-1,1363,TRUE,"Distal enhancer (annotated)",TRUE,TRUE
"chrX",5093967,5094328,362,"*",108.636,-1,8207,TRUE,"Distal enhancer (annotated)",TRUE,TRUE
"chrX",5322474,5322994,521,"*",114.502,-1,0,FALSE,"Promoter-proximal peak (non-annotated)",FALSE,FALSE
"chrX",5329298,5329831,534,"*",61.1345,-1,0,FALSE,"Promoter-proximal peak (non-annotated)",FALSE,FALSE
"chrX",5648610,5648939,330,"*",178.127,-1,122,FALSE,"Promoter-proximal peak (non-annotated)",FALSE,TRUE
"chrX",5695876,5697038,1163,"*",219.605,-1,84,TRUE,"Promoter-proximal enhancer (annotated)",TRUE,TRUE
"chrX",5700153,5700468,316,"*",101.218,-1,965,TRUE,"Promoter-proximal enhancer (annotated)",FALSE,FALSE
"chrX",5705804,5706221,418,"*",261.763,-1,6616,TRUE,"Distal enhancer (annotated)",FALSE,TRUE
"chrX",5718651,5718950,300,"*",119.669,-1,872,TRUE,"Promoter-proximal enhancer (annotated)",FALSE,FALSE
"chrX",5735285,5735620,336,"*",125.558,-1,2410,TRUE,"Distal enhancer (annotated)",FALSE,FALSE
"chrX",5918702,5919223,522,"*",511.611,-1,1541,TRUE,"Distal enhancer (annotated)",FALSE,FALSE
"chrX",6000927,6001291,365,"*",101.031,-1,129,FALSE,"Promoter-proximal peak (non-annotated)",FALSE,TRUE
"chrX",6031623,6032071,449,"*",117.982,-1,5190,TRUE,"Distal enhancer (annotated)",FALSE,TRUE
"chrX",6074851,6075342,492,"*",167.157,-1,0,FALSE,"Promoter-proximal peak (non-annotated)",TRUE,TRUE
"chrX",6097588,6097948,361,"*",204.415,-1,3001,TRUE,"Distal enhancer (annotated)",FALSE,FALSE
"chrX",6193218,6193570,353,"*",146.389,-1,734,TRUE,"Promoter-proximal enhancer (annotated)",FALSE,FALSE
"chrX",6330056,6330976,921,"*",141.535,-1,0,FALSE,"Promoter-proximal peak (non-annotated)",TRUE,TRUE
"chrX",6353515,6354004,490,"*",127.609,-1,1232,TRUE,"Distal enhancer (annotated)",FALSE,TRUE
"chrX",6366347,6366668,322,"*",137.736,-1,397,FALSE,"Promoter-proximal peak (non-annotated)",TRUE,FALSE
"chrX",6549554,6550094,541,"*",220.057,-1,3434,TRUE,"Distal enhancer (annotated)",TRUE,TRUE
"chrX",6571501,6571965,465,"*",143.556,-1,0,TRUE,"Promoter-proximal enhancer (annotated)",FALSE,FALSE
"chrX",6599252,6599681,430,"*",196.337,-1,380,FALSE,"Promoter-proximal peak (non-annotated)",TRUE,FALSE
"chrX",6601778,6602449,672,"*",134.758,-1,0,TRUE,"Promoter-proximal enhancer (annotated)",FALSE,FALSE
"chrX",6656056,6656505,450,"*",113.007,-1,1376,TRUE,"Distal enhancer (annotated)",FALSE,TRUE
"chrX",6679102,6679547,446,"*",214.675,-1,0,FALSE,"Promoter-proximal peak (non-annotated)",FALSE,FALSE
"chrX",6696518,6696866,349,"*",110.044,-1,1510,FALSE,"Distal peak (non-annotated)",FALSE,FALSE
"chrX",6711335,6711878,544,"*",113.259,-1,2247,TRUE,"Distal enhancer (annotated)",TRUE,TRUE
"chrX",6770985,6771302,318,"*",217.87,-1,0,FALSE,"Promoter-proximal peak (non-annotated)",TRUE,FALSE
"chrX",6793419,6793726,308,"*",126.569,-1,1661,TRUE,"Distal enhancer (annotated)",FALSE,TRUE
"chrX",6794183,6794543,361,"*",170.717,-1,844,TRUE,"Promoter-proximal enhancer (annotated)",TRUE,FALSE
"chrX",6849466,6849841,376,"*",163.857,-1,0,FALSE,"Promoter-proximal peak (non-annotated)",FALSE,FALSE
"chrX",6852481,6852929,449,"*",184.652,-1,0,FALSE,"Promoter-proximal peak (non-annotated)",FALSE,FALSE
"chrX",6863059,6863557,499,"*",208.067,-1,330,FALSE,"Promoter-proximal peak (non-annotated)",FALSE,FALSE
"chrX",6993763,6994141,379,"*",146.686,-1,150,FALSE,"Promoter-proximal peak (non-annotated)",FALSE,TRUE
"chrX",7011113,7011403,291,"*",134.012,-1,0,FALSE,"Promoter-proximal peak (non-annotated)",FALSE,FALSE
"chrX",7241967,7242307,341,"*",141.652,-1,15511,TRUE,"Distal enhancer (annotated)",TRUE,FALSE
"chrX",7293123,7294588,1466,"*",158.268,-1,1824,TRUE,"Distal enhancer (annotated)",TRUE,TRUE
"chrX",7324602,7325509,908,"*",154.525,-1,387,FALSE,"Promoter-proximal peak (non-annotated)",FALSE,FALSE
"chrX",7616973,7617247,275,"*",125.87,-1,7824,TRUE,"Distal enhancer (annotated)",FALSE,TRUE
"chrX",7618207,7618549,343,"*",124.989,-1,9058,TRUE,"Distal enhancer (annotated)",FALSE,FALSE
"chrX",7651624,7651918,295,"*",79.436,-1,19401,TRUE,"Distal enhancer (annotated)",FALSE,FALSE
"chrX",7696877,7697255,379,"*",221.762,-1,172,FALSE,"Promoter-proximal peak (non-annotated)",FALSE,FALSE
"chrX",7698190,7698639,450,"*",284.645,-1,1485,TRUE,"Distal enhancer (annotated)",FALSE,TRUE
"chrX",7700037,7700767,731,"*",162.342,-1,3332,TRUE,"Distal enhancer (annotated)",TRUE,FALSE
"chrX",7708859,7709454,596,"*",175.263,-1,0,FALSE,"Promoter-proximal peak (non-annotated)",FALSE,FALSE
"chrX",7734382,7734893,512,"*",122.276,-1,0,FALSE,"Promoter-proximal peak (non-annotated)",TRUE,FALSE
"chrX",7908543,7909098,556,"*",176.119,-1,0,FALSE,"Promoter-proximal peak (non-annotated)",FALSE,FALSE
"chrX",7920160,7920439,280,"*",161.407,-1,0,FALSE,"Promoter-proximal peak (non-annotated)",FALSE,FALSE
"chrX",7938088,7938634,547,"*",77.2762,-1,2191,TRUE,"Distal enhancer (annotated)",FALSE,FALSE
"chrX",7972346,7972750,405,"*",131.68,-1,2642,TRUE,"Distal enhancer (annotated)",FALSE,FALSE
"chrX",8092221,8092849,629,"*",97.5279,-1,107,FALSE,"Promoter-proximal peak (non-annotated)",FALSE,TRUE
"chrX",8100029,8100431,403,"*",182.022,-1,0,FALSE,"Promoter-proximal peak (non-annotated)",TRUE,TRUE
"chrX",8143555,8143911,357,"*",134.738,-1,0,FALSE,"Promoter-proximal peak (non-annotated)",FALSE,FALSE
"chrX",8464379,8465067,689,"*",174.722,-1,0,FALSE,"Promoter-proximal peak (non-annotated)",FALSE,TRUE
"chrX",8538161,8538515,355,"*",66.9278,-1,8462,TRUE,"Distal enhancer (annotated)",FALSE,TRUE
"chrX",8656598,8656891,294,"*",68.722,-1,5916,TRUE,"Distal enhancer (annotated)",TRUE,TRUE
"chrX",8709257,8709836,580,"*",200.836,-1,0,FALSE,"Promoter-proximal peak (non-annotated)",TRUE,TRUE
"chrX",8777158,8777472,315,"*",68.4452,-1,7880,TRUE,"Distal enhancer (annotated)",FALSE,TRUE
"chrX",8894337,8894610,274,"*",85.3789,-1,141,FALSE,"Promoter-proximal peak (non-annotated)",TRUE,FALSE
"chrX",8896069,8896459,391,"*",302.731,-1,1540,FALSE,"Distal peak (non-annotated)",FALSE,FALSE
"chrX",9080995,9081323,329,"*",92.8909,-1,0,FALSE,"Promoter-proximal peak (non-annotated)",TRUE,FALSE
"chrX",9416079,9416410,332,"*",84.4452,-1,29801,TRUE,"Distal enhancer (annotated)",TRUE,FALSE
"chrX",9431456,9431792,337,"*",94.9786,-1,14419,FALSE,"Distal peak (non-annotated)",FALSE,FALSE
"chrX",9486816,9487232,417,"*",83.1301,-1,8666,TRUE,"Distal enhancer (annotated)",FALSE,TRUE
"chrX",9553530,9554758,1229,"*",151.97,-1,0,FALSE,"Promoter-proximal peak (non-annotated)",TRUE,FALSE
"chrX",9599923,9600598,676,"*",114.679,-1,431,TRUE,"Promoter-proximal enhancer (annotated)",TRUE,FALSE
"chrX",9645922,9646334,413,"*",292.196,-1,0,FALSE,"Promoter-proximal peak (non-annotated)",TRUE,TRUE
"chrX",9778525,9778813,289,"*",97.7718,-1,0,FALSE,"Promoter-proximal peak (non-annotated)",FALSE,FALSE
"chrX",9875858,9876315,458,"*",169.853,-1,356,FALSE,"Promoter-proximal peak (non-annotated)",FALSE,FALSE
"chrX",10088284,10088630,347,"*",105.071,-1,1756,TRUE,"Distal enhancer (annotated)",FALSE,FALSE
"chrX",10573561,10574039,479,"*",88.4156,-1,6969,FALSE,"Distal peak (non-annotated)",FALSE,FALSE
"chrX",10737435,10737782,348,"*",190.395,-1,6719,TRUE,"Distal enhancer (annotated)",FALSE,TRUE
"chrX",10802529,10802908,380,"*",105.997,-1,3947,TRUE,"Distal enhancer (annotated)",FALSE,FALSE
"chrX",10936533,10937058,526,"*",118.896,-1,5595,TRUE,"Distal enhancer (annotated)",TRUE,TRUE
"chrX",10967286,10967679,394,"*",99.6995,-1,151,FALSE,"Promoter-proximal peak (non-annotated)",FALSE,TRUE
"chrX",11351335,11351794,460,"*",234.147,-1,726,FALSE,"Promoter-proximal peak (non-annotated)",TRUE,FALSE
"chrX",11384195,11384515,321,"*",175.136,-1,364,FALSE,"Promoter-proximal peak (non-annotated)",TRUE,FALSE
"chrX",11423177,11423785,609,"*",147.121,-1,171,FALSE,"Promoter-proximal peak (non-annotated)",TRUE,TRUE
"chrX",11518460,11518800,341,"*",207,-1,24640,FALSE,"Distal peak (non-annotated)",TRUE,FALSE
"chrX",11576599,11576923,325,"*",119.618,-1,0,FALSE,"Promoter-proximal peak (non-annotated)",FALSE,FALSE
"chrX",11818383,11818800,418,"*",162.495,-1,45,TRUE,"Promoter-proximal enhancer (annotated)",FALSE,FALSE
"chrX",11915086,11915509,424,"*",148.658,-1,1750,TRUE,"Distal enhancer (annotated)",FALSE,TRUE
"chrX",11920744,11921338,595,"*",191.437,-1,169,FALSE,"Promoter-proximal peak (non-annotated)",FALSE,TRUE
"chrX",12472160,12472996,837,"*",206.253,-1,495,FALSE,"Promoter-proximal peak (non-annotated)",TRUE,TRUE
"chrX",12510733,12511140,408,"*",125.881,-1,13031,FALSE,"Distal peak (non-annotated)",TRUE,TRUE
"chrX",12567673,12568018,346,"*",155.905,-1,433,FALSE,"Promoter-proximal peak (non-annotated)",TRUE,FALSE
"chrX",12629589,12629923,335,"*",95.5099,-1,0,FALSE,"Promoter-proximal peak (non-annotated)",TRUE,FALSE
"chrX",12670140,12670474,335,"*",143.634,-1,4922,TRUE,"Distal enhancer (annotated)",FALSE,FALSE
"chrX",12719179,12719596,418,"*",103.207,-1,718,TRUE,"Promoter-proximal enhancer (annotated)",FALSE,TRUE
"chrX",13099942,13100296,355,"*",172.113,-1,5473,TRUE,"Distal enhancer (annotated)",FALSE,FALSE
"chrX",13131137,13131975,839,"*",329.757,-1,0,FALSE,"Promoter-proximal peak (non-annotated)",FALSE,FALSE
"chrX",13159453,13159828,376,"*",84.5668,-1,0,FALSE,"Promoter-proximal peak (non-annotated)",FALSE,FALSE
"chrX",13251354,13251659,306,"*",136.248,-1,5523,FALSE,"Distal peak (non-annotated)",FALSE,TRUE
"chrX",13323086,13323624,539,"*",86.8962,-1,1783,TRUE,"Distal enhancer (annotated)",FALSE,TRUE
"chrX",13337402,13337873,472,"*",96.2627,-1,0,FALSE,"Promoter-proximal peak (non-annotated)",TRUE,FALSE
"chrX",13373395,13373761,367,"*",120.975,-1,0,FALSE,"Promoter-proximal peak (non-annotated)",FALSE,FALSE
"chrX",13387330,13387725,396,"*",114.755,-1,0,FALSE,"Promoter-proximal peak (non-annotated)",FALSE,FALSE
"chrX",13390468,13390795,328,"*",76.2061,-1,0,FALSE,"Promoter-proximal peak (non-annotated)",TRUE,TRUE
"chrX",13572405,13572738,334,"*",93.7507,-1,3469,TRUE,"Distal enhancer (annotated)",FALSE,FALSE
"chrX",13644009,13644410,402,"*",94.449,-1,768,TRUE,"Promoter-proximal enhancer (annotated)",FALSE,TRUE
"chrX",13815471,13815951,481,"*",137.535,-1,3786,TRUE,"Distal enhancer (annotated)",TRUE,FALSE
"chrX",13995979,13996361,383,"*",167.601,-1,0,FALSE,"Promoter-proximal peak (non-annotated)",TRUE,FALSE
"chrX",14217970,14218527,558,"*",156.372,-1,5554,TRUE,"Distal enhancer (annotated)",FALSE,TRUE
"chrX",14237943,14238457,515,"*",149.484,-1,0,FALSE,"Promoter-proximal peak (non-annotated)",TRUE,FALSE
"chrX",14483622,14484152,531,"*",77.2633,-1,3535,TRUE,"Distal enhancer (annotated)",FALSE,FALSE
"chrX",14612326,14612662,337,"*",131.606,-1,9745,TRUE,"Distal enhancer (annotated)",FALSE,FALSE
"chrX",14688991,14689469,479,"*",129.678,-1,9422,FALSE,"Distal peak (non-annotated)",TRUE,FALSE
"chrX",14882752,14883078,327,"*",154.91,-1,165,FALSE,"Promoter-proximal peak (non-annotated)",FALSE,TRUE
"chrX",15084565,15085069,505,"*",143.707,-1,0,FALSE,"Promoter-proximal peak (non-annotated)",TRUE,FALSE
"chrX",15216092,15216402,311,"*",125.28,-1,4773,TRUE,"Distal enhancer (annotated)",FALSE,TRUE
"chrX",15549010,15549416,407,"*",139.13,-1,1269,TRUE,"Distal enhancer (annotated)",FALSE,TRUE
"chrX",15554155,15554667,513,"*",157.314,-1,0,FALSE,"Promoter-proximal peak (non-annotated)",TRUE,FALSE
"chrX",15579628,15579988,361,"*",279.049,-1,1422,FALSE,"Distal peak (non-annotated)",TRUE,FALSE
"chrX",15703796,15704136,341,"*",140.869,-1,0,FALSE,"Promoter-proximal peak (non-annotated)",FALSE,FALSE
"chrX",15844143,15844515,373,"*",125.741,-1,0,FALSE,"Promoter-proximal peak (non-annotated)",TRUE,FALSE
"chrX",15867781,15868197,417,"*",518.599,-1,0,FALSE,"Promoter-proximal peak (non-annotated)",TRUE,FALSE
"chrX",16140561,16141015,455,"*",107.413,-1,7961,TRUE,"Distal enhancer (annotated)",FALSE,FALSE
"chrX",16263475,16263826,352,"*",151.503,-1,2710,TRUE,"Distal enhancer (annotated)",FALSE,FALSE
"chrX",16358997,16359331,335,"*",275.113,-1,0,FALSE,"Promoter-proximal peak (non-annotated)",FALSE,FALSE
"chrX",16404066,16404400,335,"*",185.544,-1,366,FALSE,"Promoter-proximal peak (non-annotated)",FALSE,FALSE
"chrX",16691455,16691839,385,"*",166.183,-1,3304,FALSE,"Distal peak (non-annotated)",FALSE,FALSE
"chrX",16811207,16811554,348,"*",198.541,-1,144,FALSE,"Promoter-proximal peak (non-annotated)",TRUE,FALSE
"chrX",16822159,16822437,279,"*",74.9974,-1,5279,FALSE,"Distal peak (non-annotated)",FALSE,FALSE
"chrX",16833125,16833551,427,"*",115.886,-1,1968,TRUE,"Distal enhancer (annotated)",FALSE,FALSE
"chrX",16854750,16855105,356,"*",100.032,-1,1513,FALSE,"Distal peak (non-annotated)",FALSE,TRUE
"chrX",17129795,17130380,586,"*",114.578,-1,42,FALSE,"Promoter-proximal peak (non-annotated)",FALSE,TRUE
"chrX",17491220,17491501,282,"*",131.67,-1,1904,FALSE,"Distal peak (non-annotated)",FALSE,FALSE
"chrX",17595767,17596125,359,"*",171.944,-1,3482,FALSE,"Distal peak (non-annotated)",FALSE,FALSE
"chrX",17632011,17632355,345,"*",160.189,-1,0,FALSE,"Promoter-proximal peak (non-annotated)",FALSE,FALSE
"chrX",17702746,17703053,308,"*",150.85,-1,0,FALSE,"Promoter-proximal peak (non-annotated)",FALSE,FALSE
"chrX",17844642,17845050,409,"*",149.325,-1,0,FALSE,"Promoter-proximal peak (non-annotated)",FALSE,TRUE
"chrX",18092817,18093182,366,"*",105.881,-1,0,FALSE,"Promoter-proximal peak (non-annotated)",FALSE,FALSE
"chrX",18294071,18294436,366,"*",102.451,-1,1690,TRUE,"Distal enhancer (annotated)",FALSE,FALSE
"chrX",18836964,18837444,481,"*",93.9466,-1,4281,TRUE,"Distal enhancer (annotated)",FALSE,FALSE
"chrX",18848446,18849119,674,"*",129.535,-1,0,FALSE,"Promoter-proximal peak (non-annotated)",FALSE,FALSE
"chrX",18951498,18951821,324,"*",165.175,-1,21138,TRUE,"Distal enhancer (annotated)",TRUE,FALSE
"chrX",19018123,19018422,300,"*",172.391,-1,32019,TRUE,"Distal enhancer (annotated)",FALSE,TRUE
"chrX",19156019,19156388,370,"*",137.653,-1,1812,TRUE,"Distal enhancer (annotated)",FALSE,TRUE
"chrX",19179615,19180226,612,"*",98.652,-1,0,FALSE,"Promoter-proximal peak (non-annotated)",TRUE,FALSE
"chrX",19289339,19289714,376,"*",208.631,-1,4537,TRUE,"Distal enhancer (annotated)",FALSE,FALSE
"chrX",19297968,19298589,622,"*",169.007,-1,0,FALSE,"Promoter-proximal peak (non-annotated)",FALSE,FALSE
"chrX",19603974,19604316,343,"*",107.199,-1,882,TRUE,"Promoter-proximal enhancer (annotated)",FALSE,TRUE
"chrX",19666915,19667389,475,"*",78.7444,-1,0,FALSE,"Promoter-proximal peak (non-annotated)",FALSE,FALSE
"chrX",19668349,19668787,439,"*",214.991,-1,602,TRUE,"Promoter-proximal enhancer (annotated)",FALSE,FALSE
"chrX",19850513,19850980,468,"*",128.989,-1,462,FALSE,"Promoter-proximal peak (non-annotated)",FALSE,TRUE
"chrX",19889446,19889774,329,"*",168.059,-1,285,FALSE,"Promoter-proximal peak (non-annotated)",FALSE,TRUE
"chrX",20173561,20173926,366,"*",109.566,-1,46,FALSE,"Promoter-proximal peak (non-annotated)",FALSE,TRUE
"chrX",20236154,20236505,352,"*",141.677,-1,0,FALSE,"Promoter-proximal peak (non-annotated)",FALSE,FALSE
"chrX",20393849,20394428,580,"*",69.879,-1,0,FALSE,"Promoter-proximal peak (non-annotated)",TRUE,FALSE
"chrX",20429816,20430194,379,"*",196.578,-1,0,FALSE,"Promoter-proximal peak (non-annotated)",TRUE,FALSE
"chrX",20495822,20496276,455,"*",66.7362,-1,4634,TRUE,"Distal enhancer (annotated)",FALSE,FALSE
"chrX",20654905,20655433,529,"*",108.768,-1,1688,TRUE,"Distal enhancer (annotated)",FALSE,FALSE
"chrX",20760397,20760804,408,"*",138.279,-1,148,FALSE,"Promoter-proximal peak (non-annotated)",FALSE,FALSE
"chrX",21054020,21054533,514,"*",238.593,-1,12,FALSE,"Promoter-proximal peak (non-annotated)",FALSE,FALSE
"chrX",21124188,21124557,370,"*",116.384,-1,553,FALSE,"Promoter-proximal peak (non-annotated)",TRUE,TRUE
"chrX",21319294,21319700,407,"*",140.244,-1,0,FALSE,"Promoter-proximal peak (non-annotated)",FALSE,FALSE
"chrX",21339412,21339782,371,"*",194.271,-1,0,FALSE,"Promoter-proximal peak (non-annotated)",FALSE,FALSE
"chrX",21366329,21366709,381,"*",121.001,-1,1329,TRUE,"Distal enhancer (annotated)",FALSE,FALSE
"chrX",21593930,21594243,314,"*",142.656,-1,10127,TRUE,"Distal enhancer (annotated)",FALSE,TRUE
"chrX",21631378,21631876,499,"*",85.7269,-1,14,FALSE,"Promoter-proximal peak (non-annotated)",FALSE,FALSE
