"Context","N_peaks","Observed","Null_mean","Null_SD","Z_score","p_emp","N_perm"
"Trh/Tgo all",614,169,202.13,11.19,-2.96,0.0025994801039792,5000
"Trh/Tgo promoter",468,55,154.46,9.99,-9.95,0.0001999600079984,5000
"Trh/Tgo distal",146,114,46.79,5.77,11.64,0.0001999600079984,5000
"Sim/Tgo all",355,120,114.52,8.66,0.63,0.280143971205759,5000
"Sim/Tgo promoter",243,34,78.55,7.16,-6.22,0.0001999600079984,5000
"Sim/Tgo distal",112,86,35.74,4.99,10.08,0.0001999600079984,5000
"Dys/Tgo all",870,289,293.04,14.11,-0.29,0.410517896420716,5000
"Dys/Tgo promoter",570,69,193.66,10.81,-11.54,0.0001999600079984,5000
"Dys/Tgo distal",300,220,98.74,7.74,15.67,0.0001999600079984,5000
"Sima/Tgo all",296,91,98.1,8.25,-0.86,0.211357728454309,5000
"Sima/Tgo promoter",218,32,73.09,6.95,-5.91,0.0001999600079984,5000
"Sima/Tgo distal",78,59,24.52,4.16,8.28,0.0001999600079984,5000
