"heterodimer","arm","null","n_peaks","observed","null_mean","null_sd","z","p_emp","fold","n_perm"
"Trh","all","genomic",614,169,201.9496,11.5573601810652,-2.85096245888248,0.002999400119976,0.836842459702817,5000
"Trh","all","tss_matched",614,169,91.342,8.13315840575669,9.54832011448754,0.0001999600079984,1.85018939808631,5000
"Trh","promoter","genomic",468,55,154.169,10.1952355326159,-9.7269945047121,0.0001999600079984,0.356751357276755,5000
"Trh","promoter","tss_matched",468,55,41.9834,5.82768537443166,2.2335797428442,0.0195960807838432,1.31004158786568,5000
"Trh","distal","genomic",146,114,48.0162,5.86194592622692,11.2562962590259,0.0001999600079984,2.37419870793607,5000
"Trh","distal","tss_matched",146,114,56.0024,5.89841949258461,9.83273571384903,0.0001999600079984,2.03562704455523,5000
"Sim","all","genomic",355,120,114.5696,8.93950439273663,0.607460968911455,0.286142771445711,1.04739826271542,5000
"Sim","all","tss_matched",355,120,60.73,6.59807600148591,8.982921686057,0.0001999600079984,1.97595916351062,5000
"Sim","promoter","genomic",243,34,78.517,7.25210518442205,-6.13849342610545,0.0001999600079984,0.433027242507992,5000
"Sim","promoter","tss_matched",243,34,21.6242,4.21095247944652,2.93895503699121,0.00519896020795841,1.57231250173417,5000
"Sim","distal","genomic",112,86,36.0028,4.87888848720424,10.2476619687305,0.0001999600079984,2.38870310086993,5000
"Sim","distal","tss_matched",112,86,41.8684,5.03441660076935,8.76598094668127,0.0001999600079984,2.05405508689131,5000
"Dys","all","genomic",870,289,291.9964,13.8224671878732,-0.216777508622253,0.427314537092581,0.989738229649407,5000
"Dys","all","tss_matched",870,289,165.9306,10.5457112631254,11.670090042227,0.0001999600079984,1.74169200858672,5000
"Dys","promoter","genomic",570,69,191.4874,11.2170319425916,-10.9197692069423,0.0001999600079984,0.360337024785965,5000
"Dys","promoter","tss_matched",570,69,54.9012,6.74253149092989,2.09102471660174,0.0247950409918016,1.25680312998623,5000
"Dys","distal","genomic",300,220,100.7672,8.07059050170489,14.7737392914202,0.0001999600079984,2.18325010519296,5000
"Dys","distal","tss_matched",300,220,118.0806,8.39486738428189,12.1406801721286,0.0001999600079984,1.86313416429117,5000
"Sima","all","genomic",296,91,97.1724,8.0270271503823,-0.768952176735322,0.236352729454109,0.936479905816878,5000
"Sima","all","tss_matched",296,91,46.1774,5.62717178096159,7.96538683102731,0.0001999600079984,1.97066097268361,5000
"Sima","promoter","genomic",218,32,71.6006,6.84760232282178,-5.78313373544176,0.0001999600079984,0.446923629131599,5000
"Sima","promoter","tss_matched",218,32,20.4926,4.04845936680226,2.84241459710866,0.00619876024795041,1.56153928735251,5000
"Sima","distal","genomic",78,59,25.5614,4.10760325748534,8.14065962652659,0.0001999600079984,2.30816778423717,5000
"Sima","distal","tss_matched",78,59,29.1708,4.22222604778092,7.06480412522616,0.0001999600079984,2.0225705157212,5000
