"Set","TF_family","N_scanned","N_Motif2_pos","Pct_Motif2","Mean_GC_pct","OR_vs_Trh_alone","p_value"
"Trh/Tgo joint","bHLH-PAS pair",114,51,44.7,36.2,1.25,0.354472529927774
"Trh alone","bHLH-PAS",234,92,39.3,37.2,1,NA
"Sim alone","bHLH-PAS",168,76,45.2,38.9,1.27,0.259838093501004
"Dys alone","bHLH-PAS",309,125,40.5,38.5,1.05,0.791550682604602
"Sima alone","bHLH-PAS",99,45,45.5,37.6,1.29,0.330379350360604
"Tgo alone","bHLH-PAS (beta)",291,110,37.8,37.9,0.94,0.786657561964081
"Vvl","bHLH, no PAS",163,58,35.6,39.6,0.85,0.463337631549929
"Da","POU-HD",197,56,28.4,41.8,0.61,0.0193294761063675
"Twi","BTB-ZF",1331,223,16.8,44.2,0.31,1.13806503931276e-13
"Rib","bHLH class I hub",92,13,14.1,43.6,0.25,6.35638350824537e-06
"Unbound enhancers","--",33213,2786,8.4,43.9,0.14,8.23862526956174e-38
