"seqnames","start","end","width","strand","signalValue","distanceToTSS","overlaps_enhancer","Regulatory_Class","CME","Motif2"
"chr2L",223335,223704,370,"*",27.6898403,0,FALSE,"Promoter-proximal peak (non-annotated)",FALSE,FALSE
"chr2L",267438,267971,534,"*",24.3489094,0,FALSE,"Promoter-proximal peak (non-annotated)",FALSE,TRUE
"chr2L",297482,298096,615,"*",29.6550083,0,FALSE,"Promoter-proximal peak (non-annotated)",FALSE,FALSE
"chr2L",414646,415106,461,"*",27.4743595,0,FALSE,"Promoter-proximal peak (non-annotated)",FALSE,FALSE
"chr2L",441985,442232,248,"*",26.6008072,2445,TRUE,"Distal enhancer (annotated)",FALSE,TRUE
"chr2L",520685,521095,411,"*",26.5109482,2370,TRUE,"Distal enhancer (annotated)",FALSE,TRUE
"chr2L",574228,574614,387,"*",22.4651165,0,FALSE,"Promoter-proximal peak (non-annotated)",TRUE,FALSE
"chr2L",715438,715770,333,"*",21.5675678,454,FALSE,"Promoter-proximal peak (non-annotated)",FALSE,TRUE
"chr2L",1075806,1076118,313,"*",33.6936951,1692,TRUE,"Distal enhancer (annotated)",FALSE,FALSE
"chr2L",1172739,1173081,343,"*",26.3770485,0,FALSE,"Promoter-proximal peak (non-annotated)",FALSE,FALSE
"chr2L",1185566,1185907,342,"*",22.0555553,0,FALSE,"Promoter-proximal peak (non-annotated)",TRUE,FALSE
"chr2L",1590193,1590504,312,"*",20.5764332,3037,TRUE,"Distal enhancer (annotated)",FALSE,TRUE
"chr2L",1611179,1611501,323,"*",26.3529415,0,FALSE,"Promoter-proximal peak (non-annotated)",FALSE,FALSE
"chr2L",1634171,1634500,330,"*",20.8454552,8149,TRUE,"Distal enhancer (annotated)",FALSE,FALSE
"chr2L",2380820,2381170,351,"*",28.4102573,0,FALSE,"Promoter-proximal peak (non-annotated)",FALSE,FALSE
"chr2L",2433556,2433798,243,"*",20.6296291,5183,TRUE,"Distal enhancer (annotated)",FALSE,TRUE
"chr2L",2759600,2759937,338,"*",27.7100601,0,FALSE,"Promoter-proximal peak (non-annotated)",FALSE,FALSE
"chr2L",2765523,2765959,437,"*",34.9542923,0,FALSE,"Promoter-proximal peak (non-annotated)",FALSE,FALSE
"chr2L",2896954,2897437,484,"*",21.7252064,6782,TRUE,"Distal enhancer (annotated)",FALSE,TRUE
"chr2L",2976833,2977160,328,"*",27.9969521,0,FALSE,"Promoter-proximal peak (non-annotated)",FALSE,TRUE
"chr2L",2987607,2988169,563,"*",26.8685608,0,FALSE,"Promoter-proximal peak (non-annotated)",TRUE,FALSE
"chr2L",3037173,3037563,391,"*",28.5804996,0,FALSE,"Promoter-proximal peak (non-annotated)",TRUE,FALSE
"chr2L",3354783,3355316,534,"*",27.0493069,0,FALSE,"Promoter-proximal peak (non-annotated)",TRUE,TRUE
"chr2L",3376697,3377026,330,"*",16.1428566,0,FALSE,"Promoter-proximal peak (non-annotated)",FALSE,FALSE
"chr2L",3655651,3656016,366,"*",25.6366119,936,FALSE,"Promoter-proximal peak (non-annotated)",FALSE,FALSE
"chr2L",3703303,3703594,292,"*",18.9726028,64,FALSE,"Promoter-proximal peak (non-annotated)",FALSE,FALSE
"chr2L",3786199,3786614,416,"*",26.7149525,460,TRUE,"Promoter-proximal enhancer (annotated)",TRUE,FALSE
"chr2L",3789264,3789689,426,"*",21.1009388,296,FALSE,"Promoter-proximal peak (non-annotated)",TRUE,TRUE
"chr2L",3832343,3832691,349,"*",38.0773621,4148,TRUE,"Distal enhancer (annotated)",FALSE,TRUE
"chr2L",4837675,4838126,452,"*",40.505619,0,FALSE,"Promoter-proximal peak (non-annotated)",TRUE,TRUE
"chr2L",4850332,4850751,420,"*",28.282196,0,FALSE,"Promoter-proximal peak (non-annotated)",FALSE,FALSE
"chr2L",4945308,4945676,369,"*",28.6802177,0,FALSE,"Promoter-proximal peak (non-annotated)",TRUE,TRUE
"chr2L",4976978,4977445,468,"*",24.1816235,0,FALSE,"Promoter-proximal peak (non-annotated)",TRUE,FALSE
"chr2L",4981261,4981701,441,"*",35.984127,0,FALSE,"Promoter-proximal peak (non-annotated)",FALSE,FALSE
"chr2L",5004935,5005324,390,"*",26.7974358,6,TRUE,"Promoter-proximal enhancer (annotated)",FALSE,FALSE
"chr2L",5087113,5087498,386,"*",24.5595856,6093,TRUE,"Distal enhancer (annotated)",FALSE,TRUE
"chr2L",5523870,5524359,490,"*",22.1456699,0,FALSE,"Promoter-proximal peak (non-annotated)",FALSE,FALSE
"chr2L",5546394,5546800,407,"*",23.5479107,285,FALSE,"Promoter-proximal peak (non-annotated)",TRUE,FALSE
"chr2L",6065950,6066289,340,"*",45.8058815,0,FALSE,"Promoter-proximal peak (non-annotated)",FALSE,FALSE
"chr2L",6610654,6611040,387,"*",28.1550388,0,FALSE,"Promoter-proximal peak (non-annotated)",FALSE,FALSE
"chr2L",6612410,6613105,696,"*",53.5790215,722,FALSE,"Promoter-proximal peak (non-annotated)",TRUE,TRUE
"chr2L",6647036,6647468,433,"*",42.7336349,676,FALSE,"Promoter-proximal peak (non-annotated)",FALSE,FALSE
"chr2L",6648130,6648564,435,"*",34.0909081,0,FALSE,"Promoter-proximal peak (non-annotated)",TRUE,FALSE
"chr2L",7194370,7194724,355,"*",27.1774654,0,FALSE,"Promoter-proximal peak (non-annotated)",FALSE,TRUE
"chr2L",7295988,7296281,294,"*",19.4897957,10877,TRUE,"Distal enhancer (annotated)",FALSE,FALSE
"chr2L",7530350,7530993,644,"*",32.5552254,0,TRUE,"Promoter-proximal enhancer (annotated)",FALSE,FALSE
"chr2L",7534979,7535270,292,"*",28.5628414,4404,TRUE,"Distal enhancer (annotated)",FALSE,FALSE
"chr2L",7564911,7565184,274,"*",26.10219,2744,FALSE,"Distal peak (non-annotated)",FALSE,TRUE
"chr2L",7925393,7925754,362,"*",17.9309387,34688,TRUE,"Distal enhancer (annotated)",FALSE,FALSE
"chr2L",7964619,7964904,286,"*",24.1293697,12160,TRUE,"Distal enhancer (annotated)",FALSE,TRUE
"chr2L",8212815,8213209,395,"*",44.1177826,0,FALSE,"Promoter-proximal peak (non-annotated)",TRUE,TRUE
"chr2L",8277598,8278056,459,"*",38.6352463,0,FALSE,"Promoter-proximal peak (non-annotated)",FALSE,TRUE
"chr2L",8311095,8311477,383,"*",25.0287209,0,FALSE,"Promoter-proximal peak (non-annotated)",FALSE,FALSE
"chr2L",8376589,8377063,475,"*",32.3873672,0,FALSE,"Promoter-proximal peak (non-annotated)",FALSE,FALSE
"chr2L",8384114,8384514,401,"*",27.5820904,0,FALSE,"Promoter-proximal peak (non-annotated)",FALSE,FALSE
"chr2L",8463155,8463460,306,"*",22.6049385,533,FALSE,"Promoter-proximal peak (non-annotated)",FALSE,TRUE
"chr2L",8535310,8535975,666,"*",26.0840836,0,TRUE,"Promoter-proximal enhancer (annotated)",TRUE,TRUE
"chr2L",8717336,8718118,783,"*",22.9680614,2752,TRUE,"Distal enhancer (annotated)",FALSE,TRUE
"chr2L",8951155,8951555,401,"*",30.7506237,0,FALSE,"Promoter-proximal peak (non-annotated)",FALSE,TRUE
"chr2L",9430936,9431492,557,"*",25.6771297,0,FALSE,"Promoter-proximal peak (non-annotated)",FALSE,FALSE
"chr2L",9520830,9521258,429,"*",36.9200706,0,FALSE,"Promoter-proximal peak (non-annotated)",FALSE,FALSE
"chr2L",9569673,9570351,679,"*",29.2403316,0,TRUE,"Promoter-proximal enhancer (annotated)",TRUE,FALSE
"chr2L",9956810,9957472,663,"*",23.9245853,0,FALSE,"Promoter-proximal peak (non-annotated)",FALSE,FALSE
"chr2L",9967019,9967507,489,"*",25.2678928,0,FALSE,"Promoter-proximal peak (non-annotated)",TRUE,FALSE
"chr2L",10010041,10010358,318,"*",36.7595253,0,FALSE,"Promoter-proximal peak (non-annotated)",FALSE,FALSE
"chr2L",10057288,10057584,297,"*",24.3385582,387,FALSE,"Promoter-proximal peak (non-annotated)",FALSE,FALSE
"chr2L",10200851,10201300,450,"*",45.5360184,0,FALSE,"Promoter-proximal peak (non-annotated)",TRUE,FALSE
"chr2L",10386296,10386652,357,"*",22.207283,9,FALSE,"Promoter-proximal peak (non-annotated)",FALSE,FALSE
"chr2L",10665669,10665933,265,"*",21.7018871,3587,TRUE,"Distal enhancer (annotated)",FALSE,FALSE
"chr2L",10737183,10737503,321,"*",26.1028042,0,FALSE,"Promoter-proximal peak (non-annotated)",TRUE,FALSE
"chr2L",11106613,11107044,432,"*",44.3076935,0,FALSE,"Promoter-proximal peak (non-annotated)",FALSE,FALSE
"chr2L",11123560,11123870,311,"*",21.6527328,0,FALSE,"Promoter-proximal peak (non-annotated)",FALSE,FALSE
"chr2L",11816337,11816742,406,"*",29.550724,2556,FALSE,"Distal peak (non-annotated)",FALSE,TRUE
"chr2L",12103275,12103762,488,"*",24.7473125,0,FALSE,"Promoter-proximal peak (non-annotated)",FALSE,FALSE
"chr2L",12721865,12722293,429,"*",23.3379955,0,FALSE,"Promoter-proximal peak (non-annotated)",FALSE,FALSE
"chr2L",13083613,13083988,376,"*",23.3723412,5814,FALSE,"Distal peak (non-annotated)",FALSE,TRUE
"chr2L",13373738,13374210,473,"*",38.7162704,0,FALSE,"Promoter-proximal peak (non-annotated)",TRUE,FALSE
"chr2L",13387277,13387637,361,"*",37.842392,0,FALSE,"Promoter-proximal peak (non-annotated)",FALSE,FALSE
"chr2L",13394959,13395416,458,"*",25.4624004,0,FALSE,"Promoter-proximal peak (non-annotated)",TRUE,FALSE
"chr2L",13514562,13515320,759,"*",24.172596,12520,TRUE,"Distal enhancer (annotated)",TRUE,FALSE
"chr2L",13835069,13835778,710,"*",39.4327164,0,FALSE,"Promoter-proximal peak (non-annotated)",FALSE,FALSE
"chr2L",13904426,13904846,421,"*",24.9596195,0,FALSE,"Promoter-proximal peak (non-annotated)",TRUE,FALSE
"chr2L",14361764,14362124,361,"*",21.0057697,0,FALSE,"Promoter-proximal peak (non-annotated)",TRUE,TRUE
"chr2L",14461107,14461442,336,"*",27.7918453,3993,TRUE,"Distal enhancer (annotated)",FALSE,TRUE
"chr2L",14546962,14547276,315,"*",26.0222225,1832,FALSE,"Distal peak (non-annotated)",FALSE,TRUE
"chr2L",14615094,14615461,368,"*",20.184782,90,FALSE,"Promoter-proximal peak (non-annotated)",FALSE,TRUE
"chr2L",14689249,14689698,450,"*",36.4622231,0,FALSE,"Promoter-proximal peak (non-annotated)",FALSE,FALSE
"chr2L",14995525,14996238,714,"*",25.4467793,1320,TRUE,"Distal enhancer (annotated)",FALSE,TRUE
"chr2L",15009730,15010040,311,"*",25.8683472,0,FALSE,"Promoter-proximal peak (non-annotated)",FALSE,FALSE
"chr2L",15746868,15747349,482,"*",23.5456429,257,FALSE,"Promoter-proximal peak (non-annotated)",FALSE,FALSE
"chr2L",16279691,16280086,396,"*",29.4494953,7643,TRUE,"Distal enhancer (annotated)",TRUE,FALSE
"chr2L",16716163,16716567,405,"*",35.9753075,0,FALSE,"Promoter-proximal peak (non-annotated)",FALSE,TRUE
"chr2L",17378627,17379240,614,"*",53.9951134,4874,TRUE,"Distal enhancer (annotated)",FALSE,FALSE
"chr2L",17480953,17481294,342,"*",34.4824562,0,FALSE,"Promoter-proximal peak (non-annotated)",FALSE,FALSE
"chr2L",17484233,17484556,324,"*",33.2693405,0,FALSE,"Promoter-proximal peak (non-annotated)",TRUE,FALSE
"chr2L",17514139,17514433,295,"*",15.8305082,10115,TRUE,"Distal enhancer (annotated)",TRUE,TRUE
"chr2L",18145319,18145632,314,"*",23.9777069,220,FALSE,"Promoter-proximal peak (non-annotated)",TRUE,TRUE
"chr2L",18325120,18325517,398,"*",19.9148464,5017,TRUE,"Distal enhancer (annotated)",FALSE,TRUE
"chr2L",18604743,18605345,603,"*",34.1158257,0,FALSE,"Promoter-proximal peak (non-annotated)",FALSE,FALSE
"chr2L",18708561,18708908,348,"*",30.3167076,0,FALSE,"Promoter-proximal peak (non-annotated)",FALSE,FALSE
"chr2L",19045047,19045483,437,"*",20.8326359,0,FALSE,"Promoter-proximal peak (non-annotated)",FALSE,FALSE
"chr2L",19164958,19165358,401,"*",30.2249393,508,TRUE,"Promoter-proximal enhancer (annotated)",FALSE,TRUE
"chr2L",19416432,19417001,570,"*",20.617054,0,FALSE,"Promoter-proximal peak (non-annotated)",TRUE,TRUE
"chr2L",19444657,19445071,415,"*",30.6602402,0,FALSE,"Promoter-proximal peak (non-annotated)",FALSE,FALSE
"chr2L",19528329,19528694,366,"*",28.0601101,5,FALSE,"Promoter-proximal peak (non-annotated)",FALSE,FALSE
"chr2L",19865442,19865813,372,"*",29.6009979,367,TRUE,"Promoter-proximal enhancer (annotated)",FALSE,FALSE
"chr2L",20091120,20091693,574,"*",27.425087,0,FALSE,"Promoter-proximal peak (non-annotated)",FALSE,FALSE
"chr2L",20805933,20806316,384,"*",28.4192715,3657,FALSE,"Distal peak (non-annotated)",FALSE,FALSE
"chr2L",21158538,21158854,317,"*",22.9242897,0,FALSE,"Promoter-proximal peak (non-annotated)",TRUE,FALSE
"chr2L",21168246,21168616,371,"*",19.3397675,0,FALSE,"Promoter-proximal peak (non-annotated)",FALSE,FALSE
"chr2L",21867319,21867639,321,"*",24.0723553,51,FALSE,"Promoter-proximal peak (non-annotated)",FALSE,FALSE
"chr2R",6076354,6076985,632,"*",26.101265,0,FALSE,"Promoter-proximal peak (non-annotated)",FALSE,TRUE
"chr2R",6632901,6633426,526,"*",25.1026115,0,FALSE,"Promoter-proximal peak (non-annotated)",TRUE,FALSE
"chr2R",7028414,7028868,455,"*",21.8318748,42,FALSE,"Promoter-proximal peak (non-annotated)",TRUE,FALSE
"chr2R",7045084,7045768,685,"*",31.7562046,0,FALSE,"Promoter-proximal peak (non-annotated)",FALSE,FALSE
"chr2R",7499881,7500152,272,"*",27.8713226,0,FALSE,"Promoter-proximal peak (non-annotated)",FALSE,FALSE
"chr2R",7665383,7665727,345,"*",23.9611835,100,FALSE,"Promoter-proximal peak (non-annotated)",FALSE,FALSE
"chr2R",7722788,7723158,371,"*",25.8490562,132,TRUE,"Promoter-proximal enhancer (annotated)",TRUE,TRUE
"chr2R",8014245,8014551,307,"*",41.510582,489,TRUE,"Promoter-proximal enhancer (annotated)",FALSE,FALSE
"chr2R",8060771,8061222,452,"*",45.1946907,2219,TRUE,"Distal enhancer (annotated)",TRUE,TRUE
"chr2R",8068338,8068757,420,"*",27.333334,18,FALSE,"Promoter-proximal peak (non-annotated)",FALSE,FALSE
"chr2R",8098343,8098716,374,"*",23.094202,0,FALSE,"Promoter-proximal peak (non-annotated)",FALSE,FALSE
"chr2R",8251572,8251882,311,"*",27.1414795,1976,TRUE,"Distal enhancer (annotated)",FALSE,FALSE
"chr2R",8462340,8462808,469,"*",21.9168434,0,FALSE,"Promoter-proximal peak (non-annotated)",FALSE,FALSE
"chr2R",9094795,9095421,627,"*",26.9357052,0,FALSE,"Promoter-proximal peak (non-annotated)",TRUE,FALSE
"chr2R",9121995,9122431,437,"*",50.6428566,0,FALSE,"Promoter-proximal peak (non-annotated)",FALSE,FALSE
"chr2R",9278893,9279402,510,"*",23.0621853,3862,TRUE,"Distal enhancer (annotated)",TRUE,TRUE
"chr2R",9588725,9589055,331,"*",27.7471256,0,FALSE,"Promoter-proximal peak (non-annotated)",FALSE,FALSE
"chr2R",9959572,9960135,564,"*",40.3438454,0,FALSE,"Promoter-proximal peak (non-annotated)",FALSE,FALSE
"chr2R",10056376,10056715,340,"*",28.6823521,110,TRUE,"Promoter-proximal enhancer (annotated)",TRUE,FALSE
"chr2R",10230686,10231038,353,"*",17.9773369,2728,TRUE,"Distal enhancer (annotated)",FALSE,TRUE
"chr2R",11289090,11289399,310,"*",33.0092888,372,FALSE,"Promoter-proximal peak (non-annotated)",FALSE,FALSE
"chr2R",11635455,11636413,959,"*",26.1605835,2939,TRUE,"Distal enhancer (annotated)",TRUE,FALSE
"chr2R",11988749,11989127,379,"*",23.190115,0,FALSE,"Promoter-proximal peak (non-annotated)",FALSE,FALSE
"chr2R",12027589,12028106,518,"*",42.5733604,0,FALSE,"Promoter-proximal peak (non-annotated)",TRUE,FALSE
"chr2R",12326042,12326417,376,"*",31.2659569,0,FALSE,"Promoter-proximal peak (non-annotated)",TRUE,FALSE
"chr2R",12435749,12436203,455,"*",33.1692314,0,FALSE,"Promoter-proximal peak (non-annotated)",TRUE,FALSE
"chr2R",12869317,12869747,431,"*",20.5055866,0,FALSE,"Promoter-proximal peak (non-annotated)",TRUE,FALSE
"chr2R",12975440,12975792,353,"*",22.8526917,4865,TRUE,"Distal enhancer (annotated)",FALSE,TRUE
"chr2R",12984993,12985396,404,"*",33.9603958,0,FALSE,"Promoter-proximal peak (non-annotated)",FALSE,FALSE
"chr2R",13158167,13158659,493,"*",25.2373219,0,FALSE,"Promoter-proximal peak (non-annotated)",FALSE,TRUE
"chr2R",13295787,13296396,610,"*",18.6573772,0,FALSE,"Promoter-proximal peak (non-annotated)",FALSE,FALSE
"chr2R",13338283,13338564,282,"*",19.7695026,947,FALSE,"Promoter-proximal peak (non-annotated)",FALSE,TRUE
"chr2R",13499608,13499922,315,"*",25.8730164,698,FALSE,"Promoter-proximal peak (non-annotated)",TRUE,TRUE
"chr2R",14024963,14025346,384,"*",29.7942715,3273,TRUE,"Distal enhancer (annotated)",FALSE,FALSE
"chr2R",14157409,14157833,425,"*",39.53899,0,FALSE,"Promoter-proximal peak (non-annotated)",FALSE,FALSE
"chr2R",14255957,14256509,553,"*",23.8081493,0,FALSE,"Promoter-proximal peak (non-annotated)",TRUE,FALSE
"chr2R",14270106,14270750,645,"*",24.1895809,0,FALSE,"Promoter-proximal peak (non-annotated)",TRUE,FALSE
"chr2R",14309919,14310222,304,"*",26.6414471,1776,TRUE,"Distal enhancer (annotated)",FALSE,TRUE
"chr2R",14852626,14852928,303,"*",23.6501656,0,FALSE,"Promoter-proximal peak (non-annotated)",FALSE,FALSE
"chr2R",14917550,14918251,702,"*",20.3272209,177,TRUE,"Promoter-proximal enhancer (annotated)",FALSE,TRUE
"chr2R",14992116,14992502,387,"*",31.0680275,0,FALSE,"Promoter-proximal peak (non-annotated)",FALSE,FALSE
"chr2R",15127975,15128879,905,"*",38.5441017,0,FALSE,"Promoter-proximal peak (non-annotated)",TRUE,FALSE
"chr2R",15213574,15213952,379,"*",24.6788616,0,FALSE,"Promoter-proximal peak (non-annotated)",FALSE,FALSE
"chr2R",15217488,15217913,426,"*",37.7134018,0,FALSE,"Promoter-proximal peak (non-annotated)",FALSE,TRUE
"chr2R",15679007,15679408,402,"*",29.5597019,50,FALSE,"Promoter-proximal peak (non-annotated)",FALSE,FALSE
"chr2R",15992312,15992733,422,"*",44.6516838,0,FALSE,"Promoter-proximal peak (non-annotated)",TRUE,FALSE
"chr2R",16007585,16007953,369,"*",25.8780479,0,FALSE,"Promoter-proximal peak (non-annotated)",TRUE,FALSE
"chr2R",16148648,16149019,372,"*",24.0967751,0,FALSE,"Promoter-proximal peak (non-annotated)",FALSE,FALSE
"chr2R",16206332,16206622,291,"*",36.4846954,93,FALSE,"Promoter-proximal peak (non-annotated)",FALSE,TRUE
"chr2R",16210908,16211276,369,"*",24.848238,510,TRUE,"Promoter-proximal enhancer (annotated)",FALSE,FALSE
"chr2R",16594331,16594964,634,"*",27.6971607,0,FALSE,"Promoter-proximal peak (non-annotated)",TRUE,FALSE
"chr2R",17005143,17005473,331,"*",25.860527,0,FALSE,"Promoter-proximal peak (non-annotated)",FALSE,FALSE
"chr2R",17262501,17262920,420,"*",23.2595234,161,FALSE,"Promoter-proximal peak (non-annotated)",TRUE,TRUE
"chr2R",17420759,17421378,620,"*",34.9274178,0,FALSE,"Promoter-proximal peak (non-annotated)",FALSE,FALSE
"chr2R",17421945,17422865,921,"*",26.7187843,567,FALSE,"Promoter-proximal peak (non-annotated)",TRUE,TRUE
"chr2R",17547399,17547833,435,"*",39.7763977,0,FALSE,"Promoter-proximal peak (non-annotated)",TRUE,FALSE
"chr2R",17568372,17568799,428,"*",33.1177673,0,FALSE,"Promoter-proximal peak (non-annotated)",TRUE,FALSE
"chr2R",17665453,17665800,348,"*",24.9870796,0,FALSE,"Promoter-proximal peak (non-annotated)",FALSE,FALSE
"chr2R",17733042,17733376,335,"*",18.6017189,0,FALSE,"Promoter-proximal peak (non-annotated)",FALSE,FALSE
"chr2R",17804698,17805148,451,"*",23.2144279,1830,TRUE,"Distal enhancer (annotated)",FALSE,TRUE
"chr2R",18338295,18338706,412,"*",24.0485439,18589,TRUE,"Distal enhancer (annotated)",FALSE,TRUE
"chr2R",18357104,18357599,496,"*",31.3326607,0,FALSE,"Promoter-proximal peak (non-annotated)",FALSE,FALSE
"chr2R",18413665,18414050,386,"*",26.9415684,0,FALSE,"Promoter-proximal peak (non-annotated)",FALSE,FALSE
"chr2R",18671566,18671950,385,"*",25.9046459,1585,TRUE,"Distal enhancer (annotated)",FALSE,TRUE
"chr2R",18875074,18875473,400,"*",27.1031933,2917,FALSE,"Distal peak (non-annotated)",FALSE,FALSE
"chr2R",19137081,19137554,474,"*",31.2453232,0,FALSE,"Promoter-proximal peak (non-annotated)",FALSE,FALSE
"chr2R",19293390,19293908,519,"*",33.2485542,860,TRUE,"Promoter-proximal enhancer (annotated)",FALSE,TRUE
"chr2R",19423120,19423441,322,"*",33.2407417,672,FALSE,"Promoter-proximal peak (non-annotated)",FALSE,FALSE
"chr2R",19631583,19632373,791,"*",27.319849,74,FALSE,"Promoter-proximal peak (non-annotated)",TRUE,FALSE
"chr2R",20121788,20122087,300,"*",21.2033329,10276,TRUE,"Distal enhancer (annotated)",FALSE,FALSE
"chr2R",20884384,20884790,407,"*",38.349205,4453,FALSE,"Distal peak (non-annotated)",FALSE,FALSE
"chr2R",21143219,21143615,397,"*",22.5768261,0,FALSE,"Promoter-proximal peak (non-annotated)",TRUE,FALSE
"chr2R",21145802,21146226,425,"*",22.7779884,0,FALSE,"Promoter-proximal peak (non-annotated)",FALSE,FALSE
"chr2R",21200032,21200550,519,"*",23.6554298,0,FALSE,"Promoter-proximal peak (non-annotated)",FALSE,FALSE
"chr2R",21645782,21646267,486,"*",32.8395081,0,FALSE,"Promoter-proximal peak (non-annotated)",TRUE,TRUE
"chr2R",21669840,21670182,343,"*",35.0821533,0,FALSE,"Promoter-proximal peak (non-annotated)",FALSE,FALSE
"chr2R",22061627,22062090,464,"*",33.090374,109,FALSE,"Promoter-proximal peak (non-annotated)",TRUE,FALSE
"chr2R",22395093,22395569,477,"*",25.8322849,6489,TRUE,"Distal enhancer (annotated)",FALSE,FALSE
"chr2R",22395782,22396182,401,"*",26.6708221,5876,TRUE,"Distal enhancer (annotated)",FALSE,TRUE
"chr2R",22397466,22397797,332,"*",30.3885536,4261,TRUE,"Distal enhancer (annotated)",TRUE,TRUE
"chr2R",22513991,22514517,527,"*",54.6337776,0,FALSE,"Promoter-proximal peak (non-annotated)",FALSE,TRUE
"chr2R",22802686,22803175,490,"*",42.0959167,3127,TRUE,"Distal enhancer (annotated)",FALSE,FALSE
"chr2R",22926093,22926502,410,"*",24.6585369,50,FALSE,"Promoter-proximal peak (non-annotated)",TRUE,FALSE
"chr2R",22936686,22937321,636,"*",21.0754719,0,FALSE,"Promoter-proximal peak (non-annotated)",TRUE,FALSE
"chr2R",23415523,23415898,376,"*",19.4414902,40,FALSE,"Promoter-proximal peak (non-annotated)",FALSE,FALSE
"chr2R",23593019,23593362,344,"*",22.4970932,3229,FALSE,"Distal peak (non-annotated)",FALSE,TRUE
"chr2R",23709709,23710085,377,"*",29.7472172,0,FALSE,"Promoter-proximal peak (non-annotated)",FALSE,FALSE
"chr2R",23844691,23845031,341,"*",24.9242058,0,FALSE,"Promoter-proximal peak (non-annotated)",FALSE,FALSE
"chr2R",23850130,23850572,443,"*",43.4446945,0,FALSE,"Promoter-proximal peak (non-annotated)",TRUE,FALSE
"chr2R",23858589,23858989,401,"*",28.5361595,0,FALSE,"Promoter-proximal peak (non-annotated)",FALSE,FALSE
"chr2R",23884584,23885128,545,"*",20.9174309,143,FALSE,"Promoter-proximal peak (non-annotated)",FALSE,TRUE
"chr2R",24242720,24243091,372,"*",18.7089939,163,TRUE,"Promoter-proximal enhancer (annotated)",FALSE,FALSE
"chr2R",24327572,24327939,368,"*",32.6160011,1061,TRUE,"Distal enhancer (annotated)",FALSE,TRUE
"chr2R",24329425,24329747,323,"*",20.786377,0,FALSE,"Promoter-proximal peak (non-annotated)",FALSE,TRUE
"chr2R",24350841,24351139,299,"*",20.3110371,249,FALSE,"Promoter-proximal peak (non-annotated)",FALSE,TRUE
"chr2R",24539238,24539545,308,"*",27.2922077,395,FALSE,"Promoter-proximal peak (non-annotated)",FALSE,FALSE
"chr2R",24539657,24539955,299,"*",23.9467087,0,FALSE,"Promoter-proximal peak (non-annotated)",FALSE,FALSE
"chr2R",24606933,24607257,325,"*",32.3230782,0,FALSE,"Promoter-proximal peak (non-annotated)",FALSE,FALSE
"chr2R",24611423,24611725,303,"*",39.3069305,0,FALSE,"Promoter-proximal peak (non-annotated)",FALSE,FALSE
"chr2R",24793297,24793861,565,"*",26.5592918,0,FALSE,"Promoter-proximal peak (non-annotated)",TRUE,FALSE
"chr2R",24903717,24904259,543,"*",32.4069977,0,FALSE,"Promoter-proximal peak (non-annotated)",FALSE,FALSE
"chr2R",24940306,24940728,423,"*",25.3782501,0,FALSE,"Promoter-proximal peak (non-annotated)",TRUE,TRUE
"chr3L",184375,184670,296,"*",29.4459457,0,FALSE,"Promoter-proximal peak (non-annotated)",FALSE,FALSE
"chr3L",205786,206133,348,"*",24.5793228,0,FALSE,"Promoter-proximal peak (non-annotated)",TRUE,FALSE
"chr3L",589187,589613,427,"*",22.3515987,0,FALSE,"Promoter-proximal peak (non-annotated)",TRUE,TRUE
"chr3L",644131,644464,334,"*",27.9221554,1922,FALSE,"Distal peak (non-annotated)",TRUE,TRUE
"chr3L",654030,654454,425,"*",35.6854668,0,FALSE,"Promoter-proximal peak (non-annotated)",FALSE,FALSE
"chr3L",696782,697105,324,"*",24.416666,2038,TRUE,"Distal enhancer (annotated)",TRUE,FALSE
"chr3L",711845,712576,732,"*",28.2593079,0,FALSE,"Promoter-proximal peak (non-annotated)",FALSE,TRUE
"chr3L",802737,803087,351,"*",25.7663822,963,TRUE,"Promoter-proximal enhancer (annotated)",TRUE,FALSE
"chr3L",819510,819860,351,"*",25.4338036,898,TRUE,"Promoter-proximal enhancer (annotated)",TRUE,FALSE
"chr3L",837553,837894,342,"*",33.1023407,0,FALSE,"Promoter-proximal peak (non-annotated)",TRUE,FALSE
"chr3L",1334560,1334948,389,"*",26.2339325,0,FALSE,"Promoter-proximal peak (non-annotated)",FALSE,TRUE
"chr3L",1442942,1443235,294,"*",24.2789116,5069,FALSE,"Distal peak (non-annotated)",FALSE,FALSE
"chr3L",1479353,1479639,287,"*",22.949152,411,FALSE,"Promoter-proximal peak (non-annotated)",FALSE,FALSE
"chr3L",1558432,1558785,354,"*",21.0593224,0,FALSE,"Promoter-proximal peak (non-annotated)",FALSE,FALSE
"chr3L",1645143,1645513,371,"*",29.7573528,0,FALSE,"Promoter-proximal peak (non-annotated)",TRUE,TRUE
"chr3L",1668478,1668926,449,"*",36.002224,0,FALSE,"Promoter-proximal peak (non-annotated)",FALSE,FALSE
"chr3L",1746506,1747017,512,"*",35.1914062,0,FALSE,"Promoter-proximal peak (non-annotated)",FALSE,TRUE
"chr3L",1808711,1809014,304,"*",27.3026314,1164,TRUE,"Distal enhancer (annotated)",FALSE,TRUE
"chr3L",2257303,2257704,402,"*",29.0696526,0,FALSE,"Promoter-proximal peak (non-annotated)",FALSE,FALSE
"chr3L",2262583,2262918,336,"*",22.6206894,0,FALSE,"Promoter-proximal peak (non-annotated)",FALSE,FALSE
"chr3L",2373389,2373816,428,"*",35.8296432,0,FALSE,"Promoter-proximal peak (non-annotated)",TRUE,FALSE
"chr3L",2773943,2774333,391,"*",25.0562668,0,FALSE,"Promoter-proximal peak (non-annotated)",FALSE,FALSE
"chr3L",2851825,2852120,296,"*",24.4628372,27037,TRUE,"Distal enhancer (annotated)",FALSE,FALSE
"chr3L",3046181,3046785,605,"*",26.0846043,26,FALSE,"Promoter-proximal peak (non-annotated)",FALSE,FALSE
"chr3L",3060627,3061058,432,"*",42.807869,5547,TRUE,"Distal enhancer (annotated)",FALSE,FALSE
"chr3L",3081253,3081791,539,"*",34.0575142,0,FALSE,"Promoter-proximal peak (non-annotated)",FALSE,FALSE
"chr3L",3106985,3107351,367,"*",22.2127666,26,TRUE,"Promoter-proximal enhancer (annotated)",FALSE,FALSE
"chr3L",3222777,3223434,658,"*",29.4547901,0,FALSE,"Promoter-proximal peak (non-annotated)",TRUE,FALSE
"chr3L",3301287,3301658,372,"*",29.2365589,144,FALSE,"Promoter-proximal peak (non-annotated)",FALSE,TRUE
"chr3L",3303037,3303331,295,"*",26.0169487,0,FALSE,"Promoter-proximal peak (non-annotated)",FALSE,FALSE
"chr3L",3319218,3319559,342,"*",19.6784916,0,FALSE,"Promoter-proximal peak (non-annotated)",FALSE,FALSE
"chr3L",3382442,3382808,367,"*",24.4256611,4173,TRUE,"Distal enhancer (annotated)",FALSE,TRUE
"chr3L",3616359,3616688,330,"*",28.3515148,976,FALSE,"Promoter-proximal peak (non-annotated)",FALSE,FALSE
"chr3L",3785022,3785456,435,"*",30.0582123,2503,TRUE,"Distal enhancer (annotated)",FALSE,FALSE
"chr3L",3826570,3826885,316,"*",20.9683552,1120,FALSE,"Distal peak (non-annotated)",FALSE,TRUE
"chr3L",3928567,3928825,259,"*",23.783783,337,TRUE,"Promoter-proximal enhancer (annotated)",FALSE,TRUE
"chr3L",4070454,4071259,806,"*",24.361042,457,TRUE,"Promoter-proximal enhancer (annotated)",FALSE,TRUE
"chr3L",4228138,4228557,420,"*",28.5249996,835,TRUE,"Promoter-proximal enhancer (annotated)",FALSE,TRUE
"chr3L",4230295,4230776,482,"*",27.1058083,2992,TRUE,"Distal enhancer (annotated)",TRUE,TRUE
"chr3L",4406616,4407010,395,"*",23.4877586,0,FALSE,"Promoter-proximal peak (non-annotated)",FALSE,FALSE
"chr3L",4613054,4613442,389,"*",25.472126,0,TRUE,"Promoter-proximal enhancer (annotated)",FALSE,FALSE
"chr3L",4698083,4698452,370,"*",22.3864861,481,TRUE,"Promoter-proximal enhancer (annotated)",FALSE,TRUE
"chr3L",4824787,4825116,330,"*",16.6090908,570,TRUE,"Promoter-proximal enhancer (annotated)",FALSE,FALSE
"chr3L",5139251,5139699,449,"*",55.8106918,0,FALSE,"Promoter-proximal peak (non-annotated)",FALSE,FALSE
"chr3L",5277973,5278293,321,"*",22.7538948,28,FALSE,"Promoter-proximal peak (non-annotated)",FALSE,FALSE
"chr3L",5511973,5512338,366,"*",25.7100372,1112,TRUE,"Distal enhancer (annotated)",FALSE,FALSE
"chr3L",5976323,5976760,438,"*",23.5,315,TRUE,"Promoter-proximal enhancer (annotated)",FALSE,TRUE
"chr3L",6094681,6095083,403,"*",36.1380157,0,FALSE,"Promoter-proximal peak (non-annotated)",FALSE,FALSE
"chr3L",6184969,6185312,344,"*",31.055233,0,FALSE,"Promoter-proximal peak (non-annotated)",FALSE,FALSE
"chr3L",6262627,6263115,489,"*",30.847826,0,FALSE,"Promoter-proximal peak (non-annotated)",FALSE,TRUE
"chr3L",6488382,6488771,390,"*",41.2471123,0,FALSE,"Promoter-proximal peak (non-annotated)",TRUE,FALSE
"chr3L",6552760,6553402,643,"*",21.1099606,2020,FALSE,"Distal peak (non-annotated)",FALSE,FALSE
"chr3L",6955892,6956230,339,"*",24.728426,0,FALSE,"Promoter-proximal peak (non-annotated)",TRUE,FALSE
"chr3L",7008246,7008705,460,"*",19.7024784,5394,TRUE,"Distal enhancer (annotated)",TRUE,FALSE
"chr3L",7134008,7134535,528,"*",24.683712,0,TRUE,"Promoter-proximal enhancer (annotated)",FALSE,FALSE
"chr3L",7850931,7851261,331,"*",24.0405979,4286,FALSE,"Distal peak (non-annotated)",FALSE,TRUE
"chr3L",7903724,7904200,477,"*",25.9811325,140,TRUE,"Promoter-proximal enhancer (annotated)",FALSE,TRUE
"chr3L",7976091,7976475,385,"*",23.158392,0,FALSE,"Promoter-proximal peak (non-annotated)",FALSE,TRUE
"chr3L",8127605,8128167,563,"*",27.0817051,0,FALSE,"Promoter-proximal peak (non-annotated)",FALSE,FALSE
"chr3L",8137527,8137874,348,"*",25.1359653,0,FALSE,"Promoter-proximal peak (non-annotated)",FALSE,FALSE
"chr3L",8299647,8300094,448,"*",28.1808033,0,FALSE,"Promoter-proximal peak (non-annotated)",FALSE,FALSE
"chr3L",8547096,8547508,413,"*",25.8729839,420,FALSE,"Promoter-proximal peak (non-annotated)",TRUE,TRUE
"chr3L",8600776,8601194,419,"*",35.8477287,0,FALSE,"Promoter-proximal peak (non-annotated)",TRUE,FALSE
"chr3L",8721078,8721524,447,"*",37.8456383,0,FALSE,"Promoter-proximal peak (non-annotated)",FALSE,FALSE
"chr3L",9057740,9058117,378,"*",23.2698421,158,FALSE,"Promoter-proximal peak (non-annotated)",TRUE,TRUE
"chr3L",9383684,9384099,416,"*",34.4990997,0,FALSE,"Promoter-proximal peak (non-annotated)",FALSE,FALSE
"chr3L",9422707,9423361,655,"*",33.9234047,0,FALSE,"Promoter-proximal peak (non-annotated)",TRUE,TRUE
"chr3L",9426567,9427101,535,"*",39.2579422,0,FALSE,"Promoter-proximal peak (non-annotated)",TRUE,FALSE
"chr3L",9855699,9856185,487,"*",25.4147835,413,TRUE,"Promoter-proximal enhancer (annotated)",TRUE,FALSE
"chr3L",9856237,9856775,539,"*",21.4267159,951,TRUE,"Promoter-proximal enhancer (annotated)",TRUE,TRUE
"chr3L",10665582,10666087,506,"*",25.7211227,842,FALSE,"Promoter-proximal peak (non-annotated)",FALSE,FALSE
"chr3L",10682572,10683309,738,"*",27.6070461,7714,TRUE,"Distal enhancer (annotated)",FALSE,FALSE
"chr3L",10752432,10752994,563,"*",25.3587914,18930,TRUE,"Distal enhancer (annotated)",FALSE,TRUE
"chr3L",10769639,10770168,530,"*",23.8867931,1756,TRUE,"Distal enhancer (annotated)",FALSE,FALSE
"chr3L",10855789,10856129,341,"*",19.1378307,1759,TRUE,"Distal enhancer (annotated)",FALSE,FALSE
"chr3L",11064699,11065037,339,"*",30.957983,0,FALSE,"Promoter-proximal peak (non-annotated)",FALSE,FALSE
"chr3L",11098161,11098674,514,"*",32.1848412,0,FALSE,"Promoter-proximal peak (non-annotated)",TRUE,FALSE
"chr3L",11405746,11406264,519,"*",24.576107,210,TRUE,"Promoter-proximal enhancer (annotated)",FALSE,TRUE
"chr3L",12082300,12082602,303,"*",20.8481846,469,TRUE,"Promoter-proximal enhancer (annotated)",FALSE,FALSE
"chr3L",12124968,12125367,400,"*",33.0349998,0,FALSE,"Promoter-proximal peak (non-annotated)",FALSE,FALSE
"chr3L",12457349,12457659,311,"*",18.9290123,10361,TRUE,"Distal enhancer (annotated)",FALSE,TRUE
"chr3L",12514723,12515075,353,"*",32.8498573,0,FALSE,"Promoter-proximal peak (non-annotated)",FALSE,FALSE
"chr3L",12524003,12524422,420,"*",27.3289185,0,FALSE,"Promoter-proximal peak (non-annotated)",FALSE,TRUE
"chr3L",12843082,12843575,494,"*",23.8724689,0,FALSE,"Promoter-proximal peak (non-annotated)",TRUE,TRUE
"chr3L",12913639,12913996,358,"*",25.5523109,0,FALSE,"Promoter-proximal peak (non-annotated)",FALSE,FALSE
"chr3L",13041526,13041994,469,"*",28.7036247,0,FALSE,"Promoter-proximal peak (non-annotated)",TRUE,FALSE
"chr3L",13513068,13513380,313,"*",27.9258251,0,FALSE,"Promoter-proximal peak (non-annotated)",FALSE,FALSE
"chr3L",13862473,13862740,268,"*",23.502924,4164,TRUE,"Distal enhancer (annotated)",FALSE,FALSE
"chr3L",14004899,14005205,307,"*",33.7814903,2771,TRUE,"Distal enhancer (annotated)",FALSE,FALSE
"chr3L",14303870,14304218,349,"*",31.2893982,22032,TRUE,"Distal enhancer (annotated)",FALSE,FALSE
"chr3L",14448679,14449025,347,"*",30.7385063,105,FALSE,"Promoter-proximal peak (non-annotated)",FALSE,TRUE
"chr3L",14665949,14666290,342,"*",26.8158646,4002,FALSE,"Distal peak (non-annotated)",TRUE,TRUE
"chr3L",14802125,14802600,476,"*",23.9474792,0,FALSE,"Promoter-proximal peak (non-annotated)",TRUE,TRUE
"chr3L",15014027,15014309,283,"*",23.6707916,0,FALSE,"Promoter-proximal peak (non-annotated)",FALSE,TRUE
"chr3L",15508221,15508525,305,"*",36.3803291,0,FALSE,"Promoter-proximal peak (non-annotated)",TRUE,FALSE
"chr3L",15619546,15619916,371,"*",25.6657677,0,FALSE,"Promoter-proximal peak (non-annotated)",TRUE,FALSE
"chr3L",15925015,15925417,403,"*",23.6313457,153,FALSE,"Promoter-proximal peak (non-annotated)",TRUE,FALSE
"chr3L",15982795,15983193,399,"*",36.0613632,0,FALSE,"Promoter-proximal peak (non-annotated)",TRUE,FALSE
"chr3L",16660237,16660789,553,"*",31.1089973,825,TRUE,"Promoter-proximal enhancer (annotated)",FALSE,TRUE
"chr3L",16890483,16891102,620,"*",23.1929264,123,FALSE,"Promoter-proximal peak (non-annotated)",TRUE,TRUE
"chr3L",17428807,17429149,343,"*",27.9055557,0,FALSE,"Promoter-proximal peak (non-annotated)",FALSE,FALSE
"chr3L",17433569,17433948,380,"*",44.352356,0,FALSE,"Promoter-proximal peak (non-annotated)",FALSE,FALSE
"chr3L",17654112,17654612,501,"*",22.720974,0,FALSE,"Promoter-proximal peak (non-annotated)",FALSE,FALSE
"chr3L",17658425,17658695,271,"*",30.5535049,3807,TRUE,"Distal enhancer (annotated)",FALSE,FALSE
"chr3L",18148355,18148826,472,"*",22.3110237,96,TRUE,"Promoter-proximal enhancer (annotated)",FALSE,FALSE
"chr3L",18185721,18186152,432,"*",24.0990982,79,FALSE,"Promoter-proximal peak (non-annotated)",TRUE,FALSE
"chr3L",18461012,18461454,443,"*",17.407095,0,FALSE,"Promoter-proximal peak (non-annotated)",TRUE,FALSE
"chr3L",18890541,18891076,536,"*",29.2668495,57,TRUE,"Promoter-proximal enhancer (annotated)",TRUE,FALSE
"chr3L",19045273,19045734,462,"*",25.1740894,0,FALSE,"Promoter-proximal peak (non-annotated)",TRUE,FALSE
"chr3L",19516534,19516892,359,"*",20.2293816,1439,FALSE,"Distal peak (non-annotated)",FALSE,FALSE
"chr3L",19560472,19561024,553,"*",29.9453468,165,TRUE,"Promoter-proximal enhancer (annotated)",TRUE,TRUE
"chr3L",19590403,19590845,443,"*",60.9165039,0,FALSE,"Promoter-proximal peak (non-annotated)",FALSE,FALSE
"chr3L",19612042,19612567,526,"*",34.2608681,0,FALSE,"Promoter-proximal peak (non-annotated)",FALSE,FALSE
"chr3L",19817745,19818255,511,"*",22.3561649,0,FALSE,"Promoter-proximal peak (non-annotated)",FALSE,FALSE
"chr3L",20302072,20302511,440,"*",23.1030693,0,FALSE,"Promoter-proximal peak (non-annotated)",FALSE,FALSE
"chr3L",20444785,20445176,392,"*",20.4590569,0,FALSE,"Promoter-proximal peak (non-annotated)",TRUE,FALSE
"chr3L",20508136,20508570,435,"*",25.0036106,1116,FALSE,"Distal peak (non-annotated)",TRUE,FALSE
"chr3L",20778177,20778534,358,"*",23.6293335,0,FALSE,"Promoter-proximal peak (non-annotated)",TRUE,FALSE
"chr3L",20798410,20798761,352,"*",41.2869301,0,FALSE,"Promoter-proximal peak (non-annotated)",FALSE,FALSE
"chr3L",21031296,21031910,615,"*",25.7751579,0,FALSE,"Promoter-proximal peak (non-annotated)",FALSE,FALSE
"chr3L",21037375,21037685,311,"*",24.2694435,2839,TRUE,"Distal enhancer (annotated)",TRUE,TRUE
"chr3L",21172462,21172763,302,"*",25.8211918,89,FALSE,"Promoter-proximal peak (non-annotated)",FALSE,FALSE
"chr3L",21304375,21304778,404,"*",40,0,FALSE,"Promoter-proximal peak (non-annotated)",FALSE,FALSE
"chr3L",21433161,21433484,324,"*",25.0061722,0,FALSE,"Promoter-proximal peak (non-annotated)",FALSE,FALSE
"chr3L",21652864,21653126,263,"*",25.4403973,5095,TRUE,"Distal enhancer (annotated)",TRUE,FALSE
"chr3L",21679750,21680020,271,"*",21.3258057,0,FALSE,"Promoter-proximal peak (non-annotated)",FALSE,FALSE
"chr3L",21728613,21728977,365,"*",31.4214287,0,FALSE,"Promoter-proximal peak (non-annotated)",TRUE,FALSE
"chr3L",21828223,21828519,297,"*",20.6160221,0,FALSE,"Promoter-proximal peak (non-annotated)",FALSE,FALSE
"chr3L",21840096,21840606,511,"*",29.7592964,0,TRUE,"Promoter-proximal enhancer (annotated)",TRUE,FALSE
"chr3L",21880324,21880703,380,"*",37.6605263,746,TRUE,"Promoter-proximal enhancer (annotated)",FALSE,FALSE
"chr3L",22075836,22076289,454,"*",27.8895702,0,FALSE,"Promoter-proximal peak (non-annotated)",FALSE,FALSE
"chr3L",22288297,22288716,420,"*",29.583334,0,FALSE,"Promoter-proximal peak (non-annotated)",TRUE,TRUE
"chr3L",22878694,22879264,571,"*",44.0547752,0,FALSE,"Promoter-proximal peak (non-annotated)",FALSE,FALSE
"chr3R",4395137,4395522,386,"*",21.7770958,26,FALSE,"Promoter-proximal peak (non-annotated)",TRUE,FALSE
"chr3R",5113032,5113475,444,"*",31.9688644,3853,TRUE,"Distal enhancer (annotated)",FALSE,TRUE
"chr3R",5232205,5232505,301,"*",23.0631237,0,FALSE,"Promoter-proximal peak (non-annotated)",FALSE,FALSE
"chr3R",5371618,5371860,243,"*",29.1560688,0,FALSE,"Promoter-proximal peak (non-annotated)",FALSE,FALSE
"chr3R",5485257,5485616,360,"*",19.75,0,FALSE,"Promoter-proximal peak (non-annotated)",FALSE,FALSE
"chr3R",5669259,5669696,438,"*",31.843401,0,FALSE,"Promoter-proximal peak (non-annotated)",FALSE,FALSE
"chr3R",5788963,5789541,579,"*",25.3056908,0,FALSE,"Promoter-proximal peak (non-annotated)",FALSE,FALSE
"chr3R",5791438,5791954,517,"*",35.4799995,0,FALSE,"Promoter-proximal peak (non-annotated)",FALSE,FALSE
"chr3R",6759422,6759831,410,"*",24.8261852,0,FALSE,"Promoter-proximal peak (non-annotated)",FALSE,FALSE
"chr3R",6920035,6920329,295,"*",17.7180042,12510,TRUE,"Distal enhancer (annotated)",FALSE,TRUE
"chr3R",7066976,7067475,500,"*",31.2190819,0,FALSE,"Promoter-proximal peak (non-annotated)",TRUE,FALSE
"chr3R",7127980,7128336,357,"*",28.2369137,0,FALSE,"Promoter-proximal peak (non-annotated)",FALSE,FALSE
"chr3R",7346495,7346863,369,"*",25.818428,0,FALSE,"Promoter-proximal peak (non-annotated)",FALSE,TRUE
"chr3R",7506263,7506663,401,"*",21.7014217,1164,FALSE,"Distal peak (non-annotated)",FALSE,TRUE
"chr3R",7810108,7810566,459,"*",34.7930298,0,FALSE,"Promoter-proximal peak (non-annotated)",TRUE,FALSE
"chr3R",8001257,8001669,413,"*",29.6812496,0,FALSE,"Promoter-proximal peak (non-annotated)",FALSE,FALSE
"chr3R",8334068,8334483,416,"*",25.28125,275,TRUE,"Promoter-proximal enhancer (annotated)",FALSE,FALSE
"chr3R",8650730,8651221,492,"*",41.6358376,0,FALSE,"Promoter-proximal peak (non-annotated)",FALSE,FALSE
"chr3R",8669164,8669783,620,"*",34.7112885,0,FALSE,"Promoter-proximal peak (non-annotated)",TRUE,FALSE
"chr3R",8731659,8732170,512,"*",23.166666,0,FALSE,"Promoter-proximal peak (non-annotated)",FALSE,FALSE
"chr3R",8992956,8993232,277,"*",23.7003613,6,FALSE,"Promoter-proximal peak (non-annotated)",FALSE,FALSE
"chr3R",9399953,9400305,353,"*",24.3086739,0,FALSE,"Promoter-proximal peak (non-annotated)",TRUE,FALSE
"chr3R",9401133,9401547,415,"*",37.8795166,0,FALSE,"Promoter-proximal peak (non-annotated)",TRUE,FALSE
"chr3R",9577542,9578103,562,"*",29.6296291,0,FALSE,"Promoter-proximal peak (non-annotated)",TRUE,FALSE
"chr3R",9771490,9772012,523,"*",23.4090061,0,FALSE,"Promoter-proximal peak (non-annotated)",FALSE,FALSE
"chr3R",10170446,10170825,380,"*",26.4342098,0,FALSE,"Promoter-proximal peak (non-annotated)",TRUE,FALSE
"chr3R",10415992,10416267,276,"*",23.3527393,0,FALSE,"Promoter-proximal peak (non-annotated)",TRUE,FALSE
"chr3R",10597629,10598033,405,"*",26.7209873,16242,TRUE,"Distal enhancer (annotated)",FALSE,FALSE
"chr3R",10760953,10761262,310,"*",31.4907589,0,FALSE,"Promoter-proximal peak (non-annotated)",FALSE,FALSE
"chr3R",10849432,10849868,437,"*",28.6577053,0,FALSE,"Promoter-proximal peak (non-annotated)",FALSE,FALSE
"chr3R",11216133,11216577,445,"*",30.1345749,0,FALSE,"Promoter-proximal peak (non-annotated)",FALSE,FALSE
"chr3R",11226466,11226840,375,"*",31.6186256,0,FALSE,"Promoter-proximal peak (non-annotated)",FALSE,FALSE
"chr3R",11409793,11410174,382,"*",24.1099472,0,FALSE,"Promoter-proximal peak (non-annotated)",FALSE,FALSE
"chr3R",11421742,11422108,367,"*",34.5702934,0,FALSE,"Promoter-proximal peak (non-annotated)",TRUE,FALSE
"chr3R",11557506,11557865,360,"*",23.7972221,0,FALSE,"Promoter-proximal peak (non-annotated)",FALSE,FALSE
"chr3R",11562099,11562916,818,"*",26.6925793,0,FALSE,"Promoter-proximal peak (non-annotated)",TRUE,TRUE
"chr3R",11649497,11649842,346,"*",32.0289001,863,TRUE,"Promoter-proximal enhancer (annotated)",FALSE,FALSE
"chr3R",11655798,11656296,499,"*",29.4425964,0,FALSE,"Promoter-proximal peak (non-annotated)",TRUE,FALSE
"chr3R",11656651,11657046,396,"*",33.3308067,501,FALSE,"Promoter-proximal peak (non-annotated)",TRUE,TRUE
"chr3R",11678106,11678412,307,"*",28.192215,0,FALSE,"Promoter-proximal peak (non-annotated)",TRUE,FALSE
"chr3R",11849600,11850006,407,"*",25.6659927,19453,TRUE,"Distal enhancer (annotated)",FALSE,TRUE
"chr3R",12121197,12121563,367,"*",32.2813225,6637,FALSE,"Distal peak (non-annotated)",TRUE,FALSE
"chr3R",12402969,12403302,334,"*",34.452095,1129,FALSE,"Distal peak (non-annotated)",TRUE,FALSE
"chr3R",12448952,12449388,437,"*",44.0809898,0,FALSE,"Promoter-proximal peak (non-annotated)",FALSE,FALSE
"chr3R",13915670,13916037,368,"*",19.855978,13816,TRUE,"Distal enhancer (annotated)",TRUE,FALSE
"chr3R",14108496,14108987,492,"*",25.560976,174,FALSE,"Promoter-proximal peak (non-annotated)",TRUE,TRUE
"chr3R",14125470,14125852,383,"*",29.4438648,0,FALSE,"Promoter-proximal peak (non-annotated)",FALSE,FALSE
"chr3R",14373188,14373616,429,"*",23.9275055,236,TRUE,"Promoter-proximal enhancer (annotated)",FALSE,TRUE
"chr3R",14382620,14382973,354,"*",20.4187336,920,TRUE,"Promoter-proximal enhancer (annotated)",FALSE,TRUE
"chr3R",15087554,15087956,403,"*",22.3374691,7674,TRUE,"Distal enhancer (annotated)",FALSE,TRUE
"chr3R",15196108,15196918,811,"*",22.8421707,0,FALSE,"Promoter-proximal peak (non-annotated)",TRUE,FALSE
"chr3R",15218924,15219284,361,"*",22.9639893,0,FALSE,"Promoter-proximal peak (non-annotated)",FALSE,FALSE
"chr3R",15229294,15229748,455,"*",55.2461548,0,FALSE,"Promoter-proximal peak (non-annotated)",TRUE,FALSE
"chr3R",15275101,15275551,451,"*",34.8713951,0,FALSE,"Promoter-proximal peak (non-annotated)",FALSE,FALSE
"chr3R",16097691,16097952,262,"*",25.3549614,808,FALSE,"Promoter-proximal peak (non-annotated)",TRUE,FALSE
"chr3R",16280526,16280979,454,"*",49.0704842,0,TRUE,"Promoter-proximal enhancer (annotated)",TRUE,TRUE
"chr3R",16442934,16443290,357,"*",23.2247715,0,FALSE,"Promoter-proximal peak (non-annotated)",FALSE,FALSE
"chr3R",16448685,16449659,975,"*",31.2256413,4161,TRUE,"Distal enhancer (annotated)",FALSE,TRUE
"chr3R",16497351,16497779,429,"*",23.6843185,1179,FALSE,"Distal peak (non-annotated)",FALSE,TRUE
"chr3R",17391304,17391900,597,"*",30.5553837,0,FALSE,"Promoter-proximal peak (non-annotated)",FALSE,FALSE
"chr3R",18125069,18125364,296,"*",23.5533981,3007,TRUE,"Distal enhancer (annotated)",FALSE,FALSE
"chr3R",18172225,18172667,443,"*",20.3157902,176,FALSE,"Promoter-proximal peak (non-annotated)",FALSE,TRUE
"chr3R",18188633,18189164,532,"*",28.2472916,0,FALSE,"Promoter-proximal peak (non-annotated)",TRUE,FALSE
"chr3R",18220206,18220579,374,"*",34.6913261,0,FALSE,"Promoter-proximal peak (non-annotated)",FALSE,FALSE
"chr3R",18397020,18397463,444,"*",33.227478,24,FALSE,"Promoter-proximal peak (non-annotated)",FALSE,FALSE
"chr3R",18402648,18403247,600,"*",32.7245216,0,FALSE,"Promoter-proximal peak (non-annotated)",TRUE,TRUE
"chr3R",18659217,18659609,393,"*",24.8212929,0,FALSE,"Promoter-proximal peak (non-annotated)",FALSE,FALSE
"chr3R",18719812,18720154,343,"*",21.6501465,188,TRUE,"Promoter-proximal enhancer (annotated)",FALSE,TRUE
"chr3R",18741571,18742059,489,"*",26.2148151,1474,TRUE,"Distal enhancer (annotated)",FALSE,FALSE
"chr3R",18758872,18759187,316,"*",19.5983829,0,FALSE,"Promoter-proximal peak (non-annotated)",TRUE,FALSE
"chr3R",19162111,19162528,418,"*",22.2129192,0,FALSE,"Promoter-proximal peak (non-annotated)",TRUE,FALSE
"chr3R",19460661,19461035,375,"*",21.05937,49,FALSE,"Promoter-proximal peak (non-annotated)",FALSE,FALSE
"chr3R",19499102,19499411,310,"*",29.4419346,4379,TRUE,"Distal enhancer (annotated)",FALSE,TRUE
"chr3R",19908854,19909184,331,"*",20.2054386,1133,FALSE,"Distal peak (non-annotated)",FALSE,FALSE
"chr3R",20035861,20036327,467,"*",32.4025688,0,FALSE,"Promoter-proximal peak (non-annotated)",TRUE,FALSE
"chr3R",20821835,20822220,386,"*",30.7383423,0,FALSE,"Promoter-proximal peak (non-annotated)",TRUE,FALSE
"chr3R",21097741,21098093,353,"*",20.9348583,0,FALSE,"Promoter-proximal peak (non-annotated)",FALSE,FALSE
"chr3R",21365240,21365614,375,"*",33.2879982,0,FALSE,"Promoter-proximal peak (non-annotated)",FALSE,FALSE
"chr3R",21520220,21520549,330,"*",24.7291069,378,FALSE,"Promoter-proximal peak (non-annotated)",TRUE,FALSE
"chr3R",21870280,21870696,417,"*",35.657074,0,TRUE,"Promoter-proximal enhancer (annotated)",FALSE,TRUE
"chr3R",22027240,22027781,542,"*",25.3394833,0,FALSE,"Promoter-proximal peak (non-annotated)",FALSE,FALSE
"chr3R",22362594,22362945,352,"*",30.125,0,FALSE,"Promoter-proximal peak (non-annotated)",FALSE,FALSE
"chr3R",23280929,23281289,361,"*",32.0775604,0,FALSE,"Promoter-proximal peak (non-annotated)",FALSE,FALSE
"chr3R",23326353,23326646,294,"*",23.3746319,7156,TRUE,"Distal enhancer (annotated)",FALSE,TRUE
"chr3R",23646227,23646564,338,"*",20.9082832,23094,FALSE,"Distal peak (non-annotated)",FALSE,FALSE
"chr3R",23678556,23678969,414,"*",25.2330952,0,FALSE,"Promoter-proximal peak (non-annotated)",FALSE,FALSE
"chr3R",23757881,23758431,551,"*",37.8214302,0,FALSE,"Promoter-proximal peak (non-annotated)",TRUE,FALSE
"chr3R",23772807,23773230,424,"*",20.804245,0,FALSE,"Promoter-proximal peak (non-annotated)",FALSE,FALSE
"chr3R",24109081,24109420,340,"*",38.817646,0,FALSE,"Promoter-proximal peak (non-annotated)",FALSE,FALSE
"chr3R",24141050,24141366,317,"*",21.6309147,28,FALSE,"Promoter-proximal peak (non-annotated)",FALSE,FALSE
"chr3R",24151827,24152440,614,"*",23.799675,0,FALSE,"Promoter-proximal peak (non-annotated)",FALSE,FALSE
"chr3R",24161453,24161826,374,"*",21.7142849,0,FALSE,"Promoter-proximal peak (non-annotated)",FALSE,FALSE
"chr3R",24193409,24193883,475,"*",24.7302914,0,FALSE,"Promoter-proximal peak (non-annotated)",FALSE,FALSE
"chr3R",24295927,24296224,298,"*",25.7223873,848,FALSE,"Promoter-proximal peak (non-annotated)",FALSE,FALSE
"chr3R",24768807,24769217,411,"*",32.6722107,133,FALSE,"Promoter-proximal peak (non-annotated)",FALSE,TRUE
"chr3R",24787282,24787641,360,"*",26.0771141,0,FALSE,"Promoter-proximal peak (non-annotated)",FALSE,FALSE
"chr3R",24876591,24876870,280,"*",30.9107151,0,FALSE,"Promoter-proximal peak (non-annotated)",FALSE,FALSE
"chr3R",25024959,25025298,340,"*",36.299736,0,FALSE,"Promoter-proximal peak (non-annotated)",TRUE,TRUE
"chr3R",25258584,25259071,488,"*",39.4672127,0,FALSE,"Promoter-proximal peak (non-annotated)",TRUE,TRUE
"chr3R",25472836,25473581,746,"*",38.3806953,0,FALSE,"Promoter-proximal peak (non-annotated)",FALSE,FALSE
"chr3R",25646873,25647258,386,"*",27.4663219,0,FALSE,"Promoter-proximal peak (non-annotated)",FALSE,FALSE
"chr3R",25680547,25680925,379,"*",33.0105553,0,FALSE,"Promoter-proximal peak (non-annotated)",FALSE,FALSE
"chr3R",25738002,25738417,416,"*",24.5583515,0,FALSE,"Promoter-proximal peak (non-annotated)",FALSE,TRUE
"chr3R",26436643,26436905,263,"*",18.7566547,3872,TRUE,"Distal enhancer (annotated)",FALSE,TRUE
"chr3R",26714193,26714609,417,"*",32.0455627,33,FALSE,"Promoter-proximal peak (non-annotated)",FALSE,FALSE
"chr3R",27112257,27112611,355,"*",29.875,0,FALSE,"Promoter-proximal peak (non-annotated)",TRUE,FALSE
"chr3R",27281067,27281366,300,"*",29.7817593,36,FALSE,"Promoter-proximal peak (non-annotated)",FALSE,FALSE
"chr3R",28672250,28672578,329,"*",29.0302124,1545,TRUE,"Distal enhancer (annotated)",FALSE,FALSE
"chr3R",28880114,28880414,301,"*",20.2757473,0,FALSE,"Promoter-proximal peak (non-annotated)",FALSE,TRUE
"chr3R",29112783,29113147,365,"*",22.6376476,0,FALSE,"Promoter-proximal peak (non-annotated)",FALSE,FALSE
"chr3R",29214244,29214657,414,"*",38.5305252,0,FALSE,"Promoter-proximal peak (non-annotated)",TRUE,FALSE
"chr3R",29219938,29220309,372,"*",30.7647057,0,FALSE,"Promoter-proximal peak (non-annotated)",FALSE,FALSE
"chr3R",29618517,29619147,631,"*",28.2667675,0,FALSE,"Promoter-proximal peak (non-annotated)",TRUE,FALSE
"chr3R",30043162,30043518,357,"*",25.2963715,0,FALSE,"Promoter-proximal peak (non-annotated)",FALSE,FALSE
"chr3R",30056606,30056938,333,"*",24.6766911,0,FALSE,"Promoter-proximal peak (non-annotated)",FALSE,FALSE
"chr3R",30189889,30190163,275,"*",20.727272,908,FALSE,"Promoter-proximal peak (non-annotated)",FALSE,TRUE
"chr3R",30203116,30203569,454,"*",20.3942738,117,TRUE,"Promoter-proximal enhancer (annotated)",TRUE,FALSE
"chr3R",30295997,30296272,276,"*",23.7959175,10364,FALSE,"Distal peak (non-annotated)",TRUE,FALSE
"chr3R",30570604,30570867,264,"*",18.6059608,289,FALSE,"Promoter-proximal peak (non-annotated)",FALSE,TRUE
"chr3R",30781626,30782185,560,"*",28.2821426,1072,FALSE,"Distal peak (non-annotated)",FALSE,FALSE
"chr3R",30817281,30817618,338,"*",27.3047333,0,FALSE,"Promoter-proximal peak (non-annotated)",FALSE,TRUE
"chr3R",31384029,31384409,381,"*",32.2720757,0,FALSE,"Promoter-proximal peak (non-annotated)",TRUE,TRUE
"chr3R",31404404,31405034,631,"*",36.2283287,0,FALSE,"Promoter-proximal peak (non-annotated)",FALSE,FALSE
"chr3R",31588339,31588829,491,"*",34.2118111,0,FALSE,"Promoter-proximal peak (non-annotated)",FALSE,FALSE
"chr3R",31592573,31592853,281,"*",21.298933,0,FALSE,"Promoter-proximal peak (non-annotated)",FALSE,TRUE
"chr3R",31615972,31616419,448,"*",38.5028267,0,FALSE,"Promoter-proximal peak (non-annotated)",FALSE,FALSE
"chr3R",31776593,31777079,487,"*",22.7166328,0,FALSE,"Promoter-proximal peak (non-annotated)",FALSE,TRUE
"chr4",67066,67459,394,"*",22.9940948,0,FALSE,"Promoter-proximal peak (non-annotated)",TRUE,FALSE
"chr4",424635,424962,328,"*",32.4685707,1104,TRUE,"Distal enhancer (annotated)",FALSE,FALSE
"chr4",1027034,1027436,403,"*",22.6528111,0,FALSE,"Promoter-proximal peak (non-annotated)",FALSE,FALSE
"chrX",493801,494264,464,"*",36.7971306,305,FALSE,"Promoter-proximal peak (non-annotated)",FALSE,FALSE
"chrX",522484,522793,310,"*",27.9709682,432,TRUE,"Promoter-proximal enhancer (annotated)",FALSE,FALSE
"chrX",523307,523691,385,"*",40.3038979,80,FALSE,"Promoter-proximal peak (non-annotated)",TRUE,FALSE
"chrX",686438,686762,325,"*",26.9938469,71,FALSE,"Promoter-proximal peak (non-annotated)",TRUE,FALSE
"chrX",764932,765372,441,"*",24.9445438,0,FALSE,"Promoter-proximal peak (non-annotated)",FALSE,FALSE
"chrX",935087,935551,465,"*",33.2279587,0,FALSE,"Promoter-proximal peak (non-annotated)",FALSE,FALSE
"chrX",1275268,1275775,508,"*",37.6070023,0,TRUE,"Promoter-proximal enhancer (annotated)",FALSE,FALSE
"chrX",1276906,1277424,519,"*",21.0857143,1621,TRUE,"Distal enhancer (annotated)",FALSE,FALSE
"chrX",1669230,1669522,293,"*",19.9283276,0,FALSE,"Promoter-proximal peak (non-annotated)",FALSE,FALSE
"chrX",1830398,1831366,969,"*",33.1816292,0,FALSE,"Promoter-proximal peak (non-annotated)",TRUE,TRUE
"chrX",1861762,1862141,380,"*",21.6815796,0,FALSE,"Promoter-proximal peak (non-annotated)",FALSE,TRUE
"chrX",1940000,1940430,431,"*",18.0140572,0,FALSE,"Promoter-proximal peak (non-annotated)",TRUE,FALSE
"chrX",1947578,1947925,348,"*",33.8448257,5637,TRUE,"Distal enhancer (annotated)",FALSE,FALSE
"chrX",1951785,1952082,298,"*",26.6778526,9844,TRUE,"Distal enhancer (annotated)",FALSE,FALSE
"chrX",1963781,1964075,295,"*",29.7525425,21840,TRUE,"Distal enhancer (annotated)",FALSE,FALSE
"chrX",2137655,2138225,571,"*",39.9422073,145,FALSE,"Promoter-proximal peak (non-annotated)",FALSE,FALSE
"chrX",2296107,2296551,445,"*",26.2988758,640,TRUE,"Promoter-proximal enhancer (annotated)",TRUE,FALSE
"chrX",2297539,2297917,379,"*",40.923481,2072,TRUE,"Distal enhancer (annotated)",FALSE,FALSE
"chrX",2300566,2300928,363,"*",30.4931126,5099,TRUE,"Distal enhancer (annotated)",FALSE,FALSE
"chrX",2302163,2302467,305,"*",17.7540989,6696,TRUE,"Distal enhancer (annotated)",FALSE,FALSE
"chrX",2593799,2594130,332,"*",21.0950127,221,FALSE,"Promoter-proximal peak (non-annotated)",FALSE,FALSE
"chrX",2646093,2646674,582,"*",29.1938629,0,FALSE,"Promoter-proximal peak (non-annotated)",FALSE,FALSE
"chrX",2703681,2704118,438,"*",50.7926826,0,FALSE,"Promoter-proximal peak (non-annotated)",TRUE,FALSE
"chrX",2786608,2786949,342,"*",24.2579708,2372,TRUE,"Distal enhancer (annotated)",FALSE,TRUE
"chrX",2919816,2920077,262,"*",16.4389305,41,FALSE,"Promoter-proximal peak (non-annotated)",TRUE,TRUE
"chrX",3025543,3025838,296,"*",18.5202694,36491,TRUE,"Distal enhancer (annotated)",FALSE,TRUE
"chrX",3097057,3097426,370,"*",21.9331894,2123,TRUE,"Distal enhancer (annotated)",FALSE,TRUE
"chrX",3255482,3256213,732,"*",16.636467,0,FALSE,"Promoter-proximal peak (non-annotated)",TRUE,FALSE
"chrX",3294767,3295185,419,"*",33.2008629,95,FALSE,"Promoter-proximal peak (non-annotated)",FALSE,TRUE
"chrX",3546176,3546499,324,"*",17.1000004,65,TRUE,"Promoter-proximal enhancer (annotated)",FALSE,FALSE
"chrX",3774282,3774602,321,"*",24.0809975,1456,TRUE,"Distal enhancer (annotated)",FALSE,FALSE
"chrX",3838655,3838940,286,"*",16.7322025,2574,FALSE,"Distal peak (non-annotated)",FALSE,TRUE
"chrX",3868519,3868864,346,"*",19.9046249,108,FALSE,"Promoter-proximal peak (non-annotated)",FALSE,TRUE
"chrX",4666796,4667288,493,"*",33.39394,95,FALSE,"Promoter-proximal peak (non-annotated)",FALSE,FALSE
"chrX",4684663,4684983,321,"*",23.4922123,1919,TRUE,"Distal enhancer (annotated)",FALSE,FALSE
"chrX",4906680,4906961,282,"*",19.5886078,0,FALSE,"Promoter-proximal peak (non-annotated)",FALSE,FALSE
"chrX",4909964,4910587,624,"*",44.4535255,861,FALSE,"Promoter-proximal peak (non-annotated)",FALSE,FALSE
"chrX",4939810,4940159,350,"*",29.1105766,228,FALSE,"Promoter-proximal peak (non-annotated)",FALSE,FALSE
"chrX",5046599,5046939,341,"*",18.6480942,1333,TRUE,"Distal enhancer (annotated)",TRUE,TRUE
"chrX",5419288,5419725,438,"*",19.7716904,191,FALSE,"Promoter-proximal peak (non-annotated)",TRUE,FALSE
"chrX",5705848,5706204,357,"*",21.8795509,6660,TRUE,"Distal enhancer (annotated)",FALSE,TRUE
"chrX",5900025,5900640,616,"*",29.8879871,35,FALSE,"Promoter-proximal peak (non-annotated)",FALSE,TRUE
"chrX",5918712,5919099,388,"*",38.5180397,1551,TRUE,"Distal enhancer (annotated)",FALSE,FALSE
"chrX",6000916,6001289,374,"*",16.4411774,118,FALSE,"Promoter-proximal peak (non-annotated)",FALSE,TRUE
"chrX",6031667,6032124,458,"*",17.7270737,5137,TRUE,"Distal enhancer (annotated)",FALSE,TRUE
"chrX",6074915,6075255,341,"*",16.2961884,57,FALSE,"Promoter-proximal peak (non-annotated)",TRUE,TRUE
"chrX",6097637,6097937,301,"*",20.9634552,3050,TRUE,"Distal enhancer (annotated)",FALSE,FALSE
"chrX",6193225,6193545,321,"*",14.8753891,741,TRUE,"Promoter-proximal enhancer (annotated)",FALSE,FALSE
"chrX",6353471,6353919,449,"*",21.2650337,1188,TRUE,"Distal enhancer (annotated)",FALSE,TRUE
"chrX",6366347,6366656,310,"*",24.4464283,397,FALSE,"Promoter-proximal peak (non-annotated)",TRUE,FALSE
"chrX",6549700,6550085,386,"*",23.0984459,3580,TRUE,"Distal enhancer (annotated)",FALSE,TRUE
"chrX",6601848,6602171,324,"*",25.8888893,153,TRUE,"Promoter-proximal enhancer (annotated)",FALSE,FALSE
"chrX",6679219,6679542,324,"*",28.2006168,97,FALSE,"Promoter-proximal peak (non-annotated)",FALSE,FALSE
"chrX",6770985,6771316,332,"*",25.5,0,FALSE,"Promoter-proximal peak (non-annotated)",TRUE,FALSE
"chrX",6794225,6794533,309,"*",20.5501614,854,TRUE,"Promoter-proximal enhancer (annotated)",TRUE,FALSE
"chrX",6849543,6849783,241,"*",17.5892124,0,FALSE,"Promoter-proximal peak (non-annotated)",FALSE,FALSE
"chrX",6852607,6852929,323,"*",27.7924538,0,FALSE,"Promoter-proximal peak (non-annotated)",FALSE,FALSE
"chrX",6863132,6863557,426,"*",26.3430958,330,FALSE,"Promoter-proximal peak (non-annotated)",FALSE,FALSE
"chrX",6969254,6969615,362,"*",26.7330093,302,FALSE,"Promoter-proximal peak (non-annotated)",FALSE,FALSE
"chrX",7011113,7011403,291,"*",24.3484421,0,FALSE,"Promoter-proximal peak (non-annotated)",FALSE,FALSE
"chrX",7324672,7325352,681,"*",27.3759174,457,FALSE,"Promoter-proximal peak (non-annotated)",FALSE,FALSE
"chrX",7618230,7618549,320,"*",20.8134556,9081,TRUE,"Distal enhancer (annotated)",FALSE,FALSE
"chrX",7698190,7698676,487,"*",26.5709095,1485,TRUE,"Distal enhancer (annotated)",FALSE,TRUE
"chrX",7708914,7709492,579,"*",22.5051727,0,FALSE,"Promoter-proximal peak (non-annotated)",FALSE,FALSE
"chrX",7734392,7734826,435,"*",22.1425285,0,FALSE,"Promoter-proximal peak (non-annotated)",TRUE,FALSE
"chrX",7972381,7972757,377,"*",19.4410477,2677,TRUE,"Distal enhancer (annotated)",FALSE,FALSE
"chrX",8092242,8092654,413,"*",22.1767559,128,FALSE,"Promoter-proximal peak (non-annotated)",FALSE,TRUE
"chrX",8464393,8464742,350,"*",24.5114288,0,FALSE,"Promoter-proximal peak (non-annotated)",FALSE,FALSE
"chrX",8538169,8538515,347,"*",18.4555264,8470,TRUE,"Distal enhancer (annotated)",FALSE,TRUE
"chrX",8656631,8656887,257,"*",18.6420231,5949,TRUE,"Distal enhancer (annotated)",TRUE,TRUE
"chrX",8681229,8681580,352,"*",25.37784,0,FALSE,"Promoter-proximal peak (non-annotated)",TRUE,FALSE
"chrX",8709294,8709566,273,"*",24.2161179,85,FALSE,"Promoter-proximal peak (non-annotated)",TRUE,TRUE
"chrX",8896112,8896459,348,"*",29.0651627,1540,FALSE,"Distal peak (non-annotated)",FALSE,FALSE
"chrX",9081003,9081323,321,"*",18.4475136,0,FALSE,"Promoter-proximal peak (non-annotated)",TRUE,FALSE
"chrX",9196362,9196669,308,"*",24.3831177,0,FALSE,"Promoter-proximal peak (non-annotated)",FALSE,FALSE
"chrX",9352120,9352513,394,"*",23.6704807,3713,TRUE,"Distal enhancer (annotated)",FALSE,TRUE
"chrX",9486869,9487145,277,"*",20.2599277,8753,TRUE,"Distal enhancer (annotated)",FALSE,TRUE
"chrX",9553630,9554789,1160,"*",24.6293106,0,FALSE,"Promoter-proximal peak (non-annotated)",TRUE,FALSE
"chrX",9579086,9579443,358,"*",43.0474854,543,TRUE,"Promoter-proximal enhancer (annotated)",FALSE,FALSE
"chrX",9579926,9580467,542,"*",21.0469265,0,FALSE,"Promoter-proximal peak (non-annotated)",TRUE,FALSE
"chrX",9600080,9600477,398,"*",21.3693466,552,TRUE,"Promoter-proximal enhancer (annotated)",TRUE,FALSE
"chrX",9645926,9646284,359,"*",31.4401112,0,FALSE,"Promoter-proximal peak (non-annotated)",TRUE,TRUE
"chrX",9876003,9876283,281,"*",16.0284691,388,FALSE,"Promoter-proximal peak (non-annotated)",FALSE,FALSE
"chrX",10088361,10088630,270,"*",18.4712639,1833,TRUE,"Distal enhancer (annotated)",FALSE,FALSE
"chrX",10265313,10266217,905,"*",22.6055241,49,FALSE,"Promoter-proximal peak (non-annotated)",FALSE,TRUE
"chrX",10832449,10832730,282,"*",21.7899151,4748,FALSE,"Distal peak (non-annotated)",TRUE,FALSE
"chrX",11351381,11351722,342,"*",27.2485371,772,FALSE,"Promoter-proximal peak (non-annotated)",TRUE,FALSE
"chrX",11423249,11423575,327,"*",23.2415905,381,FALSE,"Promoter-proximal peak (non-annotated)",TRUE,TRUE
"chrX",11576643,11576891,249,"*",17.5542164,0,FALSE,"Promoter-proximal peak (non-annotated)",FALSE,FALSE
"chrX",11818412,11818744,333,"*",28.2312317,74,TRUE,"Promoter-proximal enhancer (annotated)",FALSE,FALSE
"chrX",11915101,11915504,404,"*",19.0594063,1755,TRUE,"Distal enhancer (annotated)",FALSE,TRUE
"chrX",12472212,12472656,445,"*",25.9842701,547,FALSE,"Promoter-proximal peak (non-annotated)",FALSE,TRUE
"chrX",12666418,12666799,382,"*",29.7317638,1200,TRUE,"Distal enhancer (annotated)",TRUE,TRUE
"chrX",13099956,13100330,375,"*",18.8586674,5487,TRUE,"Distal enhancer (annotated)",FALSE,FALSE
"chrX",13131166,13131530,365,"*",39.3178101,0,FALSE,"Promoter-proximal peak (non-annotated)",FALSE,FALSE
"chrX",13616694,13617012,319,"*",18.9143581,0,FALSE,"Promoter-proximal peak (non-annotated)",FALSE,FALSE
"chrX",14217970,14218332,363,"*",23.5111656,5554,TRUE,"Distal enhancer (annotated)",FALSE,TRUE
"chrX",14237979,14238400,422,"*",24.957346,0,FALSE,"Promoter-proximal peak (non-annotated)",TRUE,FALSE
"chrX",14689168,14689439,272,"*",18.2095585,9599,FALSE,"Distal peak (non-annotated)",TRUE,FALSE
"chrX",15021038,15021408,371,"*",21.5929928,3027,TRUE,"Distal enhancer (annotated)",TRUE,TRUE
"chrX",15549081,15549416,336,"*",16.4159298,1340,TRUE,"Distal enhancer (annotated)",FALSE,TRUE
"chrX",15554218,15554644,427,"*",23.4847775,0,FALSE,"Promoter-proximal peak (non-annotated)",TRUE,FALSE
"chrX",15579628,15579947,320,"*",24.354929,1422,FALSE,"Distal peak (non-annotated)",TRUE,FALSE
"chrX",15619180,15619775,596,"*",18.6049004,6764,TRUE,"Distal enhancer (annotated)",FALSE,TRUE
"chrX",15867781,15868197,417,"*",35.151329,0,FALSE,"Promoter-proximal peak (non-annotated)",TRUE,FALSE
"chrX",16278818,16279211,394,"*",17.0939083,238,FALSE,"Promoter-proximal peak (non-annotated)",TRUE,FALSE
"chrX",16335122,16335518,397,"*",19.0794468,665,FALSE,"Promoter-proximal peak (non-annotated)",TRUE,FALSE
"chrX",16359015,16359337,323,"*",26.4789162,0,FALSE,"Promoter-proximal peak (non-annotated)",FALSE,FALSE
"chrX",16404066,16404379,314,"*",19.020895,366,FALSE,"Promoter-proximal peak (non-annotated)",FALSE,FALSE
"chrX",16691441,16691790,350,"*",23.4880009,3353,FALSE,"Distal peak (non-annotated)",FALSE,FALSE
"chrX",16811224,16811554,331,"*",21.6527786,144,FALSE,"Promoter-proximal peak (non-annotated)",TRUE,FALSE
"chrX",17129690,17130380,691,"*",20.1284981,42,FALSE,"Promoter-proximal peak (non-annotated)",FALSE,TRUE
"chrX",17595813,17596114,302,"*",22.2847691,3493,FALSE,"Distal peak (non-annotated)",FALSE,FALSE
"chrX",17631986,17632314,329,"*",28.2127666,0,FALSE,"Promoter-proximal peak (non-annotated)",FALSE,FALSE
"chrX",17702746,17703053,308,"*",27.0226631,0,FALSE,"Promoter-proximal peak (non-annotated)",FALSE,FALSE
"chrX",17844643,17845050,408,"*",26.8056202,0,FALSE,"Promoter-proximal peak (non-annotated)",FALSE,TRUE
"chrX",18085320,18085786,467,"*",19.2932034,0,FALSE,"Promoter-proximal peak (non-annotated)",FALSE,FALSE
"chrX",18092817,18093168,352,"*",25.2939568,0,FALSE,"Promoter-proximal peak (non-annotated)",FALSE,FALSE
"chrX",18848526,18849119,594,"*",22.4124584,0,FALSE,"Promoter-proximal peak (non-annotated)",FALSE,FALSE
"chrX",19018123,19018419,297,"*",18.2298145,32022,TRUE,"Distal enhancer (annotated)",FALSE,TRUE
"chrX",19154968,19155339,372,"*",18.9838715,1509,FALSE,"Distal peak (non-annotated)",FALSE,FALSE
"chrX",19155986,19156365,380,"*",18.8184204,1835,TRUE,"Distal enhancer (annotated)",FALSE,TRUE
"chrX",19289321,19289686,366,"*",25.1420765,4519,TRUE,"Distal enhancer (annotated)",FALSE,FALSE
"chrX",19298084,19298589,506,"*",29.486166,0,FALSE,"Promoter-proximal peak (non-annotated)",FALSE,FALSE
"chrX",19668438,19668787,350,"*",35.5328102,691,TRUE,"Promoter-proximal enhancer (annotated)",FALSE,FALSE
"chrX",19846894,19847325,432,"*",30.4652786,1152,TRUE,"Distal enhancer (annotated)",TRUE,FALSE
"chrX",19848433,19848849,417,"*",21.5275784,0,FALSE,"Promoter-proximal peak (non-annotated)",TRUE,TRUE
"chrX",19850511,19850865,355,"*",28.2225361,460,FALSE,"Promoter-proximal peak (non-annotated)",FALSE,TRUE
"chrX",20429767,20430215,449,"*",16.9443207,0,FALSE,"Promoter-proximal peak (non-annotated)",TRUE,FALSE
"chrX",20654750,20655433,684,"*",21.4294033,1688,TRUE,"Distal enhancer (annotated)",FALSE,FALSE
"chrX",20760331,20760804,474,"*",23.3680153,148,FALSE,"Promoter-proximal peak (non-annotated)",FALSE,FALSE
"chrX",21054180,21054521,342,"*",37.8274841,24,FALSE,"Promoter-proximal peak (non-annotated)",FALSE,FALSE
"chrX",21124188,21124567,380,"*",17.0313206,553,FALSE,"Promoter-proximal peak (non-annotated)",TRUE,TRUE
"chrX",21319294,21319700,407,"*",24.5094738,0,FALSE,"Promoter-proximal peak (non-annotated)",FALSE,FALSE
"chrX",21339436,21339779,344,"*",24.1279068,0,FALSE,"Promoter-proximal peak (non-annotated)",FALSE,FALSE
"chrX",21366361,21366709,349,"*",22.3759785,1329,TRUE,"Distal enhancer (annotated)",FALSE,FALSE
"chrX",21593930,21594199,270,"*",20.7550335,10127,TRUE,"Distal enhancer (annotated)",FALSE,TRUE
"chrX",21631560,21631897,338,"*",17.0808983,0,FALSE,"Promoter-proximal peak (non-annotated)",FALSE,FALSE
