"Heterodimer","Activity","Stratum","N_peaks","Tiles_bound","Bound_active","Bound_active_pct","Tiles_unbound","Unbound_active","Unbound_active_pct","OR","CI_lo","CI_hi","p"
"Trh/Tgo","any","all",614,61,36,59,7416,3421,46.1,1.681,0.98,2.929,0.0526
"Trh/Tgo","any","promoter",468,38,16,42.1,7416,3421,46.1,0.849,0.416,1.696,0.745
"Trh/Tgo","any","distal",146,25,21,84,7416,3421,46.1,6.129,2.065,24.585,0.000156
"Sim/Tgo","any","all",355,48,36,75,7429,3421,46,3.514,1.783,7.432,6.17e-05
"Sim/Tgo","any","promoter",243,26,16,61.5,7429,3421,46,1.874,0.799,4.627,0.12
"Sim/Tgo","any","distal",112,24,22,91.7,7429,3421,46,12.882,3.163,113.2,3.83e-06
"Dys/Tgo","any","all",870,94,62,66,7383,3395,46,2.276,1.458,3.613,0.00015
"Dys/Tgo","any","promoter",570,49,27,55.1,7383,3395,46,1.442,0.789,2.661,0.25
"Dys/Tgo","any","distal",300,47,36,76.6,7383,3395,46,3.844,1.911,8.385,2.56e-05
"Sima/Tgo","any","all",296,38,26,68.4,7439,3431,46.1,2.531,1.231,5.514,0.00822
"Sima/Tgo","any","promoter",218,19,12,63.2,7439,3431,46.1,2.002,0.726,6.011,0.168
"Sima/Tgo","any","distal",78,19,14,73.7,7439,3431,46.1,3.27,1.112,11.611,0.02
"Trh/Tgo","late","all",614,61,36,59,7416,3339,45,1.758,1.024,3.062,0.0379
"Trh/Tgo","late","promoter",468,38,16,42.1,7416,3339,45,0.888,0.435,1.773,0.747
"Trh/Tgo","late","distal",146,25,21,84,7416,3339,45,6.409,2.16,25.705,0.000139
"Sim/Tgo","late","all",355,48,36,75,7429,3339,44.9,3.674,1.865,7.771,3.09e-05
"Sim/Tgo","late","promoter",243,26,16,61.5,7429,3339,44.9,1.96,0.835,4.838,0.113
"Sim/Tgo","late","distal",112,24,22,91.7,7429,3339,44.9,13.468,3.307,118.382,2.67e-06
"Dys/Tgo","late","all",870,94,62,66,7383,3313,44.9,2.38,1.525,3.779,5.93e-05
"Dys/Tgo","late","promoter",570,49,27,55.1,7383,3313,44.9,1.508,0.825,2.783,0.194
"Dys/Tgo","late","distal",300,47,36,76.6,7383,3313,44.9,4.02,1.998,8.77,1.24e-05
"Sima/Tgo","late","all",296,38,26,68.4,7439,3349,45,2.646,1.286,5.765,0.0049
"Sima/Tgo","late","promoter",218,19,12,63.2,7439,3349,45,2.093,0.759,6.283,0.164
"Sima/Tgo","late","distal",78,19,14,73.7,7439,3349,45,3.419,1.162,12.138,0.0186
