"pos","consensus","max_prob","IC_uniform","IC_dm6bg","block"
1,"S",0.583,0.643,0.954,"core_1_9"
2,"T",0.861,1.419,1.127,"core_1_9"
3,"R",0.556,1.009,1.01,"core_1_9"
4,"C",1,2,2.366,"core_1_9"
5,"A",1,2,1.708,"core_1_9"
6,"C",1,2,2.366,"core_1_9"
7,"T",0.778,0.947,0.765,"core_1_9"
8,"G",0.806,1.008,1.3,"core_1_9"
9,"A",0.583,0.368,0.277,"core_1_9"
10,"R",0.528,0.407,0.499,"tail_10_15"
11,"A",0.75,0.959,0.832,"tail_10_15"
12,"R",0.528,0.755,0.738,"tail_10_15"
13,"A",1,2,1.708,"tail_10_15"
14,"A",0.944,1.69,1.399,"tail_10_15"
15,"A",0.889,1.407,1.133,"tail_10_15"
