"offset","mean_tail_score","set","n"
-30,-15.8444943696501,"in_joint_peaks",165
-29,-15.5405079515853,"in_joint_peaks",165
-28,-14.494406718262,"in_joint_peaks",165
-27,-15.3418753865933,"in_joint_peaks",165
-26,-15.3374986439511,"in_joint_peaks",165
-25,-16.2900341770099,"in_joint_peaks",165
-24,-15.4216201167715,"in_joint_peaks",165
-23,-15.1336863599711,"in_joint_peaks",165
-22,-15.5693078169254,"in_joint_peaks",165
-21,-14.8531608929355,"in_joint_peaks",165
-20,-15.8122111985279,"in_joint_peaks",165
-19,-15.624528039605,"in_joint_peaks",165
-18,-15.3992081249453,"in_joint_peaks",165
-17,-15.6328401925322,"in_joint_peaks",165
-16,-15.0028246549564,"in_joint_peaks",165
-15,-15.4432143798097,"in_joint_peaks",165
-14,-16.778455996087,"in_joint_peaks",165
-13,-16.7564961483666,"in_joint_peaks",165
-12,-12.9268400405493,"in_joint_peaks",165
-11,-18.7709067015906,"in_joint_peaks",165
-10,-10.5808406825223,"in_joint_peaks",165
-9,-16.2405771276747,"in_joint_peaks",165
-8,-14.6767975412007,"in_joint_peaks",165
-7,-10.9204722596583,"in_joint_peaks",165
-6,-21.0578120877703,"in_joint_peaks",165
-5,-12.0526851548377,"in_joint_peaks",165
-4,-13.6325299675936,"in_joint_peaks",165
-3,-10.2101750188698,"in_joint_peaks",165
-2,-4.93026470810988,"in_joint_peaks",165
-1,-6.98582893407665,"in_joint_peaks",165
0,-2.82881544652009,"in_joint_peaks",165
1,-5.10662619255912,"in_joint_peaks",165
2,-5.39551529341918,"in_joint_peaks",165
3,-9.07611870751287,"in_joint_peaks",165
4,-11.4532580317193,"in_joint_peaks",165
5,-13.2592849474058,"in_joint_peaks",165
6,-14.1923086484202,"in_joint_peaks",165
7,-13.9641199453237,"in_joint_peaks",165
8,-13.8539652016953,"in_joint_peaks",165
9,-13.4556848527766,"in_joint_peaks",165
10,-12.902189771677,"in_joint_peaks",165
11,-12.6949741477661,"in_joint_peaks",165
12,-11.975666612314,"in_joint_peaks",165
13,-12.3510263669043,"in_joint_peaks",165
14,-12.4400941313704,"in_joint_peaks",165
15,-13.4865925288495,"in_joint_peaks",165
16,-14.0546595889739,"in_joint_peaks",165
17,-14.1179305041031,"in_joint_peaks",165
18,-12.7811999231042,"in_joint_peaks",165
19,-12.3132174873732,"in_joint_peaks",165
20,-11.5703386895085,"in_joint_peaks",165
21,-11.7976074807611,"in_joint_peaks",165
22,-12.462853418082,"in_joint_peaks",165
23,-11.8980563135027,"in_joint_peaks",165
24,-12.2458596139266,"in_joint_peaks",165
25,-11.7311440693834,"in_joint_peaks",165
26,-11.988839217076,"in_joint_peaks",165
27,-11.9507213270603,"in_joint_peaks",165
28,-11.2667693814761,"in_joint_peaks",165
29,-11.3919565664496,"in_joint_peaks",165
30,-11.3557418464616,"in_joint_peaks",165
-30,-14.4905860337653,"genome_background",22925
-29,-14.5945480066687,"genome_background",22925
-28,-14.5328227971852,"genome_background",22925
-27,-14.3528758992588,"genome_background",22925
-26,-14.3996377032677,"genome_background",22925
-25,-14.3186284779237,"genome_background",22925
-24,-14.1312164479615,"genome_background",22925
-23,-14.3488368546786,"genome_background",22925
-22,-14.1844135738764,"genome_background",22925
-21,-14.2859849569906,"genome_background",22925
-20,-14.3649429329834,"genome_background",22925
-19,-14.3401967302535,"genome_background",22925
-18,-14.160321881003,"genome_background",22925
-17,-14.4918612271813,"genome_background",22925
-16,-14.2359322030104,"genome_background",22925
-15,-14.1406179905081,"genome_background",22925
-14,-16.2581687672142,"genome_background",22925
-13,-16.5384697289109,"genome_background",22925
-12,-13.2783174698677,"genome_background",22925
-11,-20.6105824779396,"genome_background",22925
-10,-11.9750301338201,"genome_background",22925
-9,-16.2528129783479,"genome_background",22925
-8,-15.1292844136388,"genome_background",22925
-7,-10.8696925587356,"genome_background",22925
-6,-21.0702628115209,"genome_background",22925
-5,-12.3508758939641,"genome_background",22925
-4,-14.362598074835,"genome_background",22925
-3,-11.9054373432513,"genome_background",22925
-2,-8.77179651950508,"genome_background",22925
-1,-11.2114828640723,"genome_background",22925
0,-10.3874305799669,"genome_background",22925
1,-11.4487260603183,"genome_background",22925
2,-11.2255899439678,"genome_background",22925
3,-12.3702110582392,"genome_background",22925
4,-12.81574766205,"genome_background",22925
5,-13.4536603033782,"genome_background",22925
6,-13.7927048764681,"genome_background",22925
7,-13.8182859704229,"genome_background",22925
8,-13.9550141746309,"genome_background",22925
9,-13.9444301989749,"genome_background",22925
10,-13.917203631521,"genome_background",22925
11,-13.795535488746,"genome_background",22925
12,-13.782051458154,"genome_background",22925
13,-13.8207971979541,"genome_background",22925
14,-13.8781598031459,"genome_background",22925
15,-14.075002554696,"genome_background",22925
16,-14.1958799198339,"genome_background",22925
17,-14.1592493298649,"genome_background",22925
18,-14.0788449975438,"genome_background",22925
19,-14.1141284185872,"genome_background",22925
20,-14.046181141577,"genome_background",22925
21,-14.1335683044284,"genome_background",22925
22,-14.1701941066923,"genome_background",22925
23,-14.1784978243916,"genome_background",22925
24,-14.1870358045104,"genome_background",22925
25,-14.2033572794313,"genome_background",22925
26,-14.2060873710474,"genome_background",22925
27,-14.2503751329207,"genome_background",22925
28,-14.3349557366976,"genome_background",22925
29,-14.3583438261334,"genome_background",22925
30,-14.4612837682985,"genome_background",22925
