"Query_ID","Target_ID","Optimal_offset","p.value","E.value","qval","Overlap","Query_consensus","Target_consensus","Orientation"
"Trh_core","Sim_core",0,1.00558e-06,4.02233e-06,4.02233e-06,8,"TGCACTGA","TGCACTGA","+"
"Trh_core","Dys_core",0,2.13161e-06,8.52645e-06,5.6843e-06,8,"TGCACTGA","TGCACTGA","+"
"Trh_core","Sima_core",0,3.03352e-06,1.21341e-05,6.06704e-06,8,"TGCACTGA","TACACTGA","+"
"Sim_core","Trh_core",0,1.29952e-07,5.19809e-07,5.19809e-07,8,"TGCACTGA","TGCACTGA","+"
"Sim_core","Dys_core",0,2.58185e-06,1.03274e-05,5.16371e-06,8,"TGCACTGA","TGCACTGA","+"
"Sim_core","Sima_core",0,2.58185e-06,1.03274e-05,5.16371e-06,8,"TGCACTGA","TACACTGA","+"
"Dys_core","Sim_core",0,3.64453e-07,1.45781e-06,9.71875e-07,8,"TGCACTGA","TGCACTGA","+"
"Dys_core","Sima_core",0,3.64453e-07,1.45781e-06,9.71875e-07,8,"TGCACTGA","TACACTGA","+"
"Dys_core","Trh_core",0,9.4095e-07,3.7638e-06,1.8819e-06,8,"TGCACTGA","TGCACTGA","+"
"Sima_core","Dys_core",0,1.78279e-08,7.13117e-08,7.13117e-08,8,"TACACTGA","TGCACTGA","+"
"Sima_core","Trh_core",0,9.21624e-07,3.6865e-06,2.45767e-06,8,"TACACTGA","TGCACTGA","+"
"Sima_core","Sim_core",0,1.83232e-06,7.32928e-06,3.66464e-06,8,"TACACTGA","TGCACTGA","+"
