"set","peaks","genes","targets","genes_u","targets_u","expected","OR","lo","hi","p_enrich"
"Trh/Tgo",614,448,21,352,17,24.7856115107914,0.662654486075189,0.379317711240651,1.08454682968638,0.966081568002552
"Sim/Tgo",355,240,14,191,14,13.4490107913669,1.04502386013717,0.557062094971424,1.81165867335291,0.478339001464071
"Dys/Tgo",870,556,28,450,23,31.6861510791367,0.702393823151923,0.437568925305203,1.07644778495977,0.962970520846069
"Sima/Tgo",296,206,9,161,9,11.3366007194245,0.779146138111714,0.34819743834791,1.52667987321829,0.808267378672398
"Twi",4111,2141,108,1592,90,112.098561151079,0.763935537308631,0.60224028042186,0.959752442076872,0.992825477311737
"Vvl",854,578,36,464,34,32.6719424460432,1.0458620150901,0.70926458944594,1.49784955322285,0.429668733527263
"Rib",477,338,21,265,20,18.6596223021583,1.07976137103408,0.644214948263335,1.71680862899349,0.406744164538415
"Da",923,653,32,527,25,37.1080035971223,0.646183697217317,0.411334297507573,0.973017800493215,0.989390564526651
"Twi/Tgo",811,576,32,473,26,33.3056654676259,0.759958249538539,0.487582577985748,1.13776423346675,0.92831498302942
"Vvl/Tgo",523,372,23,308,22,21.6874100719424,1.01597138273066,0.622805014462182,1.58034074192869,0.504626566173206
"Rib/Tgo",252,199,10,159,9,11.195773381295,0.78969043450542,0.352797895577586,1.54794097034078,0.796628712713202
"Da/Tgo",441,322,16,254,13,17.885071942446,0.707259265679413,0.36938929756458,1.24027059226922,0.914548364247784
