"set","n","hits","p_vs_ref","adj_or","pct","bg"
"TRH_withTgo",169,70,NA,1,41.4201183431953,"nrdb"
"TWI_withTgo",221,81,0.347065838162852,0.741523863749247,36.6515837104072,"nrdb"
"VVL_withTgo",135,57,0.907251549675812,1.06184987011418,42.2222222222222,"nrdb"
"RIB_withTgo",59,20,0.354789891498814,0.817971516560157,33.8983050847458,"nrdb"
"DA_withTgo",116,37,0.107538334137069,0.841201524325499,31.8965517241379,"nrdb"
"TRH_single",356,131,0.336881678334297,0.879057519764485,36.7977528089888,"nrdb"
"TWI_single",1892,340,1.64830318874934e-11,0.495722947300912,17.9704016913319,"nrdb"
"VVL_single",258,95,0.361263914814362,1.04919214122618,36.8217054263566,"nrdb"
"RIB_single",138,27,4.31551159679993e-05,0.515017784252167,19.5652173913043,"nrdb"
"DA_single",266,73,0.00330017447675539,0.779862313684442,27.4436090225564,"nrdb"
"TRH_noTgo",185,60,0.0976656727229892,0.765045962284693,32.4324324324324,"nrdb"
"TWI_noTgo",1656,253,1.78758224552517e-14,0.431972665884677,15.2777777777778,"nrdb"
"VVL_noTgo",121,36,0.0481102653592965,0.794361384242553,29.7520661157025,"nrdb"
"RIB_noTgo",75,5,1.00471823208404e-08,0.181306240454729,6.66666666666667,"nrdb"
"DA_noTgo",149,32,0.000177071735327613,0.611618769334301,21.4765100671141,"nrdb"
"BG_enhancer_matched",614,50,2.66668391227252e-22,0.160737150978879,8.14332247557003,"nrdb"
"BG_gcmatched",845,99,8.32715969738406e-18,0.175408769709592,11.7159763313609,"nrdb"
"TRH_withTgo",169,70,NA,1,41.4201183431953,"dm6"
"TWI_withTgo",221,80,0.29616205820582,0.725853661548148,36.1990950226244,"dm6"
"VVL_withTgo",135,55,1,0.995275237471891,40.7407407407407,"dm6"
"RIB_withTgo",59,20,0.354789891498814,0.81831530663876,33.8983050847458,"dm6"
"DA_withTgo",116,36,0.0816988036174961,0.80710892903768,31.0344827586207,"dm6"
"TRH_single",356,129,0.289578577183242,0.856814904763826,36.2359550561798,"dm6"
"TWI_single",1892,328,3.58656631610409e-12,0.473657107857926,17.3361522198731,"dm6"
"VVL_single",258,93,0.264982301364403,1.01327016331622,36.046511627907,"dm6"
"RIB_single",138,26,2.30720647179572e-05,0.490790603718563,18.8405797101449,"dm6"
"DA_single",266,71,0.00161736634403827,0.749858481843299,26.6917293233083,"dm6"
"TRH_noTgo",185,58,0.0596372517989884,0.725914393917143,31.3513513513514,"dm6"
"TWI_noTgo",1656,241,1.90151810261559e-15,0.407093606952206,14.5531400966184,"dm6"
"VVL_noTgo",121,36,0.0481102653592965,0.795094009826924,29.7520661157025,"dm6"
"RIB_noTgo",75,4,1.23640783593032e-09,0.142195410182193,5.33333333333333,"dm6"
"DA_noTgo",149,32,0.000177071735327613,0.612522386176503,21.4765100671141,"dm6"
"BG_enhancer_matched",614,46,1.40694932181789e-23,0.146614589845315,7.49185667752443,"dm6"
"BG_gcmatched",845,95,1.55520453829295e-18,0.167120253915645,11.2426035502959,"dm6"
