motif_id	motif_alt_id	sequence_name	start	stop	strand	score	p-value	q-value	matched_sequence
GTRCACTGARARAAA	MEME-2	peak_139	49	63	+	23.2045	7.97e-10	4.73e-05	GTGCACTGAGAGAAA
GTRCACTGARARAAA	MEME-2	peak_596	68	82	+	23.2045	7.97e-10	4.73e-05	GTGCACTGAGAGAAA
GTRCACTGARARAAA	MEME-2	peak_502	93	107	+	23.2045	7.97e-10	4.73e-05	GTGCACTGAGAGAAA
GTRCACTGARARAAA	MEME-2	peak_190	104	118	+	23.2045	7.97e-10	4.73e-05	GTGCACTGAGAGAAA
GTRCACTGARARAAA	MEME-2	peak_252	105	119	+	23.2045	7.97e-10	4.73e-05	GTGCACTGAGAGAAA
GTRCACTGARARAAA	MEME-2	peak_191	200	214	-	23.2045	7.97e-10	4.73e-05	GTGCACTGAGAGAAA
GTRCACTGARARAAA	MEME-2	peak_394	234	248	+	23.2045	7.97e-10	4.73e-05	GTGCACTGAGAGAAA
GTRCACTGARARAAA	MEME-2	peak_426	326	340	-	23.2045	7.97e-10	4.73e-05	GTGCACTGAGAGAAA
GTRCACTGARARAAA	MEME-2	peak_245	79	93	+	23.1591	2.05e-09	8.84e-05	GTACACTGAGAGAAA
GTRCACTGARARAAA	MEME-2	peak_251	166	180	+	23.1591	2.05e-09	8.84e-05	GTACACTGAGAGAAA
GTRCACTGARARAAA	MEME-2	peak_552	270	284	-	23.1591	2.05e-09	8.84e-05	GTACACTGAGAGAAA
GTRCACTGARARAAA	MEME-2	peak_216	206	220	+	22.8182	5.28e-09	0.000183	GTACACTGAGAAAAA
GTRCACTGARARAAA	MEME-2	peak_29	237	251	-	22.8182	5.28e-09	0.000183	GTACACTGAGAAAAA
GTRCACTGARARAAA	MEME-2	peak_503	215	229	-	22.7841	5.79e-09	0.000183	GTGCACTGCGAGAAA
GTRCACTGARARAAA	MEME-2	peak_539	295	309	-	22.7841	5.79e-09	0.000183	GTGCACTGCGAGAAA
GTRCACTGARARAAA	MEME-2	peak_12	83	97	+	22.375	9.94e-09	0.000295	GTACACTGGGAGAAA
GTRCACTGARARAAA	MEME-2	peak_73	119	133	-	22.0341	1.4e-08	0.000392	CTACACTGAGAGAAA
GTRCACTGARARAAA	MEME-2	peak_97	226	240	-	21.8068	1.78e-08	0.000422	GTGCACTGAGCGAAA
GTRCACTGARARAAA	MEME-2	peak_172	264	278	-	21.8068	1.78e-08	0.000422	GTGCACTGAGCGAAA
GTRCACTGARARAAA	MEME-2	peak_576	272	286	-	21.8068	1.78e-08	0.000422	GTGCACTGAGCGAAA
GTRCACTGARARAAA	MEME-2	peak_467	278	292	-	21.6591	2.23e-08	0.000498	CTGCACTGCGAGAAA
GTRCACTGARARAAA	MEME-2	peak_462	59	73	+	21.6136	2.31e-08	0.000498	CTACACTGCGAGAAA
GTRCACTGARARAAA	MEME-2	peak_501	185	199	-	21.5909	2.51e-08	0.000517	GTGCACTGAAAAAAA
GTRCACTGARARAAA	MEME-2	peak_202	34	48	+	21.3864	3.39e-08	0.00067	GTGCACTGCGCGAAA
GTRCACTGARARAAA	MEME-2	peak_568	73	87	+	21.2727	3.7e-08	0.000701	CTACACTGCGAAAAA
GTRCACTGARARAAA	MEME-2	peak_426	167	181	+	21.1023	4.59e-08	0.000838	GTACACTGGAAGAAA
GTRCACTGARARAAA	MEME-2	peak_348	157	171	+	20.8068	5.52e-08	0.000935	GTGCACTGGAAAAAA
GTRCACTGARARAAA	MEME-2	peak_455	233	247	-	20.8068	5.52e-08	0.000935	CTGCACTGAAAGAAA
GTRCACTGARARAAA	MEME-2	peak_527	113	127	+	20.7614	6.03e-08	0.000969	CTACACTGAAAGAAA
GTRCACTGARARAAA	MEME-2	peak_151	306	320	+	20.6818	6.18e-08	0.000969	CTGCACTGAGCGAAA
GTRCACTGARARAAA	MEME-2	peak_29	85	99	+	20.6364	6.34e-08	0.000969	CTACACTGAGCGAAA
GTRCACTGARARAAA	MEME-2	peak_50	79	93	+	20.5341	6.95e-08	0.00103	GAGCACTGAGAGAAA
GTRCACTGARARAAA	MEME-2	peak_144	200	214	-	20.4659	7.4e-08	0.00106	CTGCACTGAAAAAAA
GTRCACTGARARAAA	MEME-2	peak_471	214	228	-	20.3864	8.05e-08	0.00112	CTGCACTGCAAGAAA
GTRCACTGARARAAA	MEME-2	peak_501	40	54	+	20.2614	8.62e-08	0.00117	GTACACGGAAAGAAA
GTRCACTGARARAAA	MEME-2	peak_248	223	237	-	20.2045	9e-08	0.00119	GTACACTGAGGAAAA
GTRCACTGARARAAA	MEME-2	peak_286	446	460	-	20.1477	9.91e-08	0.00121	GTACACTGAACAAAA
GTRCACTGARARAAA	MEME-2	peak_216	329	343	-	20.1364	9.96e-08	0.00121	GTACACGGAGCGAAA
GTRCACTGARARAAA	MEME-2	peak_567	49	63	+	20.0114	1.08e-07	0.00121	GTGCACCGAGAGAAA
GTRCACTGARARAAA	MEME-2	peak_231	220	234	-	20.0114	1.08e-07	0.00121	GTGCACCGAGAGAAA
GTRCACTGARARAAA	MEME-2	peak_525	375	389	-	19.9886	1.1e-07	0.00121	CTACACGGCGAGAAA
GTRCACTGARARAAA	MEME-2	peak_430	57	71	+	19.9773	1.13e-07	0.00121	ATGCACTGAGAGAAA
GTRCACTGARARAAA	MEME-2	peak_6	62	76	+	19.9773	1.13e-07	0.00121	ATGCACTGAGAGAAA
GTRCACTGARARAAA	MEME-2	peak_307	76	90	+	19.9773	1.13e-07	0.00121	ATGCACTGAGAGAAA
GTRCACTGARARAAA	MEME-2	peak_96	220	234	-	19.9205	1.19e-07	0.00126	GTACACGGAAAAAAA
GTRCACTGARARAAA	MEME-2	peak_467	117	131	+	19.875	1.24e-07	0.00126	GCGCACTGAGAGAAA
GTRCACTGARARAAA	MEME-2	peak_76	280	294	-	19.8523	1.29e-07	0.00126	GTACACTGATAAAAA
GTRCACTGARARAAA	MEME-2	peak_171	338	352	-	19.8409	1.32e-07	0.00126	GTACACGGCAAGAAA
GTRCACTGARARAAA	MEME-2	peak_613	67	81	+	19.8295	1.33e-07	0.00126	GCACACTGAGAGAAA
GTRCACTGARARAAA	MEME-2	peak_175	98	112	+	19.8295	1.33e-07	0.00126	GCACACTGAGAGAAA
GTRCACTGARARAAA	MEME-2	peak_546	38	52	+	19.75	1.44e-07	0.00134	GTGCACTCAGAGAAA
GTRCACTGARARAAA	MEME-2	peak_306	162	176	+	19.5909	1.65e-07	0.00146	ATACACTGAGAAAAA
GTRCACTGARARAAA	MEME-2	peak_553	193	207	-	19.5568	1.68e-07	0.00146	ATGCACTGCGAGAAA
GTRCACTGARARAAA	MEME-2	peak_580	240	254	+	19.5568	1.68e-07	0.00146	ATGCACTGCGAGAAA
GTRCACTGARARAAA	MEME-2	peak_213	219	233	+	19.5455	1.7e-07	0.00146	GTACACCGCGAGAAA
GTRCACTGARARAAA	MEME-2	peak_98	100	114	+	19.4886	1.81e-07	0.00151	GCACACTGAGAAAAA
GTRCACTGARARAAA	MEME-2	peak_120	142	156	+	19.4886	1.81e-07	0.00151	GCACACTGAGAAAAA
GTRCACTGARARAAA	MEME-2	peak_521	311	325	-	19.4205	1.95e-07	0.00156	GTACACTGGGGAAAA
GTRCACTGARARAAA	MEME-2	peak_57	375	389	-	19.4205	1.95e-07	0.00156	CTACACTGAGGGAAA
GTRCACTGARARAAA	MEME-2	peak_517	78	92	+	19.4091	2.01e-07	0.00156	GCACACTGCGAGAAA
GTRCACTGARARAAA	MEME-2	peak_313	364	378	-	19.4091	2.01e-07	0.00156	CAGCACTGAGAGAAA
GTRCACTGARARAAA	MEME-2	peak_588	586	600	-	19.3636	2.1e-07	0.00161	GTGCACAGAGAGAAA
GTRCACTGARARAAA	MEME-2	peak_255	211	225	-	19.3182	2.17e-07	0.00161	GTACACAGAGAGAAA
GTRCACTGARARAAA	MEME-2	peak_204	238	252	-	19.3182	2.17e-07	0.00161	GTACACAGAGAGAAA
GTRCACTGARARAAA	MEME-2	peak_509	188	202	-	19.1364	2.42e-07	0.00176	CTACACGGAAAGAAA
GTRCACTGARARAAA	MEME-2	peak_552	87	101	+	19.0341	2.62e-07	0.00187	GTACACTGCGAAAAT
GTRCACTGARARAAA	MEME-2	peak_127	213	227	+	19.0227	2.68e-07	0.00187	CAACACTGAGAAAAA
GTRCACTGARARAAA	MEME-2	peak_613	228	242	-	19.0227	2.68e-07	0.00187	CAACACTGAGAAAAA
GTRCACTGARARAAA	MEME-2	peak_2	277	291	-	18.9205	2.93e-07	0.00201	GAGCACTGAAAAAAA
GTRCACTGARARAAA	MEME-2	peak_356	75	89	+	18.8864	2.96e-07	0.00201	CTGCACCGAGAGAAA
GTRCACTGARARAAA	MEME-2	peak_419	51	65	+	18.8409	3.08e-07	0.00205	GAGCACTGCAAGAAA
GTRCACTGARARAAA	MEME-2	peak_166	637	651	+	18.7045	3.35e-07	0.00216	CCACACTGAGAGAAA
GTRCACTGARARAAA	MEME-2	peak_449	112	126	+	18.6932	3.38e-07	0.00216	GTACACCGAAAGAAA
GTRCACTGARARAAA	MEME-2	peak_430	217	231	-	18.6932	3.38e-07	0.00216	CTGCACTGCTAGAAA
GTRCACTGARARAAA	MEME-2	peak_500	238	252	-	18.6591	3.48e-07	0.00219	CTACACTGCGGAAAA
GTRCACTGARARAAA	MEME-2	peak_387	166	180	+	18.625	3.6e-07	0.00219	GTGCACTCGGAAAAA
GTRCACTGARARAAA	MEME-2	peak_405	249	263	+	18.625	3.6e-07	0.00219	GTACACTGAGAAATA
GTRCACTGARARAAA	MEME-2	peak_50	245	259	-	18.625	3.6e-07	0.00219	CTGCACTCAGAGAAA
GTRCACTGARARAAA	MEME-2	peak_86	16	30	+	18.5227	3.97e-07	0.00238	CTACACTGTAAGAAA
GTRCACTGARARAAA	MEME-2	peak_202	229	243	-	18.4773	4.1e-07	0.00243	GTGCACTCAAAGAAA
GTRCACTGARARAAA	MEME-2	peak_450	172	186	-	18.4318	4.24e-07	0.00245	GCACACTGAGCGAAA
GTRCACTGARARAAA	MEME-2	peak_175	241	255	-	18.4318	4.24e-07	0.00245	GCACACTGAGCGAAA
GTRCACTGARARAAA	MEME-2	peak_149	235	249	-	18.375	4.36e-07	0.00249	CTACACGGCAAAAAA
GTRCACTGARARAAA	MEME-2	peak_56	244	258	-	18.3523	4.47e-07	0.00252	ATGCACGGAGAGAAA
GTRCACTGARARAAA	MEME-2	peak_97	79	93	+	18.3295	4.51e-07	0.00252	CTACACTGAGAAAAT
GTRCACTGARARAAA	MEME-2	peak_171	168	182	+	18.3068	4.63e-07	0.00252	ATACACGGAGAGAAA
GTRCACTGARARAAA	MEME-2	peak_164	173	187	+	18.3068	4.63e-07	0.00252	CTACACTGCTAAAAA
GTRCACTGARARAAA	MEME-2	peak_144	66	80	+	18.2841	4.72e-07	0.00254	CAGCACTGGGAAAAA
GTRCACTGARARAAA	MEME-2	peak_312	443	457	-	18.25	4.83e-07	0.00257	GAACACTGTGAGAAA
GTRCACTGARARAAA	MEME-2	peak_567	284	298	-	18.2273	5.02e-07	0.00261	GTACACCGAGCAAAA
GTRCACTGARARAAA	MEME-2	peak_41	362	376	-	18.2273	5.02e-07	0.00261	GTGCACTGAAAAAAT
GTRCACTGARARAAA	MEME-2	peak_8	37	51	+	18.1932	5.18e-07	0.00267	CTACACAGAGAGAAA
GTRCACTGARARAAA	MEME-2	peak_263	153	167	+	18.1364	5.47e-07	0.00279	GTACACTTAGAAAAA
GTRCACTGARARAAA	MEME-2	peak_392	199	213	-	18.0795	5.7e-07	0.00287	GTGCACTGCTCAAAA
GTRCACTGARARAAA	MEME-2	peak_5	52	66	+	18.0568	5.77e-07	0.00288	CTACACTGTGCAAAA
GTRCACTGARARAAA	MEME-2	peak_103	196	210	+	18.0341	5.83e-07	0.00288	GTACACTGCCCGAAA
GTRCACTGARARAAA	MEME-2	peak_517	249	263	-	17.9886	5.97e-07	0.00292	CTGCACTGGCAGAAA
GTRCACTGARARAAA	MEME-2	peak_192	228	242	+	17.9659	6.06e-07	0.00293	GTACACTGTGGAAAA
GTRCACTGARARAAA	MEME-2	peak_96	53	67	+	17.9432	6.18e-07	0.00296	ATGCACTGCAAAAAA
GTRCACTGARARAAA	MEME-2	peak_19	218	232	-	17.8864	6.45e-07	0.00306	ATACACGGCGAGAAA
GTRCACTGARARAAA	MEME-2	peak_324	282	296	+	17.8636	6.53e-07	0.00307	GTACACTGGGAAAAG
GTRCACTGARARAAA	MEME-2	peak_143	38	52	+	17.8295	6.69e-07	0.00311	CTACACGGTGAAAAA
GTRCACTGARARAAA	MEME-2	peak_345	271	285	-	17.7955	6.85e-07	0.00315	CAGCACTGAAAAAAA
GTRCACTGARARAAA	MEME-2	peak_85	23	37	+	17.7614	6.99e-07	0.00319	GTACACTGCAAAAAT
GTRCACTGARARAAA	MEME-2	peak_520	283	297	-	17.7386	7.16e-07	0.00323	GTACACGCAGAAAAA
GTRCACTGARARAAA	MEME-2	peak_56	48	62	+	17.7045	7.34e-07	0.00328	GTACACAGAAAAAAA
GTRCACTGARARAAA	MEME-2	peak_118	288	302	-	17.6136	7.78e-07	0.00345	GTACACTGTCAGAAA
GTRCACTGARARAAA	MEME-2	peak_164	320	334	-	17.5682	7.99e-07	0.00351	ATGCACGGGGAGAAA
GTRCACTGARARAAA	MEME-2	peak_205	72	86	+	17.4432	8.55e-07	0.00368	CTACACTGCGAGAAG
GTRCACTGARARAAA	MEME-2	peak_419	203	217	-	17.4432	8.55e-07	0.00368	GTGCACTGGAAAAAT
GTRCACTGARARAAA	MEME-2	peak_58	307	321	+	17.3068	9.48e-07	0.00405	CTACACTCAAAGAAA
GTRCACTGARARAAA	MEME-2	peak_249	208	222	-	17.2614	9.76e-07	0.0041	AAACACTGAGAGAAA
GTRCACTGARARAAA	MEME-2	peak_604	223	237	-	17.2614	9.76e-07	0.0041	GTACACAGGAAGAAA
GTRCACTGARARAAA	MEME-2	peak_441	323	337	-	17.2273	9.99e-07	0.00416	CTACACCGAAAAAAA
GTRCACTGARARAAA	MEME-2	peak_518	54	68	+	17.1023	1.07e-06	0.0044	CTGCACTGAAAAAAT
GTRCACTGARARAAA	MEME-2	peak_263	375	389	-	17.0909	1.08e-06	0.0044	CCACACTGAAAAAAA
GTRCACTGARARAAA	MEME-2	peak_84	234	248	-	17.0114	1.13e-06	0.0046	CAGCACTGGAAAAAA
GTRCACTGARARAAA	MEME-2	peak_118	32	46	+	16.9659	1.17e-06	0.00467	CTGCACAGAAAGAAA
GTRCACTGARARAAA	MEME-2	peak_385	236	250	-	16.9659	1.17e-06	0.00467	GTGCACAGGAAAAAA
GTRCACTGARARAAA	MEME-2	peak_149	73	87	+	16.9205	1.21e-06	0.00475	CTACACAGAAAGAAA
GTRCACTGARARAAA	MEME-2	peak_151	443	457	-	16.9205	1.21e-06	0.00475	CTACACAGAAAGAAA
GTRCACTGARARAAA	MEME-2	peak_573	294	308	-	16.9091	1.22e-06	0.00475	CTACACTGCTCAAAA
GTRCACTGARARAAA	MEME-2	peak_192	394	408	-	16.6932	1.4e-06	0.00539	GTACACTGTAGAAAA
GTRCACTGARARAAA	MEME-2	peak_304	258	272	-	16.625	1.45e-06	0.00551	CTGCACAGAAAAAAA
GTRCACTGARARAAA	MEME-2	peak_408	326	340	-	16.625	1.45e-06	0.00551	CTGCACAGAAAAAAA
GTRCACTGARARAAA	MEME-2	peak_305	123	137	+	16.5682	1.52e-06	0.00571	CTACACTGCCCAAAA
GTRCACTGARARAAA	MEME-2	peak_522	183	197	-	16.5114	1.57e-06	0.00586	GTACACGTAGAAAAA
GTRCACTGARARAAA	MEME-2	peak_334	238	252	-	16.4886	1.6e-06	0.00591	CTACACTGTTAAAAA
GTRCACTGARARAAA	MEME-2	peak_178	284	298	+	16.4659	1.62e-06	0.00595	ATGCACTGTAAGAAA
GTRCACTGARARAAA	MEME-2	peak_160	112	126	+	16.4205	1.67e-06	0.00608	GTACACGGCGATAAA
GTRCACTGARARAAA	MEME-2	peak_603	177	191	+	16.3295	1.76e-06	0.0063	GTACACGGTTAGAAA
GTRCACTGARARAAA	MEME-2	peak_577	265	279	-	16.3295	1.76e-06	0.0063	ATGCACTGACAAAAA
GTRCACTGARARAAA	MEME-2	peak_186	223	237	-	16.2614	1.84e-06	0.00656	GAACACTGAAGAAAA
GTRCACTGARARAAA	MEME-2	peak_561	511	525	+	16.2273	1.88e-06	0.00666	GTACACTAAAAGAAA
GTRCACTGARARAAA	MEME-2	peak_465	235	249	-	16.1818	1.93e-06	0.00669	GCACACTGACAAAAA
GTRCACTGARARAAA	MEME-2	peak_103	357	371	-	16.1818	1.93e-06	0.00669	ATGCACTCAGAAAAA
GTRCACTGARARAAA	MEME-2	peak_297	259	273	-	16.1705	1.94e-06	0.00669	CAGCACGGAAAAAAA
GTRCACTGARARAAA	MEME-2	peak_596	224	238	-	16.1591	1.95e-06	0.00669	GTGCACTGGCGAAAA
GTRCACTGARARAAA	MEME-2	peak_297	98	112	+	16.1364	1.98e-06	0.0067	ATGCACAGAGAGAAA
GTRCACTGARARAAA	MEME-2	peak_462	219	233	-	16.1364	1.98e-06	0.0067	ATGCACAGAGAGAAA
GTRCACTGARARAAA	MEME-2	peak_598	293	307	-	16.125	1.99e-06	0.0067	GTGCACTTGAAAAAA
GTRCACTGARARAAA	MEME-2	peak_48	59	73	+	16.0682	2.07e-06	0.00691	CTACACTGAAATAAA
GTRCACTGARARAAA	MEME-2	peak_412	336	350	-	15.9318	2.25e-06	0.00747	GTGCACTAAAAAAAA
GTRCACTGARARAAA	MEME-2	peak_280	415	429	-	15.8068	2.41e-06	0.00782	CCACACGGAAAGAAA
GTRCACTGARARAAA	MEME-2	peak_166	811	825	-	15.8068	2.41e-06	0.00782	CCACACGGAAAGAAA
GTRCACTGARARAAA	MEME-2	peak_404	166	180	+	15.7955	2.42e-06	0.00782	ATGCACAGAGAAAAA
GTRCACTGARARAAA	MEME-2	peak_88	455	469	+	15.7841	2.44e-06	0.00782	ATGCAGTGAGAGAAA
GTRCACTGARARAAA	MEME-2	peak_23	459	473	-	15.7841	2.44e-06	0.00782	CTGCACTTAAAAAAA
GTRCACTGARARAAA	MEME-2	peak_249	50	64	+	15.7386	2.5e-06	0.00796	GCACACTGGCAGAAA
GTRCACTGARARAAA	MEME-2	peak_522	48	62	+	15.7159	2.53e-06	0.00801	ATGCACAGCGAGAAA
GTRCACTGARARAAA	MEME-2	peak_334	87	101	+	15.7045	2.56e-06	0.00803	GTACACTGGGAGAAC
GTRCACTGARARAAA	MEME-2	peak_404	334	348	-	15.6591	2.63e-06	0.00821	CTACACTGAACAAAT
GTRCACTGARARAAA	MEME-2	peak_2	135	149	+	15.6136	2.71e-06	0.00841	CAGCACTCAGAAAAA
GTRCACTGARARAAA	MEME-2	peak_278	249	263	-	15.5682	2.79e-06	0.00858	GTGCACACAGAAAAA
GTRCACTGARARAAA	MEME-2	peak_84	72	86	+	15.375	3.07e-06	0.0094	ATGCACAGCGAAAAA
GTRCACTGARARAAA	MEME-2	peak_487	183	197	-	15.3295	3.16e-06	0.00959	CTACACTGGTGAAAA
GTRCACTGARARAAA	MEME-2	peak_248	58	72	+	15.25	3.32e-06	0.01	ATGCACTCAAAGAAA
GTRCACTGARARAAA	MEME-2	peak_561	675	689	-	15.2386	3.35e-06	0.0101	GTACACCCAAAGAAA
GTRCACTGARARAAA	MEME-2	peak_609	256	270	-	15.1932	3.45e-06	0.0103	CAACACTGAGAGAAG
GTRCACTGARARAAA	MEME-2	peak_217	254	268	-	15.1705	3.5e-06	0.0104	GTACACTTACAGAAA
GTRCACTGARARAAA	MEME-2	peak_275	66	80	+	15.1364	3.57e-06	0.0104	GTCCACAGAGAAAAA
GTRCACTGARARAAA	MEME-2	peak_28	149	163	+	15.1364	3.57e-06	0.0104	GTGCACAGAAGAAAA
GTRCACTGARARAAA	MEME-2	peak_294	261	275	-	15.1023	3.64e-06	0.0106	CTACACTAAAAGAAA
GTRCACTGARARAAA	MEME-2	peak_539	142	156	+	15.0341	3.75e-06	0.0109	ACGCACTGAAAAAAA
GTRCACTGARARAAA	MEME-2	peak_360	287	301	-	14.9545	3.92e-06	0.0113	ATGCACTTAGAAAAA
GTRCACTGARARAAA	MEME-2	peak_525	125	139	+	14.8864	4.07e-06	0.0116	GTACACAGGCAAAAA
GTRCACTGARARAAA	MEME-2	peak_468	245	259	-	14.8636	4.15e-06	0.0118	ATGCACAGAAAGAAA
GTRCACTGARARAAA	MEME-2	peak_92	217	231	-	14.8523	4.17e-06	0.0118	GCACAGTGGGAGAAA
GTRCACTGARARAAA	MEME-2	peak_250	731	745	-	14.7727	4.37e-06	0.0123	ATGCACTGTTAGAAA
GTRCACTGARARAAA	MEME-2	peak_509	56	70	+	14.7614	4.4e-06	0.0123	CTACACTAAAAAAAA
GTRCACTGARARAAA	MEME-2	peak_57	19	33	+	14.7273	4.5e-06	0.0125	GTACACTCAAAAAAT
GTRCACTGARARAAA	MEME-2	peak_197	88	102	+	14.6818	4.6e-06	0.0127	CTACACAGTAAGAAA
GTRCACTGARARAAA	MEME-2	peak_569	295	309	-	14.5114	4.99e-06	0.0137	ATACACGCAGAAAAA
GTRCACTGARARAAA	MEME-2	peak_217	101	115	+	14.4886	5.05e-06	0.0138	CTACACTCGCAGAAA
GTRCACTGARARAAA	MEME-2	peak_441	85	99	+	14.4773	5.08e-06	0.0138	GTACACTGGGAAATT
GTRCACTGARARAAA	MEME-2	peak_280	443	457	-	14.4091	5.27e-06	0.0142	CCACACGGAACGAAA
GTRCACTGARARAAA	MEME-2	peak_270	283	297	-	14.3977	5.3e-06	0.0142	CTACACACAGAAAAA
GTRCACTGARARAAA	MEME-2	peak_500	76	90	+	14.3636	5.41e-06	0.0144	GCACACTTGGAGAAA
GTRCACTGARARAAA	MEME-2	peak_573	133	147	+	14.1932	5.89e-06	0.0156	CTACACTGACAAATA
GTRCACTGARARAAA	MEME-2	peak_471	43	57	+	14.1705	5.95e-06	0.0156	ATGCACTGAAAAATA
GTRCACTGARARAAA	MEME-2	peak_251	306	320	-	14.1705	5.95e-06	0.0156	ATGCACTTGGAAAAA
GTRCACTGARARAAA	MEME-2	peak_548	63	77	+	14.1023	6.16e-06	0.016	CTACACAGGCAGAAA
GTRCACTGARARAAA	MEME-2	peak_604	96	110	+	14.0795	6.23e-06	0.016	ATACACTCGAAAAAA
GTRCACTGARARAAA	MEME-2	peak_21	497	511	-	14.0795	6.23e-06	0.016	GTGCAGTGCGAAAAG
GTRCACTGARARAAA	MEME-2	peak_348	324	338	-	14.0455	6.35e-06	0.0163	GTGCAGAGGGAAAAA
GTRCACTGARARAAA	MEME-2	peak_305	282	296	-	14.0341	6.39e-06	0.0163	ATACACAGGAAGAAA
GTRCACTGARARAAA	MEME-2	peak_286	192	206	+	13.9545	6.67e-06	0.0169	ATACACTCGGCAAAA
GTRCACTGARARAAA	MEME-2	peak_313	213	227	+	13.8864	6.91e-06	0.0174	GCACACTGTGAAAAT
GTRCACTGARARAAA	MEME-2	peak_558	259	273	-	13.7955	7.23e-06	0.0181	GCGCACTTAGCGAAA
GTRCACTGARARAAA	MEME-2	peak_83	224	238	-	13.6364	7.79e-06	0.0195	ATACACTTAAAAAAA
GTRCACTGARARAAA	MEME-2	peak_580	375	389	-	13.6136	7.88e-06	0.0196	CTACACTTGGGAAAA
GTRCACTGARARAAA	MEME-2	peak_296	388	402	+	13.5909	7.98e-06	0.0197	ATGCACTGCAATAAA
GTRCACTGARARAAA	MEME-2	peak_206	228	242	-	13.5568	8.12e-06	0.0198	CTACACAGAAAGAAT
GTRCACTGARARAAA	MEME-2	peak_486	506	520	+	13.5568	8.12e-06	0.0198	CTACACTTGACAAAA
GTRCACTGARARAAA	MEME-2	peak_206	58	72	+	13.4659	8.53e-06	0.0207	CTACACACAAAGAAA
GTRCACTGARARAAA	MEME-2	peak_518	234	248	-	13.4545	8.57e-06	0.0207	GTACACAGCAAGAAG
GTRCACTGARARAAA	MEME-2	peak_568	253	267	-	13.4318	8.65e-06	0.0208	CTACACAGAGCGAAT
GTRCACTGARARAAA	MEME-2	peak_501	194	208	+	13.375	8.91e-06	0.0213	GTGCACTAAGAGAAG
GTRCACTGARARAAA	MEME-2	peak_394	225	239	-	13.3636	8.95e-06	0.0213	GTGCACAAAGAAAAA
GTRCACTGARARAAA	MEME-2	peak_396	156	170	+	13.2386	9.46e-06	0.0224	GCACAGTGGAAAAAA
GTRCACTGARARAAA	MEME-2	peak_369	148	162	-	13.1023	1.01e-05	0.0237	CTGCAGTGCTCGAAA
GTRCACTGARARAAA	MEME-2	peak_473	272	286	-	13.1023	1.01e-05	0.0237	ATGCACTGTAAGAAT
GTRCACTGARARAAA	MEME-2	peak_291	242	256	+	13.0909	1.02e-05	0.0237	AAGCACTCCGAAAAA
GTRCACTGARARAAA	MEME-2	peak_178	442	456	-	13.0682	1.03e-05	0.0239	CAACACTTAAAAAAA
GTRCACTGARARAAA	MEME-2	peak_85	237	251	-	13.0341	1.05e-05	0.0241	ATGCACTGTTCAAAA
GTRCACTGARARAAA	MEME-2	peak_112	332	346	-	13.0341	1.05e-05	0.0241	GTCCACCGCACGAAA
GTRCACTGARARAAA	MEME-2	peak_172	102	116	+	12.7955	1.16e-05	0.0267	GAACACTACAAAAAA
GTRCACTGARARAAA	MEME-2	peak_577	24	38	+	12.7841	1.17e-05	0.0267	ATGCACTCGGGAAAA
GTRCACTGARARAAA	MEME-2	peak_444	74	88	+	12.7614	1.18e-05	0.0267	ATGCACTGTAAAAAT
GTRCACTGARARAAA	MEME-2	peak_285	513	527	-	12.7614	1.18e-05	0.0267	GTACAGCGAACAAAA
GTRCACTGARARAAA	MEME-2	peak_139	215	229	-	12.75	1.19e-05	0.0267	GGGCACTGCGAGAAA
GTRCACTGARARAAA	MEME-2	peak_270	131	145	+	12.7273	1.2e-05	0.0269	CTACACAGAAAGATA
GTRCACTGARARAAA	MEME-2	peak_450	30	44	+	12.6818	1.23e-05	0.0272	CTACACACGAAGAAA
GTRCACTGARARAAA	MEME-2	peak_205	218	232	-	12.6818	1.23e-05	0.0272	CTCCACTCGAAGAAA
GTRCACTGARARAAA	MEME-2	peak_86	258	272	-	12.6136	1.27e-05	0.0281	GTGCACTGAGAAACA
GTRCACTGARARAAA	MEME-2	peak_543	66	80	+	12.4659	1.36e-05	0.0297	GTACACGGGAAAAAC
GTRCACTGARARAAA	MEME-2	peak_548	197	211	-	12.4659	1.36e-05	0.0297	TTACACTGCGAGAAA
GTRCACTGARARAAA	MEME-2	peak_382	716	730	-	12.4545	1.37e-05	0.0297	CTGCACAGAAAAAAG
GTRCACTGARARAAA	MEME-2	peak_164	132	146	+	12.4091	1.39e-05	0.0302	ACGCACTCGGAGAAA
GTRCACTGARARAAA	MEME-2	peak_515	25	39	+	12.3864	1.41e-05	0.0304	ATGCACGGAAATAAA
GTRCACTGARARAAA	MEME-2	peak_296	46	60	-	12.3295	1.45e-05	0.0309	CACCACCGAGAGAAA
GTRCACTGARARAAA	MEME-2	peak_230	176	190	+	12.3295	1.45e-05	0.0309	GTTCACTGAAAGAAA
GTRCACTGARARAAA	MEME-2	peak_220	448	462	+	12.2386	1.51e-05	0.0321	ATACACAGTAAAAAA
GTRCACTGARARAAA	MEME-2	peak_28	308	322	-	12.1477	1.57e-05	0.0333	TTGCACTGGGAGAAA
GTRCACTGARARAAA	MEME-2	peak_522	50	64	+	12.1023	1.61e-05	0.0337	GCACAGCGAGAAAAA
GTRCACTGARARAAA	MEME-2	peak_408	95	109	+	12.1023	1.61e-05	0.0337	TTACACTGGGAGAAA
GTRCACTGARARAAA	MEME-2	peak_245	256	270	-	12.0568	1.64e-05	0.0341	CTACACTTGGAAAAG
GTRCACTGARARAAA	MEME-2	peak_402	283	297	-	12.0568	1.64e-05	0.0341	CCACACGTAGAAAAA
GTRCACTGARARAAA	MEME-2	peak_242	96	110	+	12.0455	1.64e-05	0.0341	CGGCACTGAGAGAAA
GTRCACTGARARAAA	MEME-2	peak_95	263	277	-	12.0227	1.66e-05	0.0342	CCACACTGCCGAAAA
GTRCACTGARARAAA	MEME-2	peak_112	203	217	-	11.9545	1.71e-05	0.0351	CTGCACTTAAAGAAG
GTRCACTGARARAAA	MEME-2	peak_522	241	255	+	11.8409	1.8e-05	0.0367	ACACACTGAGCGAAT
GTRCACTGARARAAA	MEME-2	peak_321	401	415	-	11.8409	1.8e-05	0.0367	GCACACTTACAGAAA
GTRCACTGARARAAA	MEME-2	peak_12	238	252	-	11.75	1.88e-05	0.0381	CTACACAAGGAGAAA
GTRCACTGARARAAA	MEME-2	peak_503	67	81	+	11.7273	1.9e-05	0.0383	GGACACTGAGCGAAA
GTRCACTGARARAAA	MEME-2	peak_255	75	89	+	11.6932	1.93e-05	0.0387	GTACACTGCAACAAA
GTRCACTGARARAAA	MEME-2	peak_19	95	109	+	11.6591	1.95e-05	0.0391	TTGCACTGAAAGAAA
GTRCACTGARARAAA	MEME-2	peak_321	112	126	+	11.6364	1.97e-05	0.0393	ATACACCGAGCAAAT
GTRCACTGARARAAA	MEME-2	peak_271	81	95	+	11.5909	2.01e-05	0.0399	CTACACTACTCGAAA
GTRCACTGARARAAA	MEME-2	peak_505	311	325	-	11.5341	2.06e-05	0.0407	TTGCACTGAGCGAAA
GTRCACTGARARAAA	MEME-2	peak_30	270	284	-	11.4432	2.14e-05	0.0419	CTACACCAAGCAAAA
GTRCACTGARARAAA	MEME-2	peak_228	310	324	+	11.4432	2.14e-05	0.0419	CAGCACTGGACAAAG
GTRCACTGARARAAA	MEME-2	peak_455	69	83	+	11.4205	2.17e-05	0.0421	CTGCGCTGAGAAAAA
GTRCACTGARARAAA	MEME-2	peak_197	225	239	-	11.4205	2.17e-05	0.0421	CTGCACTGAGAACAA
GTRCACTGARARAAA	MEME-2	peak_285	606	620	+	11.3295	2.25e-05	0.0435	GTACACCCCGCGAAT
GTRCACTGARARAAA	MEME-2	peak_609	61	75	+	11.2727	2.3e-05	0.0439	GTGCACTGAAAACAA
GTRCACTGARARAAA	MEME-2	peak_131	93	107	+	11.2727	2.3e-05	0.0439	TTACACTGAAAAAAA
GTRCACTGARARAAA	MEME-2	peak_131	251	265	-	11.2727	2.3e-05	0.0439	TTACACTGAAAAAAA
GTRCACTGARARAAA	MEME-2	peak_382	500	514	+	11.2727	2.3e-05	0.0439	GTACACAGTAAAATA
GTRCACTGARARAAA	MEME-2	peak_204	111	125	+	11.2614	2.32e-05	0.0439	TTACACGGAGAGAAA
GTRCACTGARARAAA	MEME-2	peak_102	99	113	+	11.2273	2.34e-05	0.0443	GTACACTGAAAAGAA
GTRCACTGARARAAA	MEME-2	peak_592	115	129	+	11.1932	2.38e-05	0.0445	GTACACCTGTAAAAA
GTRCACTGARARAAA	MEME-2	peak_385	68	82	+	11.1818	2.39e-05	0.0445	CTACACAGACAAAAT
GTRCACTGARARAAA	MEME-2	peak_141	185	199	+	11.1818	2.39e-05	0.0445	GTGCATTGGGAAAAA
GTRCACTGARARAAA	MEME-2	peak_41	501	515	+	11.1591	2.41e-05	0.0448	GCGCACGGCCAGAAT
GTRCACTGARARAAA	MEME-2	peak_608	20	34	+	11.1023	2.47e-05	0.0457	GAGCAGAGAGCGAAA
GTRCACTGARARAAA	MEME-2	peak_465	56	70	+	11.0341	2.54e-05	0.0469	CTGCACTGAAACAAA
GTRCACTGARARAAA	MEME-2	peak_260	366	380	+	10.9886	2.59e-05	0.0476	CTACACTGAAACAAA
GTRCACTGARARAAA	MEME-2	peak_545	266	280	-	10.9773	2.6e-05	0.0477	ATACACTGAGCGATT
GTRCACTGARARAAA	MEME-2	peak_36	283	297	-	10.9659	2.62e-05	0.0477	AAACACTTAAAAAAA
GTRCACTGARARAAA	MEME-2	peak_102	276	290	-	10.8977	2.69e-05	0.0489	ATACACACAGCAAAA
GTRCACTGARARAAA	MEME-2	peak_20	219	233	-	10.875	2.72e-05	0.0492	GTGCACTAACAGAAT
GTRCACTGARARAAA	MEME-2	peak_434	99	113	+	10.8636	2.73e-05	0.0492	GTGCAGTGTGCAAAG
GTRCACTGARARAAA	MEME-2	peak_527	273	287	-	10.8523	2.74e-05	0.0492	GTGCACTGCAAACAA
GTRCACTGARARAAA	MEME-2	peak_515	220	234	-	10.8409	2.75e-05	0.0493	GTGCACCATAAGAAA
GTRCACTGARARAAA	MEME-2	peak_396	306	320	-	10.7727	2.83e-05	0.0504	CGGCACTGAAAGAAA
GTRCACTGARARAAA	MEME-2	peak_605	230	244	+	10.7386	2.87e-05	0.0507	GAGCAGTGTGAGAAT
GTRCACTGARARAAA	MEME-2	peak_51	270	284	-	10.7386	2.87e-05	0.0507	GTACACAGAAGTAAA
GTRCACTGARARAAA	MEME-2	peak_153	864	878	-	10.5568	3.09e-05	0.0545	GCACACCACGAGAAA
GTRCACTGARARAAA	MEME-2	peak_168	386	400	-	10.5455	3.11e-05	0.0546	GCACACGGATATAAA
GTRCACTGARARAAA	MEME-2	peak_414	72	86	+	10.4318	3.25e-05	0.0567	CGGCACTGAAAAAAA
GTRCACTGARARAAA	MEME-2	peak_312	151	165	+	10.4318	3.25e-05	0.0567	ATACACAAAGAGAAA
GTRCACTGARARAAA	MEME-2	peak_191	56	70	+	10.3636	3.34e-05	0.058	CTGCACTGAGCGCAA
GTRCACTGARARAAA	MEME-2	peak_252	332	346	-	10.3068	3.41e-05	0.059	CGACACTGCAAGAAA
GTRCACTGARARAAA	MEME-2	peak_105	331	345	-	10.2841	3.44e-05	0.0593	GCACACTCAGCTAAA
GTRCACTGARARAAA	MEME-2	peak_459	602	616	+	10.2273	3.52e-05	0.0604	CTGCAGGCTGAAAAA
GTRCACTGARARAAA	MEME-2	peak_356	232	246	-	10.2159	3.54e-05	0.0605	TAACACTGAGAGAAA
GTRCACTGARARAAA	MEME-2	peak_333	542	556	-	10.2045	3.55e-05	0.0606	GTGCACGCCTAAATA
GTRCACTGARARAAA	MEME-2	peak_493	54	68	+	10.1591	3.62e-05	0.0615	GCACAGTGGGATAAA
GTRCACTGARARAAA	MEME-2	peak_409	187	201	-	10.1477	3.64e-05	0.0616	CAGCAGTCAAAAAAA
GTRCACTGARARAAA	MEME-2	peak_280	243	257	+	10.1023	3.7e-05	0.0625	CTACACTGAAAAGAA
GTRCACTGARARAAA	MEME-2	peak_142	46	60	+	10.0341	3.8e-05	0.0636	GCACACCGTTCGAAA
GTRCACTGARARAAA	MEME-2	peak_445	239	253	+	10.0341	3.8e-05	0.0636	CAGCACTTAGATAAA
GTRCACTGARARAAA	MEME-2	peak_161	55	69	+	10.0227	3.82e-05	0.0637	CAACAGTGGTCGAAA
GTRCACTGARARAAA	MEME-2	peak_116	43	57	+	10	3.85e-05	0.0638	GAGCAGTGCTGAAAA
GTRCACTGARARAAA	MEME-2	peak_58	624	638	-	10	3.85e-05	0.0638	ATACACCTGAAGAAA
GTRCACTGARARAAA	MEME-2	peak_135	381	395	+	9.95455	3.91e-05	0.0642	CCACACTTCCAAAAA
GTRCACTGARARAAA	MEME-2	peak_521	161	175	+	9.94318	3.93e-05	0.0642	AGGCACTGAGAGAAA
GTRCACTGARARAAA	MEME-2	peak_103	222	236	-	9.94318	3.93e-05	0.0642	ATGCACGCCGAAATA
GTRCACTGARARAAA	MEME-2	peak_387	303	317	-	9.94318	3.93e-05	0.0642	AGGCACTGAGAGAAA
GTRCACTGARARAAA	MEME-2	peak_292	195	209	-	9.89773	4e-05	0.0652	AGACACTGAGAGAAA
GTRCACTGARARAAA	MEME-2	peak_294	293	307	+	9.875	4.03e-05	0.0655	AAACAGCGAGAGAAA
GTRCACTGARARAAA	MEME-2	peak_44	24	38	-	9.85227	4.07e-05	0.0658	CAACACTATAAAAAA
GTRCACTGARARAAA	MEME-2	peak_604	257	271	-	9.79545	4.16e-05	0.0668	CCACACACAAAAAAA
GTRCACTGARARAAA	MEME-2	peak_242	275	289	-	9.79545	4.16e-05	0.0668	ATCCACTTAAAAAAA
GTRCACTGARARAAA	MEME-2	peak_235	54	68	+	9.70455	4.3e-05	0.0687	CAACACTGGTCAAAG
GTRCACTGARARAAA	MEME-2	peak_573	151	165	+	9.70455	4.3e-05	0.0687	GTGCACATAAAAAAT
GTRCACTGARARAAA	MEME-2	peak_359	346	360	+	9.625	4.44e-05	0.0707	CTACACCTAGAAATA
GTRCACTGARARAAA	MEME-2	peak_278	82	96	+	9.60227	4.48e-05	0.0711	AGGCACTGAGAAAAA
GTRCACTGARARAAA	MEME-2	peak_98	44	58	-	9.57955	4.52e-05	0.0712	CTGCACTGGGCGCAA
GTRCACTGARARAAA	MEME-2	peak_197	259	273	-	9.57955	4.52e-05	0.0712	CTACACCCAAAAATA
GTRCACTGARARAAA	MEME-2	peak_412	145	159	+	9.51136	4.64e-05	0.0728	GCACACTGAGAGCAA
GTRCACTGARARAAA	MEME-2	peak_52	185	199	+	9.47727	4.69e-05	0.0733	TTGCACTCAGAGAAA
GTRCACTGARARAAA	MEME-2	peak_204	316	330	+	9.46591	4.71e-05	0.0733	GTGCAGTAAAGGAAA
GTRCACTGARARAAA	MEME-2	peak_92	28	42	+	9.45455	4.73e-05	0.0733	CTGCAGAGCGAGAAG
GTRCACTGARARAAA	MEME-2	peak_30	101	115	+	9.45455	4.73e-05	0.0733	TTACACTGCACAAAA
GTRCACTGARARAAA	MEME-2	peak_92	252	266	+	9.43182	4.77e-05	0.0737	GTGCACTCAGAGCAA
GTRCACTGARARAAA	MEME-2	peak_23	200	214	+	9.39773	4.83e-05	0.0744	TTGCACCGAGAAAAA
GTRCACTGARARAAA	MEME-2	peak_254	267	281	+	9.27273	5.07e-05	0.0778	CAACACTAGCAAAAA
GTRCACTGARARAAA	MEME-2	peak_374	220	234	+	9.22727	5.16e-05	0.0789	GCCCACTCATAAAAA
GTRCACTGARARAAA	MEME-2	peak_224	205	219	+	9.20455	5.21e-05	0.0791	ATACACTGAACTAAT
GTRCACTGARARAAA	MEME-2	peak_6	225	239	-	9.20455	5.21e-05	0.0791	GTGCAGAGAAATAAA
GTRCACTGARARAAA	MEME-2	peak_614	60	74	+	9.19318	5.23e-05	0.0792	GTACACTGACAATAA
GTRCACTGARARAAA	MEME-2	peak_384	329	343	+	9.15909	5.3e-05	0.08	CTCCACAGTGGAAAA
GTRCACTGARARAAA	MEME-2	peak_419	212	226	+	9.13636	5.34e-05	0.0804	GTGCACTGGTAGTAA
GTRCACTGARARAAA	MEME-2	peak_240	46	60	+	9.11364	5.38e-05	0.0807	AGACACTGGGAGAAA
GTRCACTGARARAAA	MEME-2	peak_151	25	39	+	9.04545	5.52e-05	0.0823	AAACAGGGGAAAAAA
GTRCACTGARARAAA	MEME-2	peak_143	193	207	-	9.04545	5.52e-05	0.0823	GAACACTGGGAACAA
GTRCACTGARARAAA	MEME-2	peak_607	98	112	-	8.94318	5.72e-05	0.0851	CTGCACAGCTCAAAG
GTRCACTGARARAAA	MEME-2	peak_558	115	129	+	8.90909	5.8e-05	0.0859	TTACACCGGGAGAAA
GTRCACTGARARAAA	MEME-2	peak_230	338	352	-	8.79545	6.06e-05	0.0895	TTACACTGGCAGAAA
GTRCACTGARARAAA	MEME-2	peak_464	242	256	-	8.76136	6.13e-05	0.0899	GCACAGTGGGCTAAA
GTRCACTGARARAAA	MEME-2	peak_58	543	557	-	8.76136	6.13e-05	0.0899	GAGCACTTCTAAAAT
GTRCACTGARARAAA	MEME-2	peak_402	109	123	+	8.70455	6.26e-05	0.0916	TTACACAGAGAAAAA
GTRCACTGARARAAA	MEME-2	peak_275	308	322	-	8.65909	6.36e-05	0.0928	GTACACAGAGAATAA
GTRCACTGARARAAA	MEME-2	peak_502	238	252	-	8.63636	6.41e-05	0.0932	GGGCACTGAGAAATA
GTRCACTGARARAAA	MEME-2	peak_5	196	210	-	8.53409	6.64e-05	0.0963	GTTCACTCAAAAAAA
GTRCACTGARARAAA	MEME-2	peak_395	79	93	+	8.46591	6.81e-05	0.0981	CTGCACAGAGACAAA
GTRCACTGARARAAA	MEME-2	peak_46	553	567	+	8.46591	6.81e-05	0.0981	ATACACTAAAAAATA
GTRCACTGARARAAA	MEME-2	peak_72	194	208	-	8.45455	6.84e-05	0.0983	GCACACCAGGCAAAA
GTRCACTGARARAAA	MEME-2	peak_414	240	254	-	8.44318	6.87e-05	0.0984	TTGCACTGGGAAAAT
GTRCACTGARARAAA	MEME-2	peak_361	206	220	-	8.42045	6.93e-05	0.0986	CACCACTGGGGAAAT
GTRCACTGARARAAA	MEME-2	peak_486	815	829	-	8.42045	6.93e-05	0.0986	TTACACCGAAAGAAA
GTRCACTGARARAAA	MEME-2	peak_59	104	118	+	8.40909	6.96e-05	0.0988	GTACACTGGCAAGAA
GTRCACTGARARAAA	MEME-2	peak_334	78	92	-	8.38636	7.02e-05	0.0993	GTGTACAGAGAGAAA
GTRCACTGARARAAA	MEME-2	peak_297	65	79	+	8.35227	7.11e-05	0.1	GCACAGCGGCAGAAA
GTRCACTGARARAAA	MEME-2	peak_320	415	429	-	8.35227	7.11e-05	0.1	CTGCACTAATCAAAT
GTRCACTGARARAAA	MEME-2	peak_396	154	168	+	8.27273	7.31e-05	0.102	AAGCACAGTGGAAAA
GTRCACTGARARAAA	MEME-2	peak_186	351	365	-	8.26136	7.33e-05	0.102	GTACACGGTACGATG
GTRCACTGARARAAA	MEME-2	peak_127	420	434	-	8.26136	7.33e-05	0.102	ATGCACTGAGCGTAA
GTRCACTGARARAAA	MEME-2	peak_31	301	315	-	8.25	7.36e-05	0.102	CAACACTGTCCGAAG
GTRCACTGARARAAA	MEME-2	peak_395	303	317	-	8.25	7.36e-05	0.102	TTGCACTTAGAGAAA
GTRCACTGARARAAA	MEME-2	peak_472	140	154	+	8.20455	7.48e-05	0.103	CTACACTGTAAGGAA
GTRCACTGARARAAA	MEME-2	peak_387	192	206	+	8.14773	7.63e-05	0.105	ATGCAGTTAGGAAAA
GTRCACTGARARAAA	MEME-2	peak_297	100	114	+	8.09091	7.78e-05	0.107	GCACAGAGAGAAAAT
GTRCACTGARARAAA	MEME-2	peak_462	217	231	-	8.09091	7.78e-05	0.107	GCACAGAGAGAAAAT
GTRCACTGARARAAA	MEME-2	peak_48	232	246	-	8.07955	7.81e-05	0.107	GTGCACCGAAAACAA
GTRCACTGARARAAA	MEME-2	peak_508	48	62	+	8.06818	7.84e-05	0.107	ATACACTGAAAAAGA
GTRCACTGARARAAA	MEME-2	peak_237	418	432	+	8.01136	8.01e-05	0.109	CAACAGTGGACAAAT
GTRCACTGARARAAA	MEME-2	peak_513	263	277	+	7.97727	8.1e-05	0.11	CCGCACAAAAAGAAA
GTRCACTGARARAAA	MEME-2	peak_606	272	286	-	7.96591	8.14e-05	0.11	GTCCACCCATCAAAA
GTRCACTGARARAAA	MEME-2	peak_333	96	110	-	7.94318	8.21e-05	0.111	ATCCACTGTGCAAAG
GTRCACTGARARAAA	MEME-2	peak_566	89	103	+	7.90909	8.31e-05	0.112	GCACAGTGCGGTAAA
GTRCACTGARARAAA	MEME-2	peak_613	51	65	-	7.88636	8.37e-05	0.112	CCACACTCAACTAAA
GTRCACTGARARAAA	MEME-2	peak_545	102	116	+	7.86364	8.44e-05	0.113	TCACACTGCAAGAAA
GTRCACTGARARAAA	MEME-2	peak_173	150	164	-	7.80682	8.6e-05	0.115	CAGCACGGATAAAAC
GTRCACTGARARAAA	MEME-2	peak_54	369	383	+	7.79545	8.64e-05	0.115	CTACACCTGTGGAAA
GTRCACTGARARAAA	MEME-2	peak_314	78	92	-	7.78409	8.67e-05	0.115	GAGCACAGTGAGAAC
GTRCACTGARARAAA	MEME-2	peak_98	98	112	+	7.77273	8.7e-05	0.115	AAGCACACTGAGAAA
GTRCACTGARARAAA	MEME-2	peak_347	22	36	-	7.76136	8.73e-05	0.115	ATACACATACAAAAA
GTRCACTGARARAAA	MEME-2	peak_505	147	161	+	7.76136	8.73e-05	0.115	CTACACCGCGAATAA
GTRCACTGARARAAA	MEME-2	peak_597	133	147	+	7.72727	8.84e-05	0.115	GTGCACCGCAAAAGA
GTRCACTGARARAAA	MEME-2	peak_525	325	339	+	7.72727	8.84e-05	0.115	GTGCAGTCTGCGATA
GTRCACTGARARAAA	MEME-2	peak_474	253	267	-	7.67045	9.02e-05	0.117	CAGCACAATGAGAAA
GTRCACTGARARAAA	MEME-2	peak_350	157	171	+	7.65909	9.05e-05	0.117	CTCCAGTGCTGAAAA
GTRCACTGARARAAA	MEME-2	peak_493	52	66	+	7.64773	9.09e-05	0.117	GAGCACAGTGGGATA
GTRCACTGARARAAA	MEME-2	peak_546	205	219	-	7.64773	9.09e-05	0.117	ATACACTGCAAAAGA
GTRCACTGARARAAA	MEME-2	peak_313	57	71	+	7.625	9.16e-05	0.118	GTGCAGGGAGCGATG
GTRCACTGARARAAA	MEME-2	peak_336	154	168	-	7.60227	9.24e-05	0.118	ATACACTAATAAAAT
GTRCACTGARARAAA	MEME-2	peak_52	380	394	+	7.60227	9.24e-05	0.118	CTACACAGAGAAAGA
GTRCACTGARARAAA	MEME-2	peak_240	258	272	-	7.59091	9.28e-05	0.118	ATGCACTGAGGCAAA
GTRCACTGARARAAA	MEME-2	peak_323	271	285	-	7.59091	9.28e-05	0.118	GCACAGTGTAAAATA
GTRCACTGARARAAA	MEME-2	peak_525	406	420	+	7.54545	9.42e-05	0.12	GCACACTCCCCAAAT
GTRCACTGARARAAA	MEME-2	peak_34	313	327	+	7.52273	9.5e-05	0.12	CTGCACTGCTCCAAA
GTRCACTGARARAAA	MEME-2	peak_118	338	352	-	7.51136	9.53e-05	0.121	GCGCACGCTCCAAAA
GTRCACTGARARAAA	MEME-2	peak_16	11	25	+	7.5	9.57e-05	0.121	TTGCACCGTGAGAAA
GTRCACTGARARAAA	MEME-2	peak_399	84	98	+	7.47727	9.64e-05	0.121	GAACACGTGCGGAAA
GTRCACTGARARAAA	MEME-2	peak_197	313	327	-	7.46591	9.68e-05	0.121	AAACACTGTGAGATT
GTRCACTGARARAAA	MEME-2	peak_120	336	350	-	7.45455	9.72e-05	0.122	CTACATGGGAAGAAA
GTRCACTGARARAAA	MEME-2	peak_244	4	18	-	7.42045	9.83e-05	0.122	CAGCACTAATAGAAT
GTRCACTGARARAAA	MEME-2	peak_614	263	277	-	7.42045	9.83e-05	0.122	ATACACAAAACAAAA
GTRCACTGARARAAA	MEME-2	peak_508	207	221	-	7.40909	9.87e-05	0.122	TTACACGGTAAAAAA
GTRCACTGARARAAA	MEME-2	peak_534	72	86	-	7.39773	9.9e-05	0.122	CAGCACTCATCGATA
GTRCACTGARARAAA	MEME-2	peak_77	431	445	-	7.39773	9.9e-05	0.122	CAGCAGTGTTGGAAA

# FIMO (Find Individual Motif Occurrences): Version 5.5.5 compiled on Mar 10 2026 at 06:53:45
# The format of this file is described at https://meme-suite.org/meme/doc/fimo-output-format.html#tsv_results.
# fimo --verbosity 1 --oc data/chapter3/memechip_Trh_Tgo_masked/fimo_out_2 --bgfile data/chapter3/memechip_Trh_Tgo_masked/background --motif GTRCACTGARARAAA data/chapter3/memechip_Trh_Tgo_masked/meme_out/meme.xml data/chapter3/memechip_Trh_Tgo_masked/Trh_Tgo_joint_peaks_filt_repeatmasked.fa
